customer_id,email,full_name,status,created_at
1,joaquinmedina27@example.net,Joaquín Medina,A,2023-03-02 01:30:29
2,brendacarrizo1969@example.org,Brenda Carrizo,A,2023-03-02 20:30:53
3,tomas_luna2002@example.com,Tomás Luna,A,2023-03-04 22:24:50
4,mfernandez@example.org,María Fernández,A,2023-03-05 11:28:44
5,grojas14@example.com,Gabriel Rojas,A,2023-03-14 20:08:39
6,matiasmunoz1999@example.com,Matías Muñoz,A,2023-03-16 04:16:29
7,vega.daniela@example.org,Daniela Vega,A,2023-03-16 09:34:54
8,paulaponce@example.com,Paula Ponce,A,2023-03-18 12:31:23
9,rocio.pereyra1998@example.net,Rocío Pereyra,A,2023-03-20 16:17:33
10,alejandro.ponce@example.net,Alejandro Ponce,A,2023-03-20 18:21:37
11,juarez.gonzalo22@example.org,Gonzalo Juárez,A,2023-03-20 19:39:53
12,moreno.lucas@example.net,Lucas Moreno,A,2023-03-22 04:57:41
13,valentinacabrera@example.org,Valentina Cabrera,A,2023-03-22 06:26:46
14,juarez.milagros@example.com,Milagros Juárez,A,2023-03-23 19:02:14
15,tmunoz1975@example.net,Tomás Muñoz,I,2023-03-23 19:54:05
16,acosta.lucia9@example.org,Lucía Acosta,A,2023-03-25 23:50:22
17,castillo.matias@example.net,Matías Castillo,A,2023-03-26 01:27:02
18,ignacioferreyra19@example.com,Ignacio Ferreyra,A,2023-03-26 02:29:36
19,joaquin_ferreyra82@example.org,Joaquín Ferreyra,A,2023-03-27 10:49:57
20,mateovega36@example.org,Mateo Vega,A,2023-03-27 18:14:37
21,joaquinmartinez@example.org,Joaquín Martínez,A,2023-03-28 16:34:22
22,benjamin_medina@example.org,Benjamín Medina,A,2023-03-28 18:49:13
23,martin.lopez1983@example.net,Martín López,I,2023-03-30 23:15:38
24,jjuarez29@example.com,Juan Juárez,A,2023-04-04 05:11:18
25,agustina_molina1966@example.net,Agustina Molina,A,2023-04-06 15:25:27
26,clopez31@example.net,Catalina López,A,2023-04-06 20:55:23
27,ezequiel_morales@example.com,Ezequiel Morales,A,2023-04-08 21:52:23
28,nunez.daniela2000@example.com,Daniela Núñez,A,2023-04-09 17:05:53
29,mateo_pereyra@example.org,Mateo Pereyra,A,2023-04-10 13:14:00
30,nicolasmedina@example.org,Nicolás Medina,A,2023-04-11 02:02:52
31,fgimenez70@example.net,Franco Giménez,A,2023-04-11 08:27:34
32,ana_silva1967@example.org,Ana Silva,A,2023-04-13 19:11:30
33,ramiroacosta13@example.net,Ramiro Acosta,A,2023-04-14 04:05:33
34,victoriajuarez55@example.net,Victoria Juárez,I,2023-04-14 22:44:45
35,natalia_dominguez@example.com,Natalia Domínguez,I,2023-04-15 04:07:40
36,tledesma@example.com,Tomás Ledesma,A,2023-04-15 07:56:19
37,tojeda@example.com,Tomás Ojeda,A,2023-04-15 22:57:25
38,torres.milagros1990@example.net,Milagros Torres,A,2023-04-16 00:31:36
39,mherrera1988@example.org,María Herrera,A,2023-04-17 12:01:06
40,perez.federico77@example.com,Federico Pérez,A,2023-04-18 08:17:37
41,facosta1984@example.net,Franco Acosta,A,2023-04-18 11:24:40
42,milagrosmartinez71@example.com,Milagros Martínez,I,2023-04-18 13:47:18
43,brenda.munoz@example.com,Brenda Muñoz,A,2023-04-18 16:44:22
44,mateo.morales38@example.net,Mateo Morales,A,2023-04-18 20:26:21
45,danielaperalta10@example.com,Daniela Peralta,A,2023-04-19 01:13:43
46,luna.catalina2001@example.com,Catalina Luna,A,2023-04-20 18:58:37
47,fbenitez82@example.net,Facundo Benítez,A,2023-04-21 05:00:46
48,valentinagomez5@example.com,Valentina Gómez,A,2023-04-22 12:24:13
49,rmolina1969@example.net,Romina Molina,A,2023-04-24 09:24:50
50,rocio_luna29@example.net,Rocío Luna,A,2023-04-24 13:33:49
51,aguirre.belen@example.com,Belén Aguirre,A,2023-04-25 20:23:36
52,nunez.belen@example.net,Belén Núñez,A,2023-04-26 01:37:48
53,ezequielferreyra1989@example.com,Ezequiel Ferreyra,A,2023-04-27 09:43:57
54,lalvarez19@example.org,Leandro Álvarez,A,2023-04-27 12:40:25
55,pablomorales35@example.org,Pablo Morales,I,2023-04-29 02:35:33
56,acastro@example.net,Alejandro Castro,A,2023-04-30 19:34:59
57,catalina.pereyra@example.com,Catalina Pereyra,A,2023-04-30 19:46:26
58,silvinamoreno@example.net,Silvina Moreno,A,2023-05-03 02:02:11
59,luna.franco1984@example.org,Franco Luna,A,2023-05-03 19:45:18
60,benjamin_castro18@example.net,Benjamín Castro,A,2023-05-04 03:37:46
61,danielacastillo1970@example.net,Daniela Castillo,A,2023-05-04 14:56:05
62,agustina.sosa46@example.com,Agustina Sosa,A,2023-05-05 04:09:03
63,silvinacabrera91@example.com,Silvina Cabrera,A,2023-05-06 19:12:13
64,ignacio_molina92@example.com,Ignacio Molina,I,2023-05-07 08:36:20
65,belenperez1981@example.net,Belén Pérez,A,2023-05-07 22:20:53
66,ojeda.camila@example.net,Camila Ojeda,A,2023-05-08 01:22:48
67,morales.romina4@example.com,Romina Morales,A,2023-05-08 13:50:19
68,aguirre.rocio@example.net,Rocío Aguirre,A,2023-05-09 23:45:20
69,ignacioperalta@example.net,Ignacio Peralta,A,2023-05-10 04:37:51
70,tquiroga2@example.org,Tomás Quiroga,A,2023-05-10 18:23:45
71,alejandro_peralta1967@example.org,Alejandro Peralta,I,2023-05-11 12:02:49
72,aquiroga@example.com,Ana Quiroga,I,2023-05-11 20:00:33
73,torres.carolina@example.net,Carolina Torres,A,2023-05-12 18:44:56
74,scastillo1981@example.com,Santiago Castillo,A,2023-05-13 09:45:42
75,joaquin.castillo@example.net,Joaquín Castillo,I,2023-05-13 10:09:15
76,nicolas_torres1993@example.com,Nicolás Torres,A,2023-05-14 05:13:37
77,nicolas.romero49@example.com,Nicolás Romero,A,2023-05-15 22:25:48
78,fnunez@example.com,Federico Núñez,A,2023-05-16 03:47:11
79,nsanchez1974@example.net,Natalia Sánchez,A,2023-05-16 04:15:24
80,mmoreno@example.net,Martina Moreno,A,2023-05-16 05:05:11
81,agustinamartinez1972@example.net,Agustina Martínez,A,2023-05-17 02:38:53
82,lgomez@example.net,Luciana Gómez,A,2023-05-17 03:46:22
83,emiliano.martinez94@example.com,Emiliano Martínez,A,2023-05-17 10:44:29
84,gabrielortiz88@example.com,Gabriel Ortiz,I,2023-05-19 08:39:45
85,danielagimenez1981@example.org,Daniela Giménez,I,2023-05-20 06:36:29
86,lucianacastillo@example.com,Luciana Castillo,A,2023-05-21 21:21:59
87,catalina.torres57@example.com,Catalina Torres,A,2023-05-22 19:52:19
88,hquiroga2@example.com,Hernán Quiroga,I,2023-05-25 06:21:38
89,rruiz@example.org,Rocío Ruiz,A,2023-05-25 11:32:02
90,alejandro_molina@example.com,Alejandro Molina,A,2023-05-25 19:14:44
91,paula_ferreyra@example.org,Paula Ferreyra,A,2023-05-27 22:23:57
92,diego.gutierrez76@example.org,Diego Gutiérrez,A,2023-05-28 15:03:35
93,godoy.franco2006@example.net,Franco Godoy,A,2023-05-28 22:31:51
94,martin_herrera88@example.org,Martín Herrera,A,2023-05-31 07:39:47
95,natalia_garcia1972@example.net,Natalia García,I,2023-06-01 14:13:30
96,leandro.ramirez@example.org,Leandro Ramírez,A,2023-06-01 15:31:44
97,gabriel.peralta@example.com,Gabriel Peralta,A,2023-06-02 13:55:05
98,esanchez93@example.net,Ezequiel Sánchez,A,2023-06-03 09:55:32
99,vega.nicolas@example.org,Nicolás Vega,I,2023-06-04 08:02:03
100,valentina_alvarez85@example.net,Valentina Álvarez,A,2023-06-04 21:56:54
101,rojas.florencia1992@example.org,Florencia Rojas,A,2023-06-05 23:06:51
102,silvina.flores2000@example.com,Silvina Flores,A,2023-06-06 04:54:20
103,scarrizo1970@example.com,Silvina Carrizo,A,2023-06-07 13:20:42
104,facundo.moreno@example.com,Facundo Moreno,A,2023-06-07 22:30:01
105,alejandro.sosa1989@example.org,Alejandro Sosa,A,2023-06-08 01:31:38
106,ana.martinez1989@example.org,Ana Martínez,A,2023-06-08 10:37:29
107,benjamingutierrez@example.net,Benjamín Gutiérrez,A,2023-06-09 01:43:49
108,leandro.diaz@example.com,Leandro Díaz,A,2023-06-09 04:06:03
109,catalina_acosta95@example.org,Catalina Acosta,A,2023-06-09 11:32:59
110,msuarez@example.com,Mateo Suárez,A,2023-06-09 12:32:29
111,mmunoz30@example.org,Martín Muñoz,A,2023-06-10 18:54:25
112,catalina_ramirez1978@example.com,Catalina Ramírez,A,2023-06-11 15:51:56
113,paula.ojeda2002@example.org,Paula Ojeda,A,2023-06-11 19:20:21
114,lucas.ortiz20@example.org,Lucas Ortiz,A,2023-06-12 12:56:10
115,gonzalo.romero68@example.net,Gonzalo Romero,A,2023-06-13 05:02:54
116,brendaortiz1979@example.org,Brenda Ortiz,A,2023-06-13 08:34:28
117,ignaciosuarez89@example.net,Ignacio Suárez,A,2023-06-14 02:44:49
118,acosta.ignacio57@example.com,Ignacio Acosta,A,2023-06-14 12:05:16
119,alvarez.milagros@example.net,Milagros Álvarez,I,2023-06-16 06:06:45
120,gonzalo.flores@example.com,Gonzalo Flores,A,2023-06-16 16:48:15
121,msuarez1975@example.com,Matías Suárez,A,2023-06-17 11:05:11
122,jtorres48@example.com,Julieta Torres,A,2023-06-17 16:31:49
123,fflores67@example.com,Facundo Flores,A,2023-06-18 09:50:12
124,morales.matias89@example.com,Matías Morales,A,2023-06-18 13:30:59
125,sebastian_gomez@example.com,Sebastián Gómez,A,2023-06-18 19:37:25
126,medina.ignacio40@example.net,Ignacio Medina,A,2023-06-19 18:50:14
127,mruiz@example.com,Matías Ruiz,A,2023-06-20 20:54:54
128,benjamin.gimenez@example.com,Benjamín Giménez,A,2023-06-20 20:55:09
129,mrodriguez1988@example.com,Micaela Rodríguez,A,2023-06-21 00:33:25
130,pcastillo1995@example.net,Pablo Castillo,I,2023-06-21 21:15:44
131,diego_suarez54@example.net,Diego Suárez,A,2023-06-22 17:12:18
132,godoy.micaela3@example.org,Micaela Godoy,A,2023-06-23 19:00:27
133,fmorales@example.net,Florencia Morales,A,2023-06-25 04:03:29
134,joaquin.munoz@example.net,Joaquín Muñoz,A,2023-06-26 09:52:38
135,martinez.hernan55@example.com,Hernán Martínez,I,2023-06-27 05:35:35
136,belengimenez1969@example.com,Belén Giménez,A,2023-06-27 12:10:06
137,agustina_quiroga91@example.com,Agustina Quiroga,A,2023-06-29 01:46:27
138,slopez@example.com,Santiago López,A,2023-06-29 11:19:29
139,federico_medina2006@example.com,Federico Medina,A,2023-06-29 21:05:42
140,torres.natalia@example.org,Natalia Torres,A,2023-06-30 00:55:54
141,catalina_ponce61@example.com,Catalina Ponce,A,2023-07-01 16:49:47
142,nmolina84@example.com,Natalia Molina,A,2023-07-01 18:31:01
143,santiagoluna1990@example.org,Santiago Luna,A,2023-07-01 19:08:12
144,peralta.emiliano@example.net,Emiliano Peralta,A,2023-07-01 21:10:58
145,ana.gonzalez@example.net,Ana González,A,2023-07-01 22:04:40
146,belen_nunez1987@example.net,Belén Núñez,A,2023-07-04 06:41:26
147,acosta.ramiro1999@example.net,Ramiro Acosta,A,2023-07-04 12:22:31
148,nataliaortiz96@example.com,Natalia Ortiz,A,2023-07-04 19:10:39
149,castro.gabriel7@example.org,Gabriel Castro,A,2023-07-04 20:55:29
150,lucas_fernandez61@example.com,Lucas Fernández,A,2023-07-05 02:57:06
151,gonzalo_martinez@example.net,Gonzalo Martínez,I,2023-07-06 04:31:18
152,cruiz1986@example.net,Carolina Ruiz,A,2023-07-06 18:21:53
153,martina_ledesma1982@example.net,Martina Ledesma,A,2023-07-07 21:37:14
154,castro.franco@example.org,Franco Castro,A,2023-07-08 01:05:24
155,jjuarez13@example.org,Juan Juárez,A,2023-07-08 01:55:42
156,pablo.ruiz18@example.com,Pablo Ruiz,A,2023-07-08 02:45:30
157,emiliano_godoy50@example.net,Emiliano Godoy,A,2023-07-08 10:23:13
158,fflores71@example.net,Florencia Flores,A,2023-07-08 10:41:18
159,santiago_acosta1980@example.com,Santiago Acosta,A,2023-07-08 11:51:53
160,micaelamunoz2005@example.net,Micaela Muñoz,A,2023-07-08 13:15:15
161,agustina.munoz50@example.com,Agustina Muñoz,A,2023-07-09 09:10:55
162,florenciaferreyra82@example.net,Florencia Ferreyra,A,2023-07-09 09:58:13
163,vquiroga@example.net,Victoria Quiroga,A,2023-07-10 04:58:19
164,vega.ana@example.net,Ana Vega,I,2023-07-10 10:42:16
165,gonzaloluna1974@example.org,Gonzalo Luna,A,2023-07-10 22:26:59
166,sebastiansanchez23@example.org,Sebastián Sánchez,A,2023-07-11 10:54:05
167,facundoacosta80@example.org,Facundo Acosta,A,2023-07-12 07:28:52
168,martinez.alejandro20@example.com,Alejandro Martínez,I,2023-07-12 21:10:15
169,srodriguez59@example.org,Santiago Rodríguez,A,2023-07-13 15:42:41
170,martina_diaz1997@example.net,Martina Díaz,A,2023-07-14 02:36:44
171,diego.rios51@example.org,Diego Ríos,A,2023-07-14 09:40:00
172,medina.carolina@example.org,Carolina Medina,A,2023-07-15 10:05:02
173,hernan_castro24@example.net,Hernán Castro,A,2023-07-16 12:52:28
174,martin.quiroga62@example.net,Martín Quiroga,A,2023-07-16 23:19:03
175,micaelasanchez@example.net,Micaela Sánchez,A,2023-07-17 08:01:55
176,danielaramirez11@example.org,Daniela Ramírez,I,2023-07-18 00:56:06
177,lucasmedina@example.org,Lucas Medina,A,2023-07-18 12:55:07
178,drios1983@example.com,Daniela Ríos,A,2023-07-19 09:39:02
179,joaquin_dominguez1965@example.net,Joaquín Domínguez,A,2023-07-19 20:28:14
180,mruiz@example.org,Micaela Ruiz,A,2023-07-19 21:54:48
181,alvarez.pablo@example.net,Pablo Álvarez,A,2023-07-20 14:48:06
182,juan.suarez82@example.com,Juan Suárez,A,2023-07-20 20:53:34
183,tlopez1991@example.com,Tomás López,A,2023-07-21 00:11:21
184,anacabrera1996@example.net,Ana Cabrera,A,2023-07-21 04:59:27
185,vsilva90@example.com,Valentina Silva,A,2023-07-22 07:06:13
186,lmedina@example.org,Leandro Medina,A,2023-07-22 11:12:55
187,rominaramirez@example.net,Romina Ramírez,I,2023-07-22 12:04:34
188,ana_juarez2004@example.net,Ana Juárez,A,2023-07-22 12:18:12
189,paula_rodriguez@example.com,Paula Rodríguez,A,2023-07-22 17:39:30
190,benitez.diego@example.net,Diego Benítez,A,2023-07-23 04:40:03
191,martina.cabrera1978@example.com,Martina Cabrera,A,2023-07-23 09:30:48
192,camila_rojas37@example.net,Camila Rojas,A,2023-07-23 10:06:31
193,mgimenez97@example.com,María Giménez,A,2023-07-23 17:23:36
194,sgutierrez@example.org,Sofía Gutiérrez,A,2023-07-24 01:35:37
195,julieta_diaz67@example.com,Julieta Díaz,A,2023-07-24 12:25:52
196,tomasmartinez@example.org,Tomás Martínez,A,2023-07-25 06:31:19
197,emiliano_gonzalez73@example.org,Emiliano González,A,2023-07-25 22:22:18
198,mariamedina4@example.org,María Medina,A,2023-07-26 17:52:14
199,smartinez98@example.net,Sofía Martínez,A,2023-07-29 04:18:32
200,paulaperez@example.org,Paula Pérez,A,2023-07-29 18:37:31
201,micaelasuarez1999@example.net,Micaela Suárez,A,2023-07-30 14:38:50
202,quiroga.romina2006@example.org,Romina Quiroga,A,2023-07-30 20:40:13
203,ana_nunez1985@example.com,Ana Núñez,A,2023-07-31 00:15:40
204,julietamoreno80@example.org,Julieta Moreno,A,2023-07-31 07:35:00
205,acastillo78@example.com,Antonella Castillo,I,2023-07-31 09:57:49
206,diego_lopez1966@example.org,Diego López,A,2023-07-31 19:38:56
207,brenda.fernandez@example.net,Brenda Fernández,A,2023-08-01 22:41:02
208,nicolas.molina@example.com,Nicolás Molina,A,2023-08-02 02:25:55
209,antonellasilva@example.net,Antonella Silva,A,2023-08-02 06:44:54
210,gonzalez.matias@example.org,Matías González,A,2023-08-03 11:17:50
211,franco.ponce34@example.net,Franco Ponce,A,2023-08-03 12:00:00
212,brenda_dominguez@example.org,Brenda Domínguez,A,2023-08-03 14:38:33
213,victoria.dominguez9@example.com,Victoria Domínguez,A,2023-08-04 02:48:09
214,garcia.valentina@example.net,Valentina García,A,2023-08-04 04:27:32
215,anasosa91@example.net,Ana Sosa,A,2023-08-04 04:54:40
216,gabriel_alvarez1978@example.com,Gabriel Álvarez,I,2023-08-04 09:25:31
217,suarez.emiliano@example.org,Emiliano Suárez,A,2023-08-04 18:03:40
218,julieta.suarez@example.com,Julieta Suárez,I,2023-08-06 07:12:44
219,micaela_flores1993@example.com,Micaela Flores,A,2023-08-06 16:01:09
220,molina.gabriel1982@example.org,Gabriel Molina,A,2023-08-06 17:55:15
221,martina_ortiz@example.com,Martina Ortiz,A,2023-08-07 02:56:02
222,pablo.lopez1974@example.com,Pablo López,A,2023-08-07 08:19:06
223,micaela.luna99@example.org,Micaela Luna,A,2023-08-07 11:27:39
224,mperez42@example.org,Mateo Pérez,A,2023-08-07 16:55:49
225,fortiz1975@example.net,Facundo Ortiz,I,2023-08-09 01:08:27
226,leandro_gimenez1988@example.org,Leandro Giménez,A,2023-08-09 06:37:38
227,milagros_quiroga1965@example.com,Milagros Quiroga,A,2023-08-09 13:37:20
228,diaz.romina@example.net,Romina Díaz,I,2023-08-10 05:48:06
229,lucianaortiz@example.com,Luciana Ortiz,A,2023-08-10 13:52:34
230,marianunez1@example.com,María Núñez,A,2023-08-10 22:27:20
231,lrojas37@example.org,Lucas Rojas,A,2023-08-10 23:22:40
232,rojas.micaela1970@example.com,Micaela Rojas,A,2023-08-11 10:35:28
233,maria.molina@example.org,María Molina,A,2023-08-12 00:05:30
234,luciana_carrizo38@example.com,Luciana Carrizo,A,2023-08-12 11:33:19
235,brendamunoz97@example.org,Brenda Muñoz,I,2023-08-13 03:10:11
236,diegogodoy@example.com,Diego Godoy,A,2023-08-13 21:59:34
237,franco_flores1995@example.net,Franco Flores,A,2023-08-14 04:40:11
238,godoy.lucas41@example.org,Lucas Godoy,A,2023-08-14 09:32:20
239,mcarrizo@example.org,Micaela Carrizo,A,2023-08-15 19:42:03
240,mmunoz@example.net,Martín Muñoz,A,2023-08-16 04:34:24
241,matias.pereyra1991@example.com,Matías Pereyra,A,2023-08-16 05:13:20
242,martina_acosta22@example.net,Martina Acosta,A,2023-08-16 07:53:03
243,suarez.maria1974@example.net,María Suárez,A,2023-08-16 07:53:32
244,camila.gonzalez@example.com,Camila González,I,2023-08-17 12:10:49
245,gabriel.morales1973@example.net,Gabriel Morales,A,2023-08-17 18:26:27
246,flores.antonella57@example.net,Antonella Flores,A,2023-08-17 19:05:10
247,agustinaramirez99@example.com,Agustina Ramírez,A,2023-08-17 20:17:16
248,juan.ojeda69@example.net,Juan Ojeda,A,2023-08-20 13:34:52
249,carolina_lopez1984@example.org,Carolina López,A,2023-08-20 14:13:10
250,anamedina64@example.net,Ana Medina,A,2023-08-20 19:33:53
251,herrera.facundo27@example.org,Facundo Herrera,A,2023-08-22 00:30:02
252,romina_gomez37@example.net,Romina Gómez,A,2023-08-22 17:49:00
253,federicoluna46@example.com,Federico Luna,A,2023-08-23 00:15:48
254,florencia_peralta88@example.net,Florencia Peralta,A,2023-08-23 04:46:27
255,vega.julieta1969@example.org,Julieta Vega,A,2023-08-23 20:13:04
256,alvarez.milagros63@example.net,Milagros Álvarez,A,2023-08-24 01:07:22
257,rmartinez@example.com,Rocío Martínez,A,2023-08-24 03:14:43
258,lledesma1970@example.org,Lucas Ledesma,A,2023-08-24 22:05:26
259,lcabrera@example.org,Lucía Cabrera,A,2023-08-25 11:25:31
260,emilianoperez63@example.org,Emiliano Pérez,A,2023-08-25 15:11:58
261,luciaferreyra1984@example.org,Lucía Ferreyra,A,2023-08-25 23:05:38
262,martin_martinez@example.org,Martín Martínez,I,2023-08-26 03:05:01
263,daniela.ferreyra@example.com,Daniela Ferreyra,A,2023-08-26 11:41:02
264,valentinajuarez1987@example.net,Valentina Juárez,A,2023-08-26 17:06:54
265,carolina_ponce@example.org,Carolina Ponce,A,2023-08-27 04:07:07
266,fernandez.facundo1990@example.com,Facundo Fernández,A,2023-08-27 15:29:39
267,florenciavega14@example.com,Florencia Vega,A,2023-08-27 15:42:56
268,castillo.camila74@example.net,Camila Castillo,A,2023-08-28 14:13:22
269,catalinacabrera1980@example.org,Catalina Cabrera,A,2023-08-29 05:01:06
270,tomas.castillo@example.net,Tomás Castillo,A,2023-08-29 10:45:08
271,mmolina38@example.org,Matías Molina,A,2023-08-30 15:10:03
272,pablo_ortiz2002@example.org,Pablo Ortiz,A,2023-08-30 21:05:33
273,msanchez2001@example.net,María Sánchez,A,2023-08-31 07:42:34
274,mpereyra15@example.com,María Pereyra,A,2023-08-31 16:09:39
275,sebastian_acosta14@example.com,Sebastián Acosta,A,2023-08-31 19:42:22
276,ojeda.catalina55@example.net,Catalina Ojeda,A,2023-08-31 20:43:33
277,fcastro@example.org,Florencia Castro,A,2023-09-01 06:14:52
278,luciana.silva@example.org,Luciana Silva,A,2023-09-01 07:00:46
279,sofia.cabrera@example.net,Sofía Cabrera,A,2023-09-01 19:54:49
280,arodriguez@example.com,Ana Rodríguez,A,2023-09-01 20:03:59
281,msuarez1966@example.org,María Suárez,A,2023-09-02 03:40:43
282,aperalta1991@example.net,Alejandro Peralta,A,2023-09-02 05:51:38
283,mherrera1992@example.net,Martina Herrera,A,2023-09-02 07:32:08
284,cmoreno91@example.org,Carolina Moreno,A,2023-09-02 09:55:24
285,herrera.valentina1978@example.org,Valentina Herrera,A,2023-09-02 09:59:17
286,agimenez1993@example.org,Agustina Giménez,I,2023-09-02 12:24:50
287,martin_sanchez16@example.com,Martín Sánchez,A,2023-09-03 00:15:16
288,ssilva45@example.net,Santiago Silva,A,2023-09-03 02:54:08
289,luciana_lopez@example.net,Luciana López,A,2023-09-03 04:39:01
290,irojas@example.net,Ignacio Rojas,A,2023-09-03 06:45:25
291,lmorales52@example.net,Leandro Morales,A,2023-09-04 03:21:15
292,ramirez.rocio@example.com,Rocío Ramírez,A,2023-09-04 04:11:37
293,danielamartinez1973@example.net,Daniela Martínez,I,2023-09-04 07:15:16
294,ramiromoreno@example.org,Ramiro Moreno,A,2023-09-04 08:32:59
295,tflores15@example.org,Tomás Flores,A,2023-09-04 22:08:20
296,maria.castillo1972@example.org,María Castillo,A,2023-09-04 22:39:30
297,mmedina46@example.org,Milagros Medina,A,2023-09-05 00:06:07
298,antonella_rios50@example.net,Antonella Ríos,A,2023-09-05 00:59:14
299,gonzaloledesma82@example.net,Gonzalo Ledesma,A,2023-09-05 04:21:47
300,camilamunoz5@example.net,Camila Muñoz,A,2023-09-05 16:03:11
301,tomas_quiroga10@example.org,Tomás Quiroga,A,2023-09-06 09:23:10
302,lgimenez53@example.com,Luciana Giménez,A,2023-09-06 09:52:01
303,belenortiz63@example.com,Belén Ortiz,A,2023-09-07 11:04:24
304,santiagojuarez9@example.net,Santiago Juárez,A,2023-09-07 11:42:46
305,franco_castillo92@example.net,Franco Castillo,A,2023-09-08 12:18:15
306,micaela.gonzalez@example.net,Micaela González,A,2023-09-09 10:04:56
307,medina.antonella85@example.com,Antonella Medina,A,2023-09-09 17:42:23
308,rodriguez.rocio44@example.com,Rocío Rodríguez,A,2023-09-09 18:40:48
309,lucas_castillo52@example.com,Lucas Castillo,A,2023-09-10 01:21:15
310,natalia_sanchez@example.com,Natalia Sánchez,A,2023-09-10 07:36:44
311,pereyra.antonella@example.net,Antonella Pereyra,A,2023-09-11 03:56:41
312,carolina.benitez1974@example.net,Carolina Benítez,A,2023-09-11 06:12:50
313,alejandrocabrera@example.org,Alejandro Cabrera,A,2023-09-11 06:26:03
314,ponce.agustina@example.com,Agustina Ponce,A,2023-09-11 07:41:10
315,rsanchez1983@example.net,Ramiro Sánchez,A,2023-09-12 18:47:47
316,cquiroga1986@example.com,Camila Quiroga,A,2023-09-12 20:51:04
317,francoromero1983@example.com,Franco Romero,A,2023-09-13 13:17:12
318,alvarez.valentina14@example.com,Valentina Álvarez,A,2023-09-14 00:58:41
319,alejandrosuarez@example.org,Alejandro Suárez,A,2023-09-14 04:41:10
320,cabrera.franco2004@example.com,Franco Cabrera,A,2023-09-15 11:08:35
321,micaela_luna@example.org,Micaela Luna,A,2023-09-15 15:26:52
322,benitez.florencia@example.org,Florencia Benítez,A,2023-09-16 11:43:33
323,crios1998@example.com,Catalina Ríos,A,2023-09-16 17:37:16
324,tomas_ledesma1982@example.net,Tomás Ledesma,A,2023-09-16 23:23:06
325,paulagarcia1997@example.org,Paula García,I,2023-09-17 19:05:25
326,valentinarodriguez@example.net,Valentina Rodríguez,A,2023-09-18 04:24:45
327,ramiro_romero@example.org,Ramiro Romero,A,2023-09-18 07:14:25
328,mariapereyra2001@example.net,María Pereyra,A,2023-09-18 16:50:24
329,ramiro.medina1994@example.net,Ramiro Medina,A,2023-09-20 06:50:58
330,ignaciorojas42@example.org,Ignacio Rojas,A,2023-09-21 00:53:08
331,martincarrizo1997@example.org,Martín Carrizo,A,2023-09-21 04:10:10
332,aguirre.pablo35@example.com,Pablo Aguirre,A,2023-09-21 10:45:06
333,ignacio_ferreyra1967@example.org,Ignacio Ferreyra,A,2023-09-21 15:54:20
334,torres.martina1977@example.com,Martina Torres,A,2023-09-21 19:17:07
335,florencia.ledesma1997@example.com,Florencia Ledesma,A,2023-09-21 19:51:47
336,dominguez.juan79@example.com,Juan Domínguez,A,2023-09-21 23:06:03
337,smolina19@example.net,Silvina Molina,A,2023-09-22 05:08:28
338,maria_ojeda20@example.com,María Ojeda,A,2023-09-22 09:46:13
339,storres@example.com,Silvina Torres,A,2023-09-22 22:57:01
340,bbenitez81@example.net,Brenda Benítez,A,2023-09-24 16:24:06
341,matias_martinez58@example.com,Matías Martínez,A,2023-09-25 07:10:03
342,silvinaramirez@example.com,Silvina Ramírez,A,2023-09-25 13:18:59
343,rojeda1983@example.net,Rocío Ojeda,A,2023-09-26 11:06:55
344,agustinarios@example.org,Agustina Ríos,A,2023-09-26 22:39:14
345,analedesma@example.org,Ana Ledesma,A,2023-09-27 02:31:07
346,carolina_gomez34@example.net,Carolina Gómez,A,2023-09-27 12:40:22
347,sanchez.benjamin@example.org,Benjamín Sánchez,A,2023-09-27 14:35:41
348,medina.ramiro@example.org,Ramiro Medina,A,2023-09-27 16:51:38
349,valentina_gomez@example.net,Valentina Gómez,A,2023-09-27 22:06:04
350,joaquin_peralta1992@example.com,Joaquín Peralta,A,2023-09-28 09:11:09
351,sanchez.valentina98@example.com,Valentina Sánchez,A,2023-09-29 08:30:50
352,tomasvega50@example.net,Tomás Vega,A,2023-09-29 17:01:28
353,bgodoy@example.org,Brenda Godoy,A,2023-09-29 23:14:34
354,flores.camila73@example.net,Camila Flores,A,2023-09-30 07:59:00
355,ana_carrizo@example.org,Ana Carrizo,A,2023-09-30 18:50:27
356,enunez89@example.net,Ezequiel Núñez,A,2023-10-01 16:02:54
357,federico_molina@example.net,Federico Molina,A,2023-10-02 00:03:06
358,victoria.ledesma1972@example.org,Victoria Ledesma,A,2023-10-02 00:31:32
359,ponce.daniela95@example.org,Daniela Ponce,A,2023-10-02 09:58:50
360,carolinagimenez@example.net,Carolina Giménez,I,2023-10-02 11:41:55
361,benitez.santiago1970@example.net,Santiago Benítez,A,2023-10-02 13:20:45
362,lsosa24@example.org,Lucía Sosa,A,2023-10-02 17:02:37
363,martinrodriguez1993@example.com,Martín Rodríguez,A,2023-10-02 18:38:09
364,martinez.camila@example.net,Camila Martínez,I,2023-10-02 21:37:56
365,franco.acosta84@example.org,Franco Acosta,A,2023-10-03 00:29:00
366,lucas_perez@example.net,Lucas Pérez,A,2023-10-03 00:58:14
367,ignacio_martinez93@example.org,Ignacio Martínez,I,2023-10-03 02:59:55
368,brendavega@example.org,Brenda Vega,A,2023-10-03 06:45:27
369,paula.luna@example.net,Paula Luna,A,2023-10-03 15:20:34
370,ojeda.martina@example.com,Martina Ojeda,I,2023-10-03 16:55:38
371,ramirez.sofia2001@example.net,Sofía Ramírez,A,2023-10-03 19:16:47
372,rominasanchez@example.org,Romina Sánchez,A,2023-10-04 01:46:13
373,leandro_perez58@example.net,Leandro Pérez,A,2023-10-04 18:48:34
374,micaela.rodriguez@example.org,Micaela Rodríguez,A,2023-10-04 23:03:55
375,mateo.benitez1997@example.org,Mateo Benítez,A,2023-10-05 07:36:52
376,diaz.lucia@example.net,Lucía Díaz,A,2023-10-05 09:18:42
377,martina.aguirre1977@example.com,Martina Aguirre,A,2023-10-05 11:17:21
378,luciana.moreno78@example.com,Luciana Moreno,A,2023-10-05 13:22:19
379,natalia.ojeda@example.org,Natalia Ojeda,A,2023-10-05 13:44:07
380,trios@example.com,Tomás Ríos,A,2023-10-05 17:20:34
381,nunez.romina1990@example.net,Romina Núñez,A,2023-10-05 20:28:29
382,emilianogutierrez@example.net,Emiliano Gutiérrez,A,2023-10-06 09:44:53
383,brenda_ruiz@example.org,Brenda Ruiz,A,2023-10-06 15:40:15
384,jponce2@example.com,Julieta Ponce,A,2023-10-07 05:24:45
385,gutierrez.matias@example.com,Matías Gutiérrez,A,2023-10-07 08:56:07
386,ramirez.ana@example.org,Ana Ramírez,A,2023-10-07 16:52:44
387,emiliano_flores1980@example.com,Emiliano Flores,A,2023-10-08 05:24:55
388,hcastro54@example.org,Hernán Castro,A,2023-10-08 16:03:47
389,mateo.gimenez25@example.org,Mateo Giménez,A,2023-10-08 21:03:10
390,micaela_alvarez58@example.org,Micaela Álvarez,A,2023-10-09 05:12:01
391,brendamolina@example.org,Brenda Molina,I,2023-10-09 05:53:46
392,jmolina@example.net,Joaquín Molina,A,2023-10-09 19:30:25
393,nunez.ezequiel1968@example.com,Ezequiel Núñez,I,2023-10-10 09:22:00
394,mperalta1993@example.com,Matías Peralta,A,2023-10-10 11:13:21
395,rmunoz59@example.com,Romina Muñoz,A,2023-10-11 13:36:29
396,emilianovega2@example.org,Emiliano Vega,I,2023-10-11 13:55:45
397,ramiro.juarez16@example.net,Ramiro Juárez,A,2023-10-11 14:32:41
398,romero.ezequiel2003@example.org,Ezequiel Romero,A,2023-10-12 03:37:13
399,facundo.ponce21@example.net,Facundo Ponce,A,2023-10-12 05:12:36
400,daniela_peralta@example.org,Daniela Peralta,A,2023-10-13 10:05:16
401,santiago.diaz@example.net,Santiago Díaz,A,2023-10-13 13:36:12
402,gomez.benjamin@example.net,Benjamín Gómez,A,2023-10-13 18:04:34
403,daniela_ortiz1980@example.com,Daniela Ortiz,A,2023-10-14 00:19:36
404,martina_flores@example.org,Martina Flores,A,2023-10-14 04:58:55
405,franco_alvarez49@example.org,Franco Álvarez,A,2023-10-14 11:42:44
406,natalia.castro@example.net,Natalia Castro,A,2023-10-14 12:26:09
407,facundo.acosta@example.org,Facundo Acosta,A,2023-10-15 01:26:49
408,ramirocastro15@example.com,Ramiro Castro,I,2023-10-15 01:41:19
409,carolinaruiz1983@example.com,Carolina Ruiz,A,2023-10-15 08:14:47
410,ignacio_quiroga@example.net,Ignacio Quiroga,I,2023-10-15 08:53:02
411,paulaherrera1965@example.net,Paula Herrera,A,2023-10-15 14:05:41
412,quiroga.luciana1986@example.org,Luciana Quiroga,A,2023-10-15 15:57:52
413,victoriasosa34@example.com,Victoria Sosa,A,2023-10-15 16:51:19
414,rcabrera13@example.com,Romina Cabrera,A,2023-10-16 07:13:14
415,rodriguez.rocio@example.com,Rocío Rodríguez,A,2023-10-16 22:19:16
416,brendasilva@example.com,Brenda Silva,A,2023-10-16 22:30:12
417,brenda.diaz1993@example.org,Brenda Díaz,A,2023-10-17 21:43:31
418,nalvarez81@example.com,Nicolás Álvarez,I,2023-10-17 23:52:38
419,smorales25@example.org,Sofía Morales,A,2023-10-18 00:24:39
420,joaquin_luna1978@example.com,Joaquín Luna,A,2023-10-18 02:26:13
421,romina_rojas1981@example.net,Romina Rojas,A,2023-10-18 04:31:30
422,julieta_romero@example.com,Julieta Romero,A,2023-10-18 19:25:30
423,crojas@example.org,Carolina Rojas,A,2023-10-18 19:41:45
424,florenciacastro1975@example.com,Florencia Castro,I,2023-10-18 23:28:50
425,daniela_gutierrez14@example.org,Daniela Gutiérrez,I,2023-10-19 06:39:55
426,romina_rodriguez1971@example.org,Romina Rodríguez,A,2023-10-19 13:25:26
427,mgodoy1990@example.com,Micaela Godoy,A,2023-10-19 22:21:50
428,gimenez.agustina@example.org,Agustina Giménez,A,2023-10-20 01:07:35
429,florencia.ferreyra@example.org,Florencia Ferreyra,A,2023-10-21 03:25:57
430,diegocastro@example.net,Diego Castro,A,2023-10-21 20:08:29
431,bbenitez@example.org,Brenda Benítez,A,2023-10-23 01:47:51
432,alejandro_cabrera@example.org,Alejandro Cabrera,I,2023-10-23 02:11:39
433,pluna1984@example.com,Pablo Luna,I,2023-10-23 03:37:59
434,maria_quiroga99@example.net,María Quiroga,A,2023-10-23 04:16:09
435,lucas.ferreyra82@example.com,Lucas Ferreyra,A,2023-10-24 00:51:25
436,gomez.gonzalo1988@example.org,Gonzalo Gómez,A,2023-10-24 05:48:33
437,daniela_nunez1976@example.org,Daniela Núñez,A,2023-10-24 08:59:42
438,rojas.ezequiel1982@example.com,Ezequiel Rojas,A,2023-10-24 21:35:44
439,valentina.lopez1980@example.com,Valentina López,A,2023-10-24 22:23:16
440,julieta_perez28@example.org,Julieta Pérez,A,2023-10-24 22:49:41
441,aguirre.daniela99@example.com,Daniela Aguirre,A,2023-10-25 01:34:32
442,agustina_ojeda1987@example.com,Agustina Ojeda,A,2023-10-25 06:28:35
443,lucasgodoy1993@example.com,Lucas Godoy,A,2023-10-25 12:43:28
444,gutierrez.facundo10@example.com,Facundo Gutiérrez,A,2023-10-26 18:06:25
445,bcabrera69@example.net,Belén Cabrera,A,2023-10-26 23:14:18
446,ojeda.ezequiel9@example.com,Ezequiel Ojeda,A,2023-10-27 11:36:53
447,dmoreno84@example.com,Diego Moreno,A,2023-10-28 02:29:03
448,sebastian.sanchez76@example.net,Sebastián Sánchez,A,2023-10-28 04:46:50
449,mateo_morales@example.com,Mateo Morales,I,2023-10-28 17:35:06
450,ignacio_sosa@example.net,Ignacio Sosa,A,2023-10-28 20:42:04
451,rsanchez@example.com,Ramiro Sánchez,I,2023-10-29 04:36:03
452,mrojas87@example.org,Micaela Rojas,A,2023-10-29 09:13:45
453,emiliano_pereyra1998@example.net,Emiliano Pereyra,A,2023-10-30 00:16:53
454,gimenez.silvina@example.net,Silvina Giménez,A,2023-10-30 00:44:22
455,rominarojas1983@example.org,Romina Rojas,A,2023-10-30 19:22:30
456,juarez.benjamin1996@example.net,Benjamín Juárez,I,2023-10-31 09:06:18
457,victoria_moreno60@example.org,Victoria Moreno,A,2023-10-31 16:13:21
458,sanchez.ramiro1999@example.net,Ramiro Sánchez,A,2023-10-31 17:15:59
459,juan.perez99@example.com,Juan Pérez,A,2023-11-01 14:46:30
460,micaelaojeda2002@example.net,Micaela Ojeda,A,2023-11-02 02:41:42
461,silva.gonzalo30@example.net,Gonzalo Silva,A,2023-11-02 12:38:12
462,gabrielcabrera@example.com,Gabriel Cabrera,A,2023-11-02 18:27:19
463,aguirre.carolina87@example.org,Carolina Aguirre,A,2023-11-02 21:38:57
464,jbenitez@example.net,Julieta Benítez,A,2023-11-03 00:21:28
465,agustina.perez95@example.org,Agustina Pérez,A,2023-11-03 02:40:01
466,santiago_acosta1993@example.net,Santiago Acosta,A,2023-11-03 03:37:31
467,martina.moreno57@example.com,Martina Moreno,A,2023-11-03 14:40:38
468,fledesma35@example.com,Florencia Ledesma,I,2023-11-04 03:26:55
469,aquiroga1965@example.com,Alejandro Quiroga,I,2023-11-04 09:25:04
470,sanchez.tomas1980@example.com,Tomás Sánchez,A,2023-11-04 22:11:55
471,fruiz1975@example.com,Franco Ruiz,A,2023-11-05 02:04:05
472,ledesma.leandro86@example.net,Leandro Ledesma,A,2023-11-05 09:36:11
473,agustina_castro@example.org,Agustina Castro,A,2023-11-05 19:52:22
474,aguirre.emiliano@example.org,Emiliano Aguirre,A,2023-11-06 11:49:41
475,fortiz89@example.com,Franco Ortiz,A,2023-11-06 17:11:59
476,carrizo.alejandro1978@example.net,Alejandro Carrizo,A,2023-11-06 23:05:09
477,luciaferreyra67@example.net,Lucía Ferreyra,A,2023-11-07 03:53:19
478,julieta_rodriguez@example.com,Julieta Rodríguez,A,2023-11-07 04:05:13
479,milagrosgomez@example.com,Milagros Gómez,A,2023-11-07 16:20:23
480,juarez.valentina@example.org,Valentina Juárez,A,2023-11-07 17:36:30
481,martina_lopez26@example.com,Martina López,A,2023-11-07 20:07:48
482,hernan_sosa@example.com,Hernán Sosa,A,2023-11-07 22:28:18
483,carolina_ortiz39@example.com,Carolina Ortiz,A,2023-11-07 22:30:54
484,nicolas_rojas@example.com,Nicolás Rojas,A,2023-11-07 23:58:41
485,gabrielortiz39@example.com,Gabriel Ortiz,A,2023-11-08 00:07:31
486,sebastian.pereyra@example.net,Sebastián Pereyra,A,2023-11-08 03:14:24
487,cfernandez1986@example.com,Catalina Fernández,A,2023-11-08 03:57:48
488,antonellaalvarez1980@example.com,Antonella Álvarez,A,2023-11-09 09:05:27
489,joaquinsanchez3@example.net,Joaquín Sánchez,A,2023-11-09 18:17:54
490,quiroga.belen86@example.net,Belén Quiroga,A,2023-11-09 20:03:52
491,agustinaromero89@example.com,Agustina Romero,I,2023-11-10 03:47:54
492,lucianaherrera93@example.com,Luciana Herrera,A,2023-11-10 06:31:38
493,martin.romero1973@example.org,Martín Romero,I,2023-11-10 10:58:12
494,benjamin_lopez1985@example.net,Benjamín López,A,2023-11-10 18:49:29
495,ana.vega20@example.org,Ana Vega,A,2023-11-11 02:08:28
496,quiroga.luciana25@example.com,Luciana Quiroga,A,2023-11-11 10:01:16
497,lmedina1989@example.net,Luciana Medina,A,2023-11-12 04:39:13
498,quiroga.maria@example.com,María Quiroga,A,2023-11-12 10:32:25
499,mateorodriguez@example.org,Mateo Rodríguez,A,2023-11-12 14:13:52
500,mateo.rios1997@example.net,Mateo Ríos,A,2023-11-12 19:35:30
501,leandrogimenez1970@example.com,Leandro Giménez,I,2023-11-12 23:19:33
502,lruiz1966@example.net,Luciana Ruiz,A,2023-11-13 01:43:55
503,daniela_moreno1969@example.org,Daniela Moreno,A,2023-11-13 04:52:32
504,belenortiz78@example.net,Belén Ortiz,A,2023-11-13 21:05:38
505,ana.dominguez44@example.com,Ana Domínguez,A,2023-11-13 22:42:17
506,silvina.godoy@example.org,Silvina Godoy,A,2023-11-14 01:32:37
507,martin.moreno1994@example.org,Martín Moreno,A,2023-11-14 18:47:28
508,sosa.romina@example.org,Romina Sosa,A,2023-11-15 02:18:04
509,carolinamedina@example.org,Carolina Medina,A,2023-11-15 09:08:14
510,lucaspereyra12@example.org,Lucas Pereyra,A,2023-11-15 11:29:23
511,cabrera.natalia2005@example.org,Natalia Cabrera,A,2023-11-15 14:54:31
512,diaz.lucia11@example.org,Lucía Díaz,A,2023-11-15 16:52:46
513,danielanunez1966@example.net,Daniela Núñez,A,2023-11-15 22:58:47
514,brenda_flores@example.org,Brenda Flores,A,2023-11-17 03:33:37
515,scabrera58@example.com,Silvina Cabrera,A,2023-11-17 06:25:15
516,maria.torres1995@example.com,María Torres,I,2023-11-17 09:44:27
517,rios.ana@example.org,Ana Ríos,A,2023-11-17 11:08:48
518,ledesma.paula@example.org,Paula Ledesma,A,2023-11-18 18:48:09
519,paulanunez5@example.net,Paula Núñez,A,2023-11-18 19:05:21
520,micaela.godoy@example.com,Micaela Godoy,A,2023-11-19 06:21:19
521,agimenez71@example.com,Antonella Giménez,A,2023-11-19 08:20:15
522,lucia_gonzalez33@example.org,Lucía González,A,2023-11-19 11:07:46
523,gonzalo.ferreyra30@example.net,Gonzalo Ferreyra,A,2023-11-19 11:19:47
524,federico.ramirez@example.com,Federico Ramírez,A,2023-11-19 18:40:35
525,sosa.catalina70@example.org,Catalina Sosa,A,2023-11-20 07:57:33
526,sebastian_vega89@example.org,Sebastián Vega,A,2023-11-20 16:49:22
527,vega.sofia49@example.com,Sofía Vega,A,2023-11-20 22:09:49
528,daniela_luna14@example.net,Daniela Luna,I,2023-11-21 06:11:14
529,sgimenez23@example.net,Santiago Giménez,A,2023-11-22 03:31:27
530,crios@example.net,Camila Ríos,A,2023-11-22 12:39:41
531,silva.antonella1975@example.org,Antonella Silva,A,2023-11-22 13:46:16
532,julietasanchez1998@example.com,Julieta Sánchez,A,2023-11-22 14:01:27
533,franco.acosta73@example.org,Franco Acosta,A,2023-11-22 16:47:20
534,rios.florencia@example.com,Florencia Ríos,I,2023-11-23 00:40:55
535,arojas@example.com,Ana Rojas,A,2023-11-23 02:08:30
536,alejandro.cabrera97@example.org,Alejandro Cabrera,A,2023-11-23 05:44:34
537,romero.natalia1986@example.org,Natalia Romero,A,2023-11-24 07:59:55
538,munoz.milagros@example.com,Milagros Muñoz,A,2023-11-24 16:02:43
539,gonzalo_dominguez@example.net,Gonzalo Domínguez,A,2023-11-27 15:35:07
540,ignacio_ledesma2002@example.com,Ignacio Ledesma,A,2023-11-27 17:34:45
541,ramiro.lopez1986@example.com,Ramiro López,A,2023-11-27 18:10:30
542,valentina.ferreyra73@example.net,Valentina Ferreyra,A,2023-11-27 19:56:59
543,federico_moreno@example.com,Federico Moreno,A,2023-11-28 01:54:16
544,mateo.aguirre90@example.net,Mateo Aguirre,A,2023-11-28 03:38:13
545,ignacio_ramirez@example.org,Ignacio Ramírez,A,2023-11-28 06:51:51
546,francopereyra1981@example.com,Franco Pereyra,I,2023-11-29 02:43:29
547,mmunoz1995@example.net,María Muñoz,A,2023-11-30 06:03:34
548,maria.fernandez46@example.com,María Fernández,A,2023-11-30 07:54:37
549,mateo_lopez6@example.net,Mateo López,A,2023-11-30 13:23:59
550,peralta.facundo38@example.org,Facundo Peralta,A,2023-12-01 04:08:17
551,diaz.benjamin@example.org,Benjamín Díaz,I,2023-12-01 16:24:09
552,ponce.carolina83@example.org,Carolina Ponce,A,2023-12-01 17:20:04
553,julietaalvarez7@example.net,Julieta Álvarez,A,2023-12-02 02:03:27
554,gponce@example.net,Gonzalo Ponce,A,2023-12-02 16:19:52
555,ana_ferreyra@example.org,Ana Ferreyra,A,2023-12-02 20:53:01
556,mcastro@example.org,Matías Castro,A,2023-12-03 00:02:04
557,maria_alvarez1984@example.net,María Álvarez,A,2023-12-03 02:13:24
558,herrera.leandro@example.net,Leandro Herrera,I,2023-12-03 15:54:42
559,rocio.torres1993@example.net,Rocío Torres,A,2023-12-05 09:31:15
560,martinperalta78@example.org,Martín Peralta,A,2023-12-05 15:35:35
561,crodriguez1980@example.com,Camila Rodríguez,I,2023-12-06 04:41:25
562,perez.maria@example.net,María Pérez,A,2023-12-06 08:35:56
563,emiliano.cabrera1969@example.com,Emiliano Cabrera,A,2023-12-06 12:41:22
564,martinaruiz62@example.com,Martina Ruiz,A,2023-12-06 21:47:18
565,smartinez@example.com,Silvina Martínez,I,2023-12-07 01:21:10
566,vega.micaela@example.com,Micaela Vega,A,2023-12-07 03:38:58
567,rpereyra1999@example.net,Ramiro Pereyra,A,2023-12-07 09:06:33
568,ggimenez@example.net,Gonzalo Giménez,A,2023-12-07 09:43:54
569,catalina_ledesma@example.org,Catalina Ledesma,A,2023-12-07 22:14:35
570,silvina_silva96@example.org,Silvina Silva,A,2023-12-07 22:30:46
571,rocio.ruiz1979@example.net,Rocío Ruiz,A,2023-12-08 07:27:43
572,antonella_castillo1990@example.org,Antonella Castillo,A,2023-12-08 10:02:54
573,mrojas33@example.org,Milagros Rojas,A,2023-12-08 15:47:36
574,lopez.ignacio1995@example.com,Ignacio López,I,2023-12-08 21:02:47
575,victoriaacosta77@example.com,Victoria Acosta,A,2023-12-10 01:06:14
576,gomez.camila@example.net,Camila Gómez,A,2023-12-10 09:54:35
577,hernanjuarez1967@example.net,Hernán Juárez,A,2023-12-10 10:28:05
578,vega.santiago@example.com,Santiago Vega,A,2023-12-10 14:23:09
579,florencia.munoz1969@example.com,Florencia Muñoz,A,2023-12-10 18:31:24
580,matiasgomez1978@example.net,Matías Gómez,A,2023-12-11 02:51:36
581,fgimenez1973@example.com,Facundo Giménez,A,2023-12-11 05:39:17
582,jgomez98@example.com,Juan Gómez,A,2023-12-11 14:30:33
583,mtorres@example.net,Martín Torres,A,2023-12-11 16:23:07
584,romina_garcia53@example.net,Romina García,A,2023-12-11 17:54:28
585,camila.carrizo@example.org,Camila Carrizo,A,2023-12-11 22:40:11
586,smartinez27@example.org,Silvina Martínez,A,2023-12-12 15:17:21
587,brendaacosta91@example.net,Brenda Acosta,A,2023-12-12 16:12:42
588,svega1975@example.org,Sofía Vega,A,2023-12-13 00:05:39
589,anagodoy1999@example.com,Ana Godoy,A,2023-12-13 05:27:09
590,vsosa2003@example.org,Victoria Sosa,A,2023-12-13 06:36:53
591,mquiroga@example.com,María Quiroga,A,2023-12-13 18:16:38
592,leandro_perez2002@example.org,Leandro Pérez,A,2023-12-13 21:39:23
593,carolina_castillo1974@example.com,Carolina Castillo,A,2023-12-14 01:06:54
594,lopez.antonella@example.org,Antonella López,A,2023-12-14 14:19:21
595,lucianaruiz1997@example.net,Luciana Ruiz,A,2023-12-14 22:25:20
596,paulapereyra1982@example.com,Paula Pereyra,A,2023-12-15 01:17:04
597,molina.juan74@example.org,Juan Molina,A,2023-12-15 04:46:00
598,lcarrizo1973@example.net,Luciana Carrizo,A,2023-12-15 05:24:14
599,nunez.belen1965@example.com,Belén Núñez,A,2023-12-15 17:02:02
600,medina.ezequiel84@example.com,Ezequiel Medina,A,2023-12-15 20:36:28
601,victoria_ponce@example.com,Victoria Ponce,A,2023-12-15 22:19:52
602,belen_nunez1999@example.net,Belén Núñez,A,2023-12-16 05:46:19
603,romina_garcia54@example.com,Romina García,A,2023-12-16 06:43:20
604,bmorales92@example.org,Brenda Morales,A,2023-12-16 11:33:21
605,gutierrez.silvina1990@example.net,Silvina Gutiérrez,A,2023-12-16 19:30:32
606,alejandro.suarez98@example.com,Alejandro Suárez,I,2023-12-17 09:39:53
607,bruiz2004@example.net,Benjamín Ruiz,A,2023-12-17 13:28:26
608,dnunez2004@example.org,Daniela Núñez,A,2023-12-17 14:16:48
609,camilamoreno63@example.com,Camila Moreno,A,2023-12-17 21:14:21
610,milagros.benitez@example.org,Milagros Benítez,A,2023-12-17 23:03:04
611,silvina.flores96@example.net,Silvina Flores,A,2023-12-18 12:58:19
612,belen.juarez62@example.net,Belén Juárez,A,2023-12-18 13:30:57
613,maria.herrera61@example.com,María Herrera,A,2023-12-19 01:21:59
614,juanortiz62@example.org,Juan Ortiz,A,2023-12-19 07:12:14
615,romina.herrera20@example.com,Romina Herrera,I,2023-12-19 09:24:49
616,aguirre.natalia25@example.net,Natalia Aguirre,I,2023-12-19 09:25:36
617,asuarez1993@example.net,Antonella Suárez,A,2023-12-20 00:12:57
618,lucianagomez@example.org,Luciana Gómez,A,2023-12-20 05:07:56
619,rominaflores@example.net,Romina Flores,I,2023-12-20 23:42:22
620,fernandez.silvina61@example.org,Silvina Fernández,A,2023-12-21 11:52:06
621,diego_luna1979@example.com,Diego Luna,A,2023-12-21 19:17:38
622,ignacio.juarez@example.org,Ignacio Juárez,A,2023-12-21 20:56:36
623,brenda_herrera@example.net,Brenda Herrera,A,2023-12-21 21:04:09
624,moreno.lucia1981@example.net,Lucía Moreno,A,2023-12-22 11:13:33
625,matias.diaz67@example.net,Matías Díaz,A,2023-12-22 13:38:02
626,mcastillo67@example.net,Micaela Castillo,A,2023-12-22 23:16:36
627,santiago.torres61@example.org,Santiago Torres,I,2023-12-23 07:04:24
628,belen_morales1974@example.net,Belén Morales,A,2023-12-23 16:54:34
629,rsilva98@example.com,Rocío Silva,A,2023-12-24 14:16:30
630,castro.paula32@example.net,Paula Castro,A,2023-12-25 00:06:49
631,gutierrez.ana70@example.org,Ana Gutiérrez,A,2023-12-25 00:13:27
632,fcastro25@example.com,Franco Castro,A,2023-12-25 08:19:20
633,brenda.quiroga@example.org,Brenda Quiroga,A,2023-12-25 21:48:32
634,rmunoz@example.org,Romina Muñoz,A,2023-12-26 00:45:03
635,santiago_torres@example.net,Santiago Torres,A,2023-12-26 11:38:50
636,lucas_ferreyra15@example.org,Lucas Ferreyra,A,2023-12-27 06:19:40
637,jgodoy95@example.org,Juan Godoy,A,2023-12-27 19:16:57
638,brenda.ferreyra2005@example.org,Brenda Ferreyra,A,2023-12-27 20:33:17
639,benitez.emiliano23@example.org,Emiliano Benítez,A,2023-12-28 04:29:11
640,franco_rios53@example.com,Franco Ríos,I,2023-12-28 06:16:57
641,juarez.ignacio85@example.org,Ignacio Juárez,A,2023-12-28 18:45:47
642,ignacio.garcia1991@example.org,Ignacio García,I,2023-12-29 04:39:34
643,silvinacastro@example.com,Silvina Castro,A,2023-12-29 11:46:18
644,ngarcia36@example.com,Natalia García,A,2023-12-30 00:00:31
645,emilianoferreyra1978@example.org,Emiliano Ferreyra,A,2023-12-30 08:26:53
646,catalina_pereyra19@example.org,Catalina Pereyra,A,2023-12-30 11:31:50
647,alvarez.agustina@example.com,Agustina Álvarez,A,2023-12-30 19:02:42
648,facundo_fernandez@example.com,Facundo Fernández,A,2023-12-31 00:27:24
649,luciana_pereyra@example.net,Luciana Pereyra,A,2023-12-31 09:55:38
650,lromero1994@example.net,Leandro Romero,A,2023-12-31 19:55:01
651,gabriel.torres75@example.com,Gabriel Torres,A,2024-01-01 00:52:00
652,ruiz.lucia25@example.net,Lucía Ruiz,A,2024-01-01 20:16:09
653,godoy.lucia4@example.net,Lucía Godoy,A,2024-01-02 08:08:29
654,sofia.quiroga@example.net,Sofía Quiroga,I,2024-01-02 18:07:15
655,perez.julieta74@example.org,Julieta Pérez,A,2024-01-03 12:09:14
656,antonellaromero1971@example.com,Antonella Romero,A,2024-01-03 17:00:30
657,acosta.romina@example.org,Romina Acosta,A,2024-01-03 20:27:35
658,santiagosanchez1992@example.org,Santiago Sánchez,A,2024-01-03 20:43:14
659,ana.herrera21@example.com,Ana Herrera,A,2024-01-03 21:47:50
660,medina.micaela37@example.org,Micaela Medina,A,2024-01-04 15:28:19
661,brendarios24@example.com,Brenda Ríos,A,2024-01-04 17:21:37
662,lucas_ferreyra@example.com,Lucas Ferreyra,A,2024-01-04 17:31:50
663,victoria.rojas@example.net,Victoria Rojas,A,2024-01-04 20:11:14
664,luna.gabriel25@example.com,Gabriel Luna,A,2024-01-05 14:42:26
665,maria.martinez1981@example.org,María Martínez,A,2024-01-05 16:13:50
666,joaquin_perez@example.com,Joaquín Pérez,I,2024-01-05 17:08:36
667,godoy.victoria89@example.org,Victoria Godoy,A,2024-01-05 17:17:48
668,tomas_torres@example.com,Tomás Torres,A,2024-01-05 19:35:16
669,valentina.juarez1995@example.net,Valentina Juárez,A,2024-01-05 19:56:45
670,silvinacastro2003@example.com,Silvina Castro,A,2024-01-05 21:57:37
671,santiago_lopez82@example.com,Santiago López,A,2024-01-06 18:13:22
672,juarez.ramiro@example.org,Ramiro Juárez,A,2024-01-06 23:43:55
673,pcabrera1966@example.org,Pablo Cabrera,I,2024-01-07 08:06:01
674,ramirez.florencia18@example.org,Florencia Ramírez,A,2024-01-07 19:00:43
675,munoz.antonella@example.org,Antonella Muñoz,A,2024-01-09 09:44:11
676,sofialuna1998@example.net,Sofía Luna,I,2024-01-09 09:55:44
677,suarez.santiago1988@example.org,Santiago Suárez,A,2024-01-09 12:39:55
678,victoriarodriguez1998@example.com,Victoria Rodríguez,I,2024-01-09 15:29:02
679,hmoreno1974@example.net,Hernán Moreno,A,2024-01-09 17:18:29
680,brendarios1965@example.org,Brenda Ríos,A,2024-01-09 23:03:08
681,paula_morales1994@example.net,Paula Morales,A,2024-01-10 15:50:36
682,lucia.benitez1979@example.org,Lucía Benítez,I,2024-01-10 18:03:43
683,pablomolina2002@example.net,Pablo Molina,A,2024-01-10 18:36:47
684,tomasgodoy24@example.org,Tomás Godoy,A,2024-01-11 03:17:50
685,lucas.quiroga99@example.com,Lucas Quiroga,A,2024-01-11 06:14:47
686,quiroga.camila60@example.org,Camila Quiroga,A,2024-01-11 12:00:53
687,cperez@example.com,Catalina Pérez,A,2024-01-11 16:03:16
688,amoreno@example.org,Agustina Moreno,A,2024-01-11 17:39:13
689,rocio.ponce1975@example.org,Rocío Ponce,A,2024-01-11 17:58:47
690,bmoreno2000@example.net,Belén Moreno,A,2024-01-11 19:26:00
691,emiliano_carrizo@example.org,Emiliano Carrizo,A,2024-01-12 03:18:01
692,vortiz71@example.net,Valentina Ortiz,A,2024-01-12 08:52:29
693,morales.maria@example.org,María Morales,A,2024-01-12 11:26:30
694,matiasgutierrez1992@example.com,Matías Gutiérrez,I,2024-01-12 15:42:57
695,rojas.natalia1969@example.org,Natalia Rojas,A,2024-01-12 19:49:26
696,luciagimenez92@example.org,Lucía Giménez,I,2024-01-12 21:12:38
697,carolina_ruiz97@example.com,Carolina Ruiz,A,2024-01-13 14:10:05
698,victoriabenitez1984@example.org,Victoria Benítez,A,2024-01-13 14:32:51
699,tomas_suarez@example.net,Tomás Suárez,A,2024-01-13 14:38:04
700,benitez.sofia39@example.com,Sofía Benítez,A,2024-01-13 15:09:37
701,carolina.fernandez@example.org,Carolina Fernández,A,2024-01-13 19:43:30
702,fernandez.maria2@example.org,María Fernández,A,2024-01-13 21:23:38
703,fpereyra1968@example.org,Facundo Pereyra,A,2024-01-14 16:29:56
704,mateo_gimenez1992@example.com,Mateo Giménez,A,2024-01-14 16:45:00
705,mnunez1987@example.org,Martín Núñez,A,2024-01-14 22:26:55
706,ojeda.santiago1999@example.net,Santiago Ojeda,I,2024-01-14 23:30:21
707,romina.luna@example.net,Romina Luna,A,2024-01-15 10:43:31
708,mortiz1992@example.net,Martín Ortiz,A,2024-01-15 10:45:32
709,emiliano.garcia1985@example.com,Emiliano García,A,2024-01-15 12:16:18
710,ledesma.micaela1982@example.net,Micaela Ledesma,I,2024-01-15 17:16:08
711,nunez.natalia@example.com,Natalia Núñez,A,2024-01-15 20:55:57
712,dominguez.rocio20@example.com,Rocío Domínguez,A,2024-01-16 10:25:27
713,moreno.benjamin43@example.org,Benjamín Moreno,A,2024-01-16 12:28:01
714,federico.cabrera97@example.net,Federico Cabrera,A,2024-01-16 16:03:47
715,luciamorales@example.com,Lucía Morales,A,2024-01-16 16:16:36
716,acosta.catalina27@example.org,Catalina Acosta,A,2024-01-16 22:17:48
717,martinacabrera@example.com,Martina Cabrera,A,2024-01-16 22:26:51
718,micaelamunoz52@example.net,Micaela Muñoz,A,2024-01-17 16:34:09
719,paulaperez77@example.net,Paula Pérez,A,2024-01-17 17:42:28
720,ltorres@example.com,Luciana Torres,I,2024-01-18 12:16:27
721,diaz.florencia2005@example.net,Florencia Díaz,I,2024-01-18 14:40:27
722,carolina.benitez@example.com,Carolina Benítez,A,2024-01-18 17:54:53
723,rocio_aguirre47@example.org,Rocío Aguirre,A,2024-01-18 18:10:02
724,flores.joaquin1971@example.com,Joaquín Flores,I,2024-01-18 18:24:33
725,catalinasanchez20@example.net,Catalina Sánchez,I,2024-01-18 19:27:52
726,msilva@example.org,María Silva,A,2024-01-18 20:20:02
727,camilaferreyra80@example.com,Camila Ferreyra,A,2024-01-19 15:10:39
728,matias.carrizo1995@example.org,Matías Carrizo,A,2024-01-19 18:31:14
729,ramirez.ramiro1974@example.com,Ramiro Ramírez,A,2024-01-19 18:38:13
730,morales.martin@example.net,Martín Morales,A,2024-01-20 13:30:36
731,antonellaherrera@example.com,Antonella Herrera,A,2024-01-20 15:22:37
732,btorres1999@example.com,Brenda Torres,A,2024-01-20 16:57:16
733,diego_sosa2000@example.org,Diego Sosa,A,2024-01-20 17:47:43
734,alvarez.paula57@example.com,Paula Álvarez,A,2024-01-20 20:28:24
735,dcastillo@example.net,Daniela Castillo,A,2024-01-21 10:44:28
736,matias.munoz37@example.org,Matías Muñoz,I,2024-01-22 14:11:33
737,juan.suarez@example.net,Juan Suárez,I,2024-01-22 15:12:09
738,nunez.sofia@example.com,Sofía Núñez,I,2024-01-22 19:27:58
739,speralta2003@example.net,Santiago Peralta,A,2024-01-22 19:37:41
740,gonzalez.milagros21@example.org,Milagros González,A,2024-01-22 22:51:01
741,nunez.hernan82@example.net,Hernán Núñez,A,2024-01-22 23:23:45
742,nicolas.dominguez1996@example.com,Nicolás Domínguez,A,2024-01-23 10:56:00
743,victoria.sanchez@example.net,Victoria Sánchez,A,2024-01-23 12:28:50
744,pfernandez1@example.com,Paula Fernández,A,2024-01-23 16:04:05
745,diegosilva1972@example.org,Diego Silva,A,2024-01-23 18:48:59
746,maria_nunez88@example.org,María Núñez,A,2024-01-24 10:47:03
747,tledesma13@example.net,Tomás Ledesma,A,2024-01-24 14:17:47
748,martincastro85@example.com,Martín Castro,A,2024-01-24 16:28:49
749,valentina.vega26@example.net,Valentina Vega,A,2024-01-24 18:45:38
750,silvina.alvarez@example.com,Silvina Álvarez,A,2024-01-24 20:37:02
751,agustina_castillo51@example.net,Agustina Castillo,A,2024-01-25 13:34:10
752,lopez.martin1986@example.net,Martín López,A,2024-01-25 16:27:23
753,flores.santiago34@example.net,Santiago Flores,A,2024-01-26 14:47:12
754,gutierrez.benjamin69@example.com,Benjamín Gutiérrez,A,2024-01-26 18:52:22
755,santiago.benitez66@example.org,Santiago Benítez,A,2024-01-27 02:09:03
756,lucassosa36@example.org,Lucas Sosa,A,2024-01-27 17:39:42
757,gonzalo_juarez45@example.net,Gonzalo Juárez,I,2024-01-27 18:46:21
758,gimenez.gonzalo96@example.net,Gonzalo Giménez,A,2024-01-27 19:41:42
759,tomas.ruiz@example.org,Tomás Ruiz,A,2024-01-28 20:35:33
760,ana_lopez@example.org,Ana López,A,2024-01-29 10:39:41
761,antonella_ortiz@example.net,Antonella Ortiz,A,2024-01-29 12:29:06
762,ignacio.romero15@example.net,Ignacio Romero,A,2024-01-29 18:08:38
763,pferreyra@example.org,Paula Ferreyra,A,2024-01-30 15:08:13
764,ljuarez57@example.net,Lucas Juárez,A,2024-01-30 16:10:55
765,mortiz6@example.com,María Ortiz,I,2024-01-30 17:28:50
766,danielacastro@example.com,Daniela Castro,A,2024-01-30 18:00:25
767,martinaramirez@example.net,Martina Ramírez,I,2024-01-30 21:03:01
768,franco_peralta@example.com,Franco Peralta,A,2024-01-30 21:42:52
769,gonzalo_alvarez31@example.com,Gonzalo Álvarez,A,2024-01-31 15:07:21
770,emilianolopez@example.org,Emiliano López,A,2024-01-31 15:49:48
771,mateoledesma1997@example.org,Mateo Ledesma,A,2024-01-31 18:50:10
772,catalina_sosa95@example.org,Catalina Sosa,A,2024-02-01 09:03:41
773,julieta_ledesma10@example.net,Julieta Ledesma,A,2024-02-01 10:07:14
774,tomas.benitez11@example.net,Tomás Benítez,A,2024-02-01 11:22:43
775,milagros.morales1982@example.com,Milagros Morales,A,2024-02-01 12:01:40
776,sebastian_rios@example.net,Sebastián Ríos,A,2024-02-01 12:20:38
777,valentinamoreno@example.com,Valentina Moreno,A,2024-02-02 11:02:36
778,diego_ponce@example.org,Diego Ponce,A,2024-02-02 17:02:37
779,rgarcia96@example.org,Rocío García,A,2024-02-02 18:16:11
780,luna.brenda1999@example.net,Brenda Luna,A,2024-02-02 21:20:25
781,ezequiel.ferreyra1996@example.org,Ezequiel Ferreyra,A,2024-02-03 11:36:22
782,cabrera.antonella25@example.com,Antonella Cabrera,A,2024-02-03 13:35:31
783,molina.julieta61@example.net,Julieta Molina,A,2024-02-03 14:44:45
784,romina.lopez8@example.com,Romina López,A,2024-02-03 18:38:01
785,natalia.munoz@example.com,Natalia Muñoz,A,2024-02-04 11:58:03
786,emiliano_silva@example.net,Emiliano Silva,A,2024-02-04 15:43:24
787,sdominguez1998@example.net,Santiago Domínguez,A,2024-02-04 17:05:07
788,milagros_fernandez1988@example.com,Milagros Fernández,A,2024-02-04 20:31:17
789,rocio.munoz@example.com,Rocío Muñoz,A,2024-02-05 08:31:50
790,lucia_ferreyra@example.org,Lucía Ferreyra,A,2024-02-05 11:05:46
791,aguirre.facundo@example.com,Facundo Aguirre,A,2024-02-05 11:41:10
792,sanchez.benjamin38@example.net,Benjamín Sánchez,A,2024-02-05 12:47:09
793,brenda_sosa1968@example.net,Brenda Sosa,A,2024-02-05 13:38:51
794,juanferreyra@example.com,Juan Ferreyra,A,2024-02-06 09:56:26
795,leandro_pereyra67@example.net,Leandro Pereyra,A,2024-02-06 15:38:26
796,facundo.carrizo@example.org,Facundo Carrizo,I,2024-02-07 14:45:56
797,catalina_fernandez@example.net,Catalina Fernández,A,2024-02-08 22:46:34
798,gabrieltorres2000@example.com,Gabriel Torres,A,2024-02-09 11:20:40
799,rcastillo2000@example.com,Ramiro Castillo,A,2024-02-09 20:51:34
800,emiliano.gonzalez38@example.net,Emiliano González,A,2024-02-10 09:39:12
801,daniela.ponce@example.com,Daniela Ponce,A,2024-02-10 12:36:29
802,valentina.silva16@example.org,Valentina Silva,A,2024-02-10 12:43:38
803,gomez.agustina@example.net,Agustina Gómez,A,2024-02-10 13:53:32
804,iponce@example.com,Ignacio Ponce,I,2024-02-10 17:24:30
805,torres.santiago@example.org,Santiago Torres,I,2024-02-10 18:16:13
806,jalvarez44@example.org,Joaquín Álvarez,A,2024-02-11 19:02:22
807,mateo.dominguez@example.org,Mateo Domínguez,A,2024-02-13 11:15:23
808,mariacastillo2004@example.com,María Castillo,A,2024-02-13 12:22:12
809,maguirre@example.com,Mateo Aguirre,A,2024-02-13 12:49:37
810,nicolasmunoz@example.org,Nicolás Muñoz,A,2024-02-14 01:07:25
811,martina_gimenez@example.net,Martina Giménez,A,2024-02-14 20:16:15
812,emiliano.aguirre@example.net,Emiliano Aguirre,A,2024-02-14 23:21:51
813,martin.molina26@example.net,Martín Molina,A,2024-02-15 00:51:16
814,ana_peralta96@example.net,Ana Peralta,A,2024-02-15 11:28:43
815,hernan_lopez1966@example.org,Hernán López,A,2024-02-15 18:05:45
816,benjamintorres@example.org,Benjamín Torres,A,2024-02-15 18:07:51
817,rocio.pereyra62@example.org,Rocío Pereyra,I,2024-02-15 22:07:32
818,romero.joaquin@example.org,Joaquín Romero,A,2024-02-16 12:06:26
819,mgarcia1999@example.com,Micaela García,A,2024-02-16 13:22:27
820,ponce.victoria75@example.net,Victoria Ponce,A,2024-02-16 18:01:28
821,csilva@example.com,Catalina Silva,A,2024-02-16 19:32:11
822,martin_ramirez@example.com,Martín Ramírez,A,2024-02-16 20:34:40
823,tledesma6@example.net,Tomás Ledesma,A,2024-02-16 21:52:06
824,victoria.lopez@example.org,Victoria López,A,2024-02-16 23:13:11
825,antonella_martinez1997@example.org,Antonella Martínez,A,2024-02-17 11:51:12
826,portiz1981@example.org,Pablo Ortiz,A,2024-02-17 13:37:20
827,milagros_benitez@example.com,Milagros Benítez,I,2024-02-17 15:33:07
828,paula.herrera71@example.net,Paula Herrera,A,2024-02-17 17:34:25
829,belen.ferreyra1978@example.com,Belén Ferreyra,A,2024-02-17 20:03:30
830,anaortiz@example.com,Ana Ortiz,A,2024-02-17 20:37:42
831,tomas.molina@example.com,Tomás Molina,A,2024-02-18 19:55:39
832,lucia.perez90@example.com,Lucía Pérez,I,2024-02-18 23:05:04
833,benjamin_ponce55@example.org,Benjamín Ponce,A,2024-02-19 09:13:25
834,alejandrodominguez@example.com,Alejandro Domínguez,A,2024-02-19 10:02:54
835,camilavega@example.org,Camila Vega,A,2024-02-19 12:27:48
836,peralta.gabriel37@example.net,Gabriel Peralta,A,2024-02-19 14:26:38
837,benjaminrojas97@example.com,Benjamín Rojas,A,2024-02-19 16:20:50
838,leandromoreno1973@example.com,Leandro Moreno,A,2024-02-19 17:15:02
839,daniela.pereyra@example.net,Daniela Pereyra,A,2024-02-20 06:19:08
840,florenciaromero50@example.net,Florencia Romero,I,2024-02-20 09:45:30
841,garcia.romina89@example.org,Romina García,A,2024-02-20 11:39:34
842,ignacio_quiroga1991@example.com,Ignacio Quiroga,I,2024-02-20 12:33:30
843,aacosta98@example.com,Alejandro Acosta,A,2024-02-21 05:17:09
844,mlopez1975@example.org,Martín López,A,2024-02-21 08:03:57
845,romina.alvarez33@example.com,Romina Álvarez,A,2024-02-21 08:08:19
846,facundo_peralta@example.org,Facundo Peralta,A,2024-02-21 12:10:43
847,rocio_sanchez@example.org,Rocío Sánchez,I,2024-02-21 12:20:48
848,ediaz73@example.org,Ezequiel Díaz,A,2024-02-21 12:44:14
849,gabriel.torres70@example.com,Gabriel Torres,I,2024-02-21 17:24:23
850,pereyra.agustina51@example.org,Agustina Pereyra,A,2024-02-21 20:14:17
851,ezequieltorres45@example.org,Ezequiel Torres,A,2024-02-21 21:25:57
852,cferreyra@example.org,Camila Ferreyra,A,2024-02-22 15:11:48
853,ramiro_flores1995@example.com,Ramiro Flores,I,2024-02-22 18:08:56
854,victoria_garcia@example.com,Victoria García,A,2024-02-22 20:22:53
855,antonella_molina@example.net,Antonella Molina,A,2024-02-23 00:05:57
856,ferreyra.gabriel@example.org,Gabriel Ferreyra,A,2024-02-23 11:26:39
857,danielaacosta@example.org,Daniela Acosta,A,2024-02-23 13:55:48
858,alejandrogodoy1992@example.org,Alejandro Godoy,A,2024-02-23 16:43:21
859,juan.silva44@example.com,Juan Silva,A,2024-02-23 18:15:27
860,alejandro_aguirre@example.org,Alejandro Aguirre,A,2024-02-23 18:37:15
861,godoy.leandro@example.org,Leandro Godoy,A,2024-02-23 18:48:21
862,lucasaguirre@example.org,Lucas Aguirre,A,2024-02-23 20:24:07
863,victoriamartinez67@example.org,Victoria Martínez,A,2024-02-24 04:54:41
864,silvina_benitez93@example.org,Silvina Benítez,A,2024-02-24 11:10:51
865,herrera.juan@example.com,Juan Herrera,A,2024-02-24 14:51:53
866,julieta.gimenez1982@example.org,Julieta Giménez,A,2024-02-24 15:21:59
867,micaelaalvarez@example.com,Micaela Álvarez,A,2024-02-24 15:46:56
868,jmolina1966@example.com,Juan Molina,A,2024-02-24 18:39:27
869,paulasilva@example.org,Paula Silva,A,2024-02-25 01:50:42
870,federico.torres@example.com,Federico Torres,A,2024-02-25 12:04:50
871,ezequielsosa1974@example.net,Ezequiel Sosa,A,2024-02-26 14:57:30
872,sofia.ponce25@example.com,Sofía Ponce,A,2024-02-26 17:12:00
873,catalinaortiz55@example.org,Catalina Ortiz,A,2024-02-26 18:28:09
874,sgutierrez1986@example.net,Sebastián Gutiérrez,A,2024-02-26 19:40:39
875,silvina.medina1965@example.org,Silvina Medina,A,2024-02-26 20:01:39
876,anacastillo@example.com,Ana Castillo,A,2024-02-26 20:05:58
877,rociogimenez@example.org,Rocío Giménez,I,2024-02-26 21:34:42
878,ramiro_flores34@example.net,Ramiro Flores,A,2024-02-26 22:19:54
879,carolinacastillo52@example.com,Carolina Castillo,I,2024-02-26 23:46:10
880,santiago.suarez49@example.net,Santiago Suárez,A,2024-02-27 11:03:55
881,alejandro.romero1979@example.net,Alejandro Romero,A,2024-02-27 12:34:38
882,facundo_ojeda2003@example.org,Facundo Ojeda,A,2024-02-27 16:40:42
883,lbenitez98@example.com,Leandro Benítez,A,2024-02-27 20:49:28
884,silvina.gutierrez54@example.net,Silvina Gutiérrez,I,2024-02-27 21:00:21
885,mperalta10@example.com,Mateo Peralta,A,2024-02-28 06:26:49
886,florencia.lopez45@example.net,Florencia López,A,2024-02-28 13:34:14
887,facundo_sosa26@example.net,Facundo Sosa,A,2024-02-28 15:54:37
888,vcabrera56@example.net,Victoria Cabrera,A,2024-02-28 21:47:20
889,catalina_gutierrez1972@example.com,Catalina Gutiérrez,A,2024-02-28 22:03:49
890,benjamin_godoy47@example.net,Benjamín Godoy,A,2024-02-29 15:17:34
891,hernan_carrizo@example.org,Hernán Carrizo,A,2024-02-29 15:56:14
892,brendarojas@example.org,Brenda Rojas,A,2024-02-29 16:37:44
893,macosta@example.org,Matías Acosta,A,2024-02-29 19:43:45
894,federicomartinez1994@example.org,Federico Martínez,A,2024-02-29 20:49:11
895,aguirre.ana83@example.org,Ana Aguirre,A,2024-02-29 22:35:39
896,gonzalogimenez@example.com,Gonzalo Giménez,A,2024-03-01 10:56:53
897,vega.agustina1972@example.org,Agustina Vega,A,2024-03-01 13:47:10
898,camila_juarez1967@example.net,Camila Juárez,A,2024-03-01 15:48:09
899,ccabrera@example.com,Camila Cabrera,A,2024-03-01 18:24:39
900,lferreyra1990@example.org,Lucas Ferreyra,I,2024-03-01 18:38:05
901,lucascarrizo1989@example.com,Lucas Carrizo,A,2024-03-01 19:50:01
902,agonzalez70@example.net,Agustina González,I,2024-03-01 19:55:09
903,sofia.ferreyra2002@example.org,Sofía Ferreyra,I,2024-03-01 20:46:28
904,ledesma.matias@example.net,Matías Ledesma,I,2024-03-01 21:33:11
905,antonella.carrizo@example.com,Antonella Carrizo,A,2024-03-01 21:33:54
906,castillo.santiago19@example.net,Santiago Castillo,A,2024-03-02 09:12:09
907,herrera.martina1994@example.org,Martina Herrera,A,2024-03-02 11:19:04
908,micaela_flores@example.org,Micaela Flores,A,2024-03-02 15:13:28
909,hnunez1979@example.com,Hernán Núñez,A,2024-03-02 16:07:46
910,ramirodiaz1988@example.net,Ramiro Díaz,A,2024-03-02 19:34:52
911,emartinez1990@example.org,Emiliano Martínez,A,2024-03-02 22:01:45
912,suarez.natalia40@example.org,Natalia Suárez,A,2024-03-03 17:51:28
913,tmedina@example.net,Tomás Medina,A,2024-03-03 20:38:16
914,molina.pablo@example.com,Pablo Molina,A,2024-03-04 05:02:26
915,juanmedina@example.net,Juan Medina,A,2024-03-04 08:59:02
916,leandro.sanchez1970@example.org,Leandro Sánchez,I,2024-03-04 11:51:29
917,ppereyra1980@example.org,Pablo Pereyra,I,2024-03-04 13:48:55
918,gabrielrodriguez8@example.org,Gabriel Rodríguez,A,2024-03-04 18:06:40
919,herrera.lucia46@example.com,Lucía Herrera,A,2024-03-04 18:34:04
920,ignacio_alvarez1965@example.org,Ignacio Álvarez,A,2024-03-04 19:05:44
921,gomez.julieta@example.net,Julieta Gómez,A,2024-03-04 20:45:29
922,sebastianjuarez15@example.org,Sebastián Juárez,A,2024-03-04 23:08:09
923,belen.herrera1990@example.com,Belén Herrera,I,2024-03-05 14:45:08
924,ecabrera2002@example.net,Emiliano Cabrera,A,2024-03-05 15:22:13
925,matias.gomez1973@example.com,Matías Gómez,A,2024-03-06 18:06:30
926,ledesma.diego@example.net,Diego Ledesma,A,2024-03-06 21:24:54
927,belen_rojas@example.net,Belén Rojas,A,2024-03-07 11:10:02
928,federico.gimenez14@example.org,Federico Giménez,A,2024-03-07 18:55:47
929,sofia_peralta@example.org,Sofía Peralta,A,2024-03-07 20:54:13
930,nicolas_medina75@example.org,Nicolás Medina,A,2024-03-08 10:24:41
931,carrizo.mateo55@example.net,Mateo Carrizo,A,2024-03-08 12:25:18
932,juan_diaz27@example.org,Juan Díaz,A,2024-03-08 13:46:27
933,martina.alvarez2004@example.com,Martina Álvarez,A,2024-03-08 15:29:14
934,bperalta@example.net,Brenda Peralta,A,2024-03-08 20:04:05
935,mluna1979@example.com,Mateo Luna,A,2024-03-09 10:23:03
936,luciacabrera31@example.net,Lucía Cabrera,A,2024-03-09 14:41:42
937,jledesma1966@example.net,Joaquín Ledesma,I,2024-03-09 17:39:30
938,fgimenez2005@example.net,Franco Giménez,A,2024-03-09 18:45:24
939,castillo.milagros11@example.com,Milagros Castillo,A,2024-03-10 05:37:21
940,carolina.ruiz@example.org,Carolina Ruiz,A,2024-03-10 06:24:08
941,pereyra.santiago1985@example.com,Santiago Pereyra,A,2024-03-10 19:38:43
942,martin_sosa@example.net,Martín Sosa,A,2024-03-10 22:26:13
943,hernan.sosa1992@example.org,Hernán Sosa,A,2024-03-10 22:36:20
944,francodominguez1998@example.net,Franco Domínguez,A,2024-03-11 14:10:55
945,sofia.alvarez64@example.net,Sofía Álvarez,A,2024-03-11 14:28:10
946,asanchez@example.net,Antonella Sánchez,A,2024-03-11 14:48:27
947,federicocastillo22@example.net,Federico Castillo,A,2024-03-11 15:35:09
948,silvinadiaz@example.org,Silvina Díaz,A,2024-03-12 09:25:45
949,silvinadiaz41@example.net,Silvina Díaz,A,2024-03-12 11:01:07
950,martinherrera@example.net,Martín Herrera,A,2024-03-12 12:12:11
951,tomas.gutierrez68@example.org,Tomás Gutiérrez,A,2024-03-12 16:41:59
952,mariaruiz95@example.org,María Ruiz,A,2024-03-12 20:14:11
953,benitez.alejandro26@example.org,Alejandro Benítez,A,2024-03-13 17:10:50
954,perez.juan@example.net,Juan Pérez,A,2024-03-13 20:13:12
955,vega.sebastian21@example.com,Sebastián Vega,A,2024-03-13 23:24:50
956,marialedesma@example.net,María Ledesma,A,2024-03-14 08:07:26
957,carolina_silva20@example.org,Carolina Silva,A,2024-03-14 18:22:40
958,ledesma.matias@example.com,Matías Ledesma,A,2024-03-15 01:00:27
959,joaquin.rojas@example.org,Joaquín Rojas,A,2024-03-15 05:33:44
960,carolina_dominguez@example.org,Carolina Domínguez,A,2024-03-15 15:17:07
961,joaquinnunez2005@example.com,Joaquín Núñez,A,2024-03-15 15:21:33
962,santiago_torres@example.org,Santiago Torres,A,2024-03-16 10:48:18
963,franco_suarez26@example.com,Franco Suárez,I,2024-03-16 11:49:49
964,camila.dominguez1979@example.net,Camila Domínguez,A,2024-03-17 12:28:25
965,bponce@example.com,Belén Ponce,A,2024-03-17 21:01:46
966,emiliano.ramirez@example.com,Emiliano Ramírez,A,2024-03-18 11:41:30
967,lcarrizo@example.net,Leandro Carrizo,A,2024-03-18 16:54:43
968,juan.ferreyra@example.com,Juan Ferreyra,A,2024-03-18 19:38:32
969,sebastian.gomez23@example.com,Sebastián Gómez,A,2024-03-18 23:48:56
970,mariacastillo1975@example.com,María Castillo,I,2024-03-19 09:29:34
971,bgutierrez@example.com,Belén Gutiérrez,A,2024-03-19 11:14:39
972,antonella_ojeda41@example.com,Antonella Ojeda,I,2024-03-19 11:33:15
973,ramiro.ponce@example.org,Ramiro Ponce,A,2024-03-19 15:35:13
974,milagros.garcia77@example.org,Milagros García,A,2024-03-19 19:01:48
975,milagros.pereyra50@example.net,Milagros Pereyra,A,2024-03-19 19:09:14
976,leandro.acosta1977@example.com,Leandro Acosta,A,2024-03-20 13:20:50
977,rgutierrez94@example.org,Ramiro Gutiérrez,A,2024-03-20 23:25:37
978,gonzalo_rodriguez@example.org,Gonzalo Rodríguez,A,2024-03-21 08:38:28
979,benjamin_perez1985@example.net,Benjamín Pérez,A,2024-03-21 16:42:07
980,ivega1978@example.net,Ignacio Vega,I,2024-03-21 16:44:13
981,vega.natalia8@example.net,Natalia Vega,A,2024-03-21 18:24:35
982,nicolas_dominguez86@example.net,Nicolás Domínguez,A,2024-03-21 21:36:13
983,gonzaloruiz@example.com,Gonzalo Ruiz,A,2024-03-21 23:07:58
984,martinez.matias2003@example.com,Matías Martínez,A,2024-03-22 10:17:48
985,martin.moreno2003@example.com,Martín Moreno,A,2024-03-22 14:08:09
986,nunez.antonella2000@example.org,Antonella Núñez,A,2024-03-22 21:24:25
987,ledesma.gonzalo41@example.net,Gonzalo Ledesma,A,2024-03-23 17:38:08
988,martin_acosta@example.com,Martín Acosta,I,2024-03-23 17:39:43
989,facundo_rios45@example.com,Facundo Ríos,A,2024-03-23 21:48:22
990,hernan.dominguez1983@example.net,Hernán Domínguez,A,2024-03-24 01:29:54
991,plopez87@example.org,Pablo López,A,2024-03-25 10:50:20
992,godoy.catalina73@example.com,Catalina Godoy,A,2024-03-25 11:26:13
993,alvarez.catalina93@example.org,Catalina Álvarez,A,2024-03-26 11:14:40
994,lucia.alvarez@example.org,Lucía Álvarez,A,2024-03-26 13:20:30
995,svega1968@example.net,Silvina Vega,A,2024-03-26 13:58:53
996,ibenitez@example.net,Ignacio Benítez,A,2024-03-26 17:08:52
997,silva.juan1974@example.org,Juan Silva,A,2024-03-26 17:22:42
998,joaquincastillo35@example.net,Joaquín Castillo,A,2024-03-26 19:12:54
999,rgimenez@example.com,Romina Giménez,I,2024-03-27 07:00:05
1000,fgomez@example.org,Facundo Gómez,I,2024-03-27 15:27:02
1001,fflores63@example.net,Federico Flores,A,2024-03-27 17:13:35
1002,daniela.herrera@example.com,Daniela Herrera,A,2024-03-27 21:31:37
1003,matiasperalta@example.net,Matías Peralta,A,2024-03-28 04:15:53
1004,emiliano_aguirre64@example.org,Emiliano Aguirre,A,2024-03-28 11:17:41
1005,ijuarez@example.com,Ignacio Juárez,I,2024-03-28 12:42:37
1006,mateo_sanchez1976@example.net,Mateo Sánchez,A,2024-03-28 14:41:32
1007,emilianoledesma47@example.com,Emiliano Ledesma,A,2024-03-28 18:10:10
1008,garcia.pablo@example.com,Pablo García,A,2024-03-28 19:32:44
1009,speralta1988@example.org,Silvina Peralta,A,2024-03-28 21:20:44
1010,florencia_morales59@example.org,Florencia Morales,A,2024-03-29 18:56:42
1011,milagros.quiroga93@example.org,Milagros Quiroga,A,2024-03-29 19:34:49
1012,hernan_rodriguez86@example.com,Hernán Rodríguez,A,2024-03-29 19:39:33
1013,lopez.ana@example.org,Ana López,A,2024-03-29 20:55:15
1014,diaz.nicolas@example.com,Nicolás Díaz,I,2024-03-30 13:43:26
1015,acosta.hernan@example.net,Hernán Acosta,A,2024-03-30 15:00:08
1016,carolina_gomez2003@example.com,Carolina Gómez,A,2024-03-30 19:24:08
1017,perez.valentina1967@example.com,Valentina Pérez,A,2024-03-30 20:03:14
1018,ledesma.sebastian@example.org,Sebastián Ledesma,I,2024-03-31 08:36:59
1019,apereyra@example.org,Antonella Pereyra,A,2024-03-31 09:48:32
1020,belen_quiroga2005@example.com,Belén Quiroga,A,2024-03-31 16:05:24
1021,pablo_ruiz59@example.net,Pablo Ruiz,A,2024-03-31 19:43:09
1022,belennunez13@example.net,Belén Núñez,A,2024-04-01 10:41:24
1023,ojeda.hernan49@example.com,Hernán Ojeda,A,2024-04-01 14:08:19
1024,nicolasferreyra@example.net,Nicolás Ferreyra,A,2024-04-01 14:48:30
1025,sebastian_quiroga@example.com,Sebastián Quiroga,A,2024-04-01 16:40:35
1026,milagrosmorales@example.net,Milagros Morales,A,2024-04-01 22:12:30
1027,facundo_acosta34@example.org,Facundo Acosta,A,2024-04-02 22:55:46
1028,cabrera.emiliano@example.com,Emiliano Cabrera,A,2024-04-03 13:55:20
1029,hrios14@example.org,Hernán Ríos,A,2024-04-03 21:47:23
1030,emiliano.cabrera1991@example.org,Emiliano Cabrera,A,2024-04-04 12:20:44
1031,facosta1998@example.net,Florencia Acosta,A,2024-04-04 13:21:54
1032,matias.juarez@example.org,Matías Juárez,A,2024-04-05 18:38:16
1033,mquiroga@example.net,Micaela Quiroga,A,2024-04-05 18:47:25
1034,ruiz.tomas1972@example.net,Tomás Ruiz,A,2024-04-06 12:11:16
1035,dominguez.sofia90@example.org,Sofía Domínguez,A,2024-04-06 12:14:31
1036,ezequiel_rios1967@example.com,Ezequiel Ríos,A,2024-04-06 19:02:33
1037,julieta_ferreyra11@example.net,Julieta Ferreyra,A,2024-04-07 08:43:11
1038,alejandro.godoy@example.net,Alejandro Godoy,A,2024-04-07 18:02:45
1039,rocio_benitez24@example.com,Rocío Benítez,A,2024-04-07 19:16:41
1040,rferreyra1996@example.com,Ramiro Ferreyra,A,2024-04-08 13:05:15
1041,carolina_carrizo@example.org,Carolina Carrizo,A,2024-04-08 13:39:31
1042,federicogarcia@example.net,Federico García,A,2024-04-08 15:44:59
1043,pablo.martinez@example.com,Pablo Martínez,A,2024-04-08 16:52:48
1044,ipereyra19@example.org,Ignacio Pereyra,A,2024-04-08 19:00:54
1045,mariaferreyra14@example.com,María Ferreyra,A,2024-04-09 06:27:57
1046,florencia_morales46@example.org,Florencia Morales,A,2024-04-09 14:28:51
1047,cortiz1975@example.org,Catalina Ortiz,A,2024-04-09 16:41:24
1048,cabrera.federico28@example.net,Federico Cabrera,A,2024-04-10 01:16:49
1049,agustina_silva@example.com,Agustina Silva,A,2024-04-10 01:22:45
1050,joaquin_martinez2001@example.org,Joaquín Martínez,A,2024-04-10 12:23:05
1051,matias_alvarez@example.org,Matías Álvarez,A,2024-04-10 14:42:11
1052,btorres44@example.com,Brenda Torres,A,2024-04-10 19:35:40
1053,svega1970@example.org,Sofía Vega,A,2024-04-11 03:22:43
1054,gabriel_torres@example.net,Gabriel Torres,A,2024-04-11 07:57:34
1055,alejandro.peralta4@example.org,Alejandro Peralta,A,2024-04-11 09:54:02
1056,srojas@example.org,Sebastián Rojas,A,2024-04-11 15:02:24
1057,milagros.herrera@example.com,Milagros Herrera,A,2024-04-11 19:55:11
1058,danielagarcia1992@example.net,Daniela García,A,2024-04-12 12:18:31
1059,agustinacarrizo1996@example.com,Agustina Carrizo,A,2024-04-12 15:02:55
1060,sebastian_martinez@example.org,Sebastián Martínez,A,2024-04-12 19:37:15
1061,silvina.gimenez@example.org,Silvina Giménez,A,2024-04-12 19:47:33
1062,matiasacosta@example.com,Matías Acosta,A,2024-04-12 20:34:22
1063,juanmorales@example.net,Juan Morales,I,2024-04-13 11:49:58
1064,flores.silvina1968@example.com,Silvina Flores,I,2024-04-13 19:08:21
1065,pabloherrera@example.com,Pablo Herrera,A,2024-04-13 22:06:38
1066,romina_castillo@example.net,Romina Castillo,A,2024-04-14 07:58:06
1067,sanchez.luciana35@example.com,Luciana Sánchez,A,2024-04-14 10:58:31
1068,lucas.quiroga@example.com,Lucas Quiroga,A,2024-04-14 17:37:07
1069,danielarodriguez21@example.com,Daniela Rodríguez,A,2024-04-14 23:37:05
1070,daniela.benitez1987@example.com,Daniela Benítez,A,2024-04-15 01:15:25
1071,franco.gonzalez2004@example.org,Franco González,A,2024-04-15 10:19:57
1072,diego.ponce2002@example.net,Diego Ponce,A,2024-04-15 23:40:18
1073,gortiz1984@example.net,Gabriel Ortiz,A,2024-04-17 00:58:00
1074,alejandro_godoy98@example.com,Alejandro Godoy,A,2024-04-17 13:24:00
1075,antonella.gonzalez29@example.org,Antonella González,I,2024-04-17 17:21:38
1076,hernan.dominguez@example.com,Hernán Domínguez,A,2024-04-17 18:40:26
1077,lopez.alejandro1979@example.com,Alejandro López,A,2024-04-17 22:39:34
1078,rocioacosta78@example.org,Rocío Acosta,A,2024-04-18 08:53:09
1079,munoz.benjamin1991@example.net,Benjamín Muñoz,A,2024-04-18 21:30:53
1080,fernandez.martina64@example.org,Martina Fernández,I,2024-04-19 13:34:00
1081,paula_gomez74@example.com,Paula Gómez,A,2024-04-19 15:12:07
1082,camila_sanchez24@example.com,Camila Sánchez,A,2024-04-19 17:30:31
1083,ortiz.agustina@example.org,Agustina Ortiz,I,2024-04-19 19:13:03
1084,julieta_morales@example.org,Julieta Morales,A,2024-04-20 04:47:49
1085,federico_fernandez46@example.net,Federico Fernández,A,2024-04-20 10:27:17
1086,rflores1966@example.com,Romina Flores,A,2024-04-20 18:03:40
1087,aacosta@example.com,Alejandro Acosta,A,2024-04-20 18:33:11
1088,mlopez@example.net,Mateo López,A,2024-04-21 08:12:09
1089,brenda.rios@example.org,Brenda Ríos,A,2024-04-22 12:16:41
1090,benjamin_rios51@example.com,Benjamín Ríos,I,2024-04-22 14:05:00
1091,ezequiel_castillo51@example.com,Ezequiel Castillo,A,2024-04-22 19:20:32
1092,daniela.benitez@example.com,Daniela Benítez,A,2024-04-22 19:30:50
1093,santiago_rodriguez2002@example.net,Santiago Rodríguez,A,2024-04-22 22:32:09
1094,paulasosa1981@example.com,Paula Sosa,A,2024-04-23 09:39:13
1095,hernan_luna33@example.net,Hernán Luna,A,2024-04-23 17:34:38
1096,natalia_silva72@example.org,Natalia Silva,A,2024-04-24 03:14:40
1097,ortiz.santiago96@example.org,Santiago Ortiz,A,2024-04-24 10:27:20
1098,jquiroga@example.com,Juan Quiroga,A,2024-04-24 15:09:31
1099,ignaciocarrizo1965@example.com,Ignacio Carrizo,A,2024-04-24 16:04:11
1100,leandro.silva81@example.com,Leandro Silva,A,2024-04-24 16:08:59
1101,matias_ferreyra1979@example.net,Matías Ferreyra,A,2024-04-24 16:20:46
1102,sgonzalez@example.org,Santiago González,A,2024-04-24 20:08:25
1103,sofia_silva87@example.org,Sofía Silva,A,2024-04-25 10:51:08
1104,peralta.gonzalo43@example.com,Gonzalo Peralta,A,2024-04-25 13:24:25
1105,mateo_ruiz1976@example.net,Mateo Ruiz,A,2024-04-25 16:59:28
1106,tomas.cabrera50@example.com,Tomás Cabrera,A,2024-04-25 17:52:06
1107,pgutierrez@example.com,Pablo Gutiérrez,A,2024-04-25 18:50:20
1108,camilaramirez@example.com,Camila Ramírez,A,2024-04-25 18:51:17
1109,gonzaloledesma16@example.com,Gonzalo Ledesma,A,2024-04-25 19:43:10
1110,molina.daniela1999@example.com,Daniela Molina,A,2024-04-25 21:38:23
1111,milagros.perez1971@example.net,Milagros Pérez,A,2024-04-26 06:58:41
1112,brenda_rios1979@example.net,Brenda Ríos,A,2024-04-26 14:53:38
1113,camilaherrera@example.net,Camila Herrera,A,2024-04-26 16:02:28
1114,catalinamedina@example.com,Catalina Medina,A,2024-04-26 21:43:24
1115,micaelamartinez18@example.com,Micaela Martínez,A,2024-04-26 22:04:49
1116,gonzalofernandez25@example.org,Gonzalo Fernández,A,2024-04-27 00:34:06
1117,ignacio_vega@example.net,Ignacio Vega,A,2024-04-28 11:42:02
1118,apereyra@example.net,Ana Pereyra,A,2024-04-28 18:43:14
1119,mperalta@example.org,Micaela Peralta,I,2024-04-29 17:39:28
1120,nicolasflores1993@example.com,Nicolás Flores,A,2024-04-29 22:20:14
1121,ramiro_benitez@example.org,Ramiro Benítez,A,2024-04-30 15:00:52
1122,camilaperalta92@example.com,Camila Peralta,A,2024-04-30 18:11:51
1123,godoy.brenda29@example.net,Brenda Godoy,A,2024-04-30 23:22:39
1124,ana_benitez@example.org,Ana Benítez,A,2024-05-02 06:21:07
1125,gonzalez.agustina1995@example.org,Agustina González,I,2024-05-02 19:26:23
1126,rociorojas68@example.com,Rocío Rojas,A,2024-05-02 20:53:37
1127,julieta_ferreyra2@example.net,Julieta Ferreyra,A,2024-05-03 01:06:26
1128,maria_ferreyra88@example.org,María Ferreyra,A,2024-05-03 05:34:01
1129,smoreno1986@example.org,Sofía Moreno,A,2024-05-03 12:36:49
1130,natalia.dominguez44@example.com,Natalia Domínguez,A,2024-05-03 20:19:26
1131,camilanunez64@example.org,Camila Núñez,I,2024-05-04 12:06:29
1132,nicolasfernandez7@example.net,Nicolás Fernández,I,2024-05-04 21:58:09
1133,ignacioaguirre1996@example.com,Ignacio Aguirre,A,2024-05-05 09:58:38
1134,slopez83@example.org,Sebastián López,A,2024-05-05 17:45:44
1135,franco.fernandez47@example.net,Franco Fernández,A,2024-05-06 09:53:52
1136,agustina_cabrera@example.net,Agustina Cabrera,A,2024-05-06 22:41:42
1137,martin.godoy62@example.net,Martín Godoy,I,2024-05-07 13:12:44
1138,matiasdominguez@example.com,Matías Domínguez,A,2024-05-07 15:12:51
1139,martinatorres11@example.net,Martina Torres,A,2024-05-07 16:39:16
1140,matiascabrera1993@example.org,Matías Cabrera,A,2024-05-07 17:40:22
1141,nmedina@example.org,Natalia Medina,A,2024-05-07 21:56:03
1142,florenciamolina@example.net,Florencia Molina,A,2024-05-07 23:19:48
1143,pablo.fernandez1986@example.net,Pablo Fernández,A,2024-05-08 08:53:06
1144,gabriel_castillo80@example.com,Gabriel Castillo,A,2024-05-08 13:29:48
1145,ezequiel.ojeda@example.org,Ezequiel Ojeda,A,2024-05-08 13:48:56
1146,jsanchez1989@example.org,Joaquín Sánchez,A,2024-05-08 20:20:27
1147,diego_gimenez@example.com,Diego Giménez,A,2024-05-09 19:45:24
1148,pablocarrizo1974@example.net,Pablo Carrizo,A,2024-05-09 19:47:44
1149,juan.rojas76@example.com,Juan Rojas,A,2024-05-09 23:00:25
1150,joaquin_suarez53@example.net,Joaquín Suárez,A,2024-05-10 15:02:39
1151,morales.pablo@example.org,Pablo Morales,A,2024-05-10 17:20:41
1152,martinacastro46@example.com,Martina Castro,A,2024-05-10 20:28:06
1153,rherrera@example.org,Rocío Herrera,A,2024-05-11 12:06:56
1154,silva.ezequiel1991@example.net,Ezequiel Silva,A,2024-05-11 16:15:59
1155,natalia.suarez60@example.com,Natalia Suárez,A,2024-05-11 17:32:20
1156,gomez.silvina20@example.org,Silvina Gómez,A,2024-05-11 17:49:04
1157,rodriguez.antonella88@example.net,Antonella Rodríguez,A,2024-05-11 18:18:32
1158,fojeda@example.com,Federico Ojeda,A,2024-05-12 16:42:31
1159,sebastianbenitez1993@example.com,Sebastián Benítez,A,2024-05-13 09:32:47
1160,acosta.agustina72@example.net,Agustina Acosta,A,2024-05-13 10:05:58
1161,diego_torres1991@example.com,Diego Torres,I,2024-05-13 11:12:03
1162,belen.ortiz@example.com,Belén Ortiz,A,2024-05-13 11:47:02
1163,mruiz85@example.com,Martina Ruiz,A,2024-05-13 18:09:30
1164,joaquin_diaz@example.com,Joaquín Díaz,I,2024-05-13 18:35:33
1165,joaquin_lopez76@example.org,Joaquín López,A,2024-05-13 20:17:12
1166,rocio_quiroga1998@example.org,Rocío Quiroga,A,2024-05-13 22:22:45
1167,rodriguez.santiago94@example.org,Santiago Rodríguez,I,2024-05-14 05:20:54
1168,martina.sosa31@example.net,Martina Sosa,A,2024-05-14 10:08:14
1169,fgonzalez1983@example.org,Franco González,A,2024-05-14 12:42:20
1170,joaquinortiz@example.net,Joaquín Ortiz,A,2024-05-14 12:59:12
1171,franco.sosa@example.com,Franco Sosa,I,2024-05-14 13:33:17
1172,ljuarez1985@example.com,Lucía Juárez,A,2024-05-14 13:44:21
1173,martinez.catalina18@example.com,Catalina Martínez,A,2024-05-14 14:39:00
1174,lucas.gimenez46@example.com,Lucas Giménez,A,2024-05-14 16:12:54
1175,matias_garcia92@example.net,Matías García,A,2024-05-14 18:01:36
1176,smorales@example.net,Sebastián Morales,A,2024-05-14 18:05:55
1177,emiliano_benitez@example.net,Emiliano Benítez,A,2024-05-14 20:00:40
1178,sebastian.ruiz11@example.org,Sebastián Ruiz,A,2024-05-14 22:13:41
1179,ruiz.luciana44@example.org,Luciana Ruiz,A,2024-05-15 06:03:01
1180,aalvarez1@example.org,Alejandro Álvarez,A,2024-05-15 11:17:40
1181,nacosta98@example.org,Natalia Acosta,I,2024-05-15 13:27:29
1182,florenciasilva@example.net,Florencia Silva,A,2024-05-15 15:55:45
1183,ignacio.carrizo73@example.org,Ignacio Carrizo,A,2024-05-15 15:56:02
1184,diegocastillo88@example.com,Diego Castillo,A,2024-05-15 18:11:39
1185,ezequiel_castro@example.net,Ezequiel Castro,A,2024-05-15 19:34:53
1186,micaelagutierrez1999@example.com,Micaela Gutiérrez,A,2024-05-15 19:37:42
1187,paula.torres@example.com,Paula Torres,A,2024-05-15 20:05:11
1188,franco.alvarez@example.com,Franco Álvarez,A,2024-05-15 20:29:24
1189,franco.medina1985@example.net,Franco Medina,I,2024-05-15 22:49:32
1190,sofiaflores2000@example.org,Sofía Flores,A,2024-05-16 05:54:06
1191,leandro_flores@example.net,Leandro Flores,A,2024-05-16 07:36:03
1192,catalinagimenez1992@example.com,Catalina Giménez,A,2024-05-16 12:30:08
1193,tomasferreyra@example.com,Tomás Ferreyra,I,2024-05-17 10:17:26
1194,romina_sosa@example.com,Romina Sosa,A,2024-05-17 12:25:16
1195,julieta_juarez@example.org,Julieta Juárez,A,2024-05-17 13:24:30
1196,valentinamoreno1968@example.net,Valentina Moreno,A,2024-05-17 16:59:54
1197,santiago.aguirre47@example.net,Santiago Aguirre,A,2024-05-18 13:18:07
1198,vega.milagros66@example.net,Milagros Vega,A,2024-05-18 14:39:35
1199,sebastianalvarez@example.com,Sebastián Álvarez,I,2024-05-18 14:52:41
1200,juan_romero1968@example.com,Juan Romero,A,2024-05-18 23:51:48
1201,sebastian.torres1986@example.com,Sebastián Torres,A,2024-05-19 09:19:42
1202,ledesma.gonzalo@example.org,Gonzalo Ledesma,A,2024-05-19 17:19:18
1203,lucas.morales2004@example.com,Lucas Morales,I,2024-05-19 20:05:43
1204,juan.romero2001@example.net,Juan Romero,A,2024-05-20 11:07:07
1205,perez.luciana1@example.com,Luciana Pérez,A,2024-05-20 16:16:05
1206,matias.aguirre59@example.com,Matías Aguirre,A,2024-05-21 12:49:27
1207,silvinacarrizo@example.net,Silvina Carrizo,A,2024-05-21 14:03:18
1208,diego.benitez39@example.net,Diego Benítez,A,2024-05-21 15:33:59
1209,nicolas.moreno@example.net,Nicolás Moreno,I,2024-05-21 18:12:25
1210,suarez.maria21@example.org,María Suárez,A,2024-05-22 10:57:21
1211,medina.daniela@example.net,Daniela Medina,A,2024-05-22 13:20:26
1212,florencia.sosa1997@example.com,Florencia Sosa,A,2024-05-23 02:10:25
1213,mgodoy66@example.net,Martina Godoy,A,2024-05-23 02:28:19
1214,camila.nunez64@example.org,Camila Núñez,A,2024-05-23 11:02:56
1215,agimenez55@example.org,Antonella Giménez,I,2024-05-23 14:01:02
1216,ana.ortiz45@example.com,Ana Ortiz,I,2024-05-23 18:09:56
1217,anaalvarez@example.com,Ana Álvarez,A,2024-05-23 18:56:51
1218,silva.nicolas96@example.net,Nicolás Silva,A,2024-05-23 20:56:12
1219,rtorres@example.net,Romina Torres,A,2024-05-24 04:11:15
1220,federico_fernandez1981@example.org,Federico Fernández,A,2024-05-24 16:41:43
1221,nmoreno9@example.com,Natalia Moreno,A,2024-05-24 17:23:58
1222,dsosa58@example.org,Diego Sosa,I,2024-05-24 17:47:26
1223,benjamin.gomez1976@example.org,Benjamín Gómez,A,2024-05-24 20:50:10
1224,catalina.sosa30@example.org,Catalina Sosa,A,2024-05-24 22:11:34
1225,belen.fernandez@example.org,Belén Fernández,A,2024-05-25 11:08:47
1226,sferreyra53@example.com,Santiago Ferreyra,I,2024-05-25 15:12:03
1227,nicolas.garcia@example.net,Nicolás García,A,2024-05-26 16:44:14
1228,jfernandez1982@example.com,Julieta Fernández,A,2024-05-26 17:29:36
1229,facundo.fernandez@example.com,Facundo Fernández,A,2024-05-26 18:34:08
1230,cponce@example.com,Carolina Ponce,A,2024-05-27 11:10:21
1231,luciana.dominguez2002@example.com,Luciana Domínguez,A,2024-05-27 11:39:10
1232,ezequiel_acosta2000@example.com,Ezequiel Acosta,A,2024-05-27 12:30:23
1233,micaelajuarez@example.net,Micaela Juárez,A,2024-05-27 13:16:50
1234,quiroga.victoria49@example.org,Victoria Quiroga,A,2024-05-27 13:35:05
1235,camila.sosa21@example.net,Camila Sosa,A,2024-05-27 16:54:26
1236,carolina.martinez1969@example.org,Carolina Martínez,I,2024-05-27 18:38:44
1237,silvinamoreno@example.com,Silvina Moreno,A,2024-05-27 21:00:36
1238,rios.tomas@example.com,Tomás Ríos,A,2024-05-27 21:19:55
1239,sofia.ledesma@example.net,Sofía Ledesma,A,2024-05-28 15:10:32
1240,sdominguez1970@example.com,Sofía Domínguez,A,2024-05-28 19:21:28
1241,fmorales@example.org,Florencia Morales,A,2024-05-29 11:16:06
1242,lucianajuarez1965@example.net,Luciana Juárez,A,2024-05-29 19:24:28
1243,gcarrizo@example.org,Gonzalo Carrizo,A,2024-05-29 20:45:25
1244,paula.cabrera@example.org,Paula Cabrera,A,2024-05-30 04:09:12
1245,nicolasherrera1972@example.org,Nicolás Herrera,A,2024-05-30 10:01:56
1246,rmartinez1975@example.org,Romina Martínez,A,2024-05-30 17:25:37
1247,gutierrez.ezequiel1985@example.org,Ezequiel Gutiérrez,A,2024-05-30 17:58:26
1248,munoz.brenda38@example.net,Brenda Muñoz,A,2024-05-30 19:30:55
1249,gonzalojuarez@example.net,Gonzalo Juárez,A,2024-05-30 20:50:45
1250,facundo.garcia@example.org,Facundo García,A,2024-05-31 14:35:45
1251,hernan.juarez83@example.net,Hernán Juárez,I,2024-05-31 17:09:36
1252,gabriel_dominguez1975@example.com,Gabriel Domínguez,A,2024-06-01 05:36:56
1253,paulaferreyra67@example.com,Paula Ferreyra,A,2024-06-01 11:19:11
1254,molina.tomas14@example.net,Tomás Molina,A,2024-06-01 14:26:26
1255,florencia_juarez25@example.com,Florencia Juárez,A,2024-06-01 18:05:52
1256,rdominguez1986@example.org,Rocío Domínguez,I,2024-06-02 13:07:06
1257,silvinaluna1972@example.net,Silvina Luna,A,2024-06-02 21:02:04
1258,gomez.gabriel38@example.com,Gabriel Gómez,A,2024-06-03 04:43:55
1259,francoromero@example.org,Franco Romero,A,2024-06-03 11:00:04
1260,matias.romero70@example.org,Matías Romero,A,2024-06-03 11:02:25
1261,lucia_castillo2000@example.net,Lucía Castillo,A,2024-06-03 11:02:42
1262,hernan.silva32@example.com,Hernán Silva,A,2024-06-03 13:05:16
1263,franco.acosta41@example.net,Franco Acosta,A,2024-06-03 15:14:28
1264,brenda_carrizo30@example.org,Brenda Carrizo,I,2024-06-04 07:05:55
1265,brenda_godoy@example.com,Brenda Godoy,I,2024-06-04 08:01:12
1266,nataliaalvarez63@example.com,Natalia Álvarez,A,2024-06-04 08:20:05
1267,fferreyra@example.com,Franco Ferreyra,I,2024-06-04 18:25:23
1268,luciana_fernandez97@example.net,Luciana Fernández,A,2024-06-04 18:29:22
1269,carrizo.ana1968@example.net,Ana Carrizo,A,2024-06-04 19:28:04
1270,catalina.moreno2005@example.net,Catalina Moreno,I,2024-06-04 23:09:47
1271,pablorios21@example.com,Pablo Ríos,A,2024-06-05 08:06:40
1272,daniela_ruiz1968@example.org,Daniela Ruiz,A,2024-06-05 16:05:46
1273,gonzalo.morales41@example.com,Gonzalo Morales,A,2024-06-05 17:37:21
1274,rocio.rodriguez46@example.org,Rocío Rodríguez,A,2024-06-05 18:32:36
1275,luna.leandro1967@example.net,Leandro Luna,A,2024-06-06 11:15:21
1276,molina.sofia1979@example.net,Sofía Molina,I,2024-06-06 17:13:23
1277,arodriguez55@example.net,Agustina Rodríguez,A,2024-06-06 19:07:16
1278,sosa.maria1973@example.net,María Sosa,A,2024-06-06 23:13:27
1279,federicofernandez@example.com,Federico Fernández,A,2024-06-07 12:13:27
1280,agustina_suarez@example.com,Agustina Suárez,A,2024-06-07 13:35:26
1281,carrizo.paula25@example.org,Paula Carrizo,A,2024-06-07 13:58:18
1282,federicomedina@example.net,Federico Medina,A,2024-06-07 14:49:16
1283,spereyra1981@example.com,Sofía Pereyra,A,2024-06-07 19:00:11
1284,antonellagimenez26@example.net,Antonella Giménez,A,2024-06-07 20:42:50
1285,romina_rios@example.org,Romina Ríos,A,2024-06-07 22:38:09
1286,martina_romero@example.com,Martina Romero,A,2024-06-07 23:05:47
1287,julietaflores@example.net,Julieta Flores,I,2024-06-07 23:32:33
1288,luciana_moreno@example.com,Luciana Moreno,A,2024-06-08 11:37:26
1289,svega36@example.org,Sebastián Vega,A,2024-06-08 12:56:25
1290,silva.belen@example.com,Belén Silva,I,2024-06-08 13:37:34
1291,ezequielgutierrez1973@example.net,Ezequiel Gutiérrez,A,2024-06-08 13:40:09
1292,ponce.benjamin2004@example.com,Benjamín Ponce,A,2024-06-08 13:50:58
1293,asosa2006@example.com,Agustina Sosa,I,2024-06-08 14:07:23
1294,sebastian_sanchez95@example.com,Sebastián Sánchez,A,2024-06-08 14:36:05
1295,inunez91@example.net,Ignacio Núñez,A,2024-06-08 16:09:10
1296,jherrera@example.com,Juan Herrera,A,2024-06-08 16:55:59
1297,catalina_nunez@example.com,Catalina Núñez,A,2024-06-08 18:49:37
1298,catalina.gonzalez1992@example.net,Catalina González,A,2024-06-08 19:22:51
1299,ramirodiaz21@example.org,Ramiro Díaz,A,2024-06-08 22:13:52
1300,tgomez@example.com,Tomás Gómez,A,2024-06-08 22:55:42
1301,paulafernandez@example.org,Paula Fernández,A,2024-06-09 20:33:51
1302,belen_acosta55@example.org,Belén Acosta,A,2024-06-10 20:26:25
1303,herrera.camila1990@example.com,Camila Herrera,A,2024-06-10 20:39:08
1304,peralta.belen64@example.org,Belén Peralta,A,2024-06-10 23:36:43
1305,rios.daniela23@example.com,Daniela Ríos,A,2024-06-11 01:08:43
1306,tomas.ortiz4@example.com,Tomás Ortiz,A,2024-06-11 18:06:39
1307,vgimenez@example.net,Valentina Giménez,A,2024-06-11 19:09:16
1308,ramironunez1994@example.com,Ramiro Núñez,A,2024-06-12 10:36:08
1309,alejandrojuarez@example.com,Alejandro Juárez,A,2024-06-12 11:38:13
1310,milagrossanchez70@example.org,Milagros Sánchez,I,2024-06-12 12:28:28
1311,camila.rojas@example.com,Camila Rojas,A,2024-06-12 17:03:09
1312,federico_sosa50@example.org,Federico Sosa,I,2024-06-12 17:32:37
1313,florencia.godoy95@example.com,Florencia Godoy,A,2024-06-12 19:28:42
1314,camilarios@example.com,Camila Ríos,A,2024-06-12 20:29:22
1315,rocio_lopez@example.net,Rocío López,A,2024-06-12 23:30:33
1316,rromero70@example.org,Romina Romero,A,2024-06-13 06:46:13
1317,benjamin.dominguez3@example.com,Benjamín Domínguez,A,2024-06-13 09:05:38
1318,frojas2006@example.com,Facundo Rojas,A,2024-06-13 13:13:28
1319,ramiro_gimenez@example.com,Ramiro Giménez,A,2024-06-13 14:18:16
1320,cabrera.sofia59@example.org,Sofía Cabrera,I,2024-06-13 15:08:27
1321,martina_ruiz@example.net,Martina Ruiz,A,2024-06-13 16:11:19
1322,gimenez.hernan@example.org,Hernán Giménez,A,2024-06-13 19:34:41
1323,rmedina1997@example.org,Rocío Medina,I,2024-06-13 23:26:12
1324,peralta.martin1974@example.org,Martín Peralta,I,2024-06-14 14:10:21
1325,jperalta2005@example.net,Julieta Peralta,A,2024-06-14 15:40:26
1326,lucia.torres1997@example.net,Lucía Torres,A,2024-06-14 18:22:56
1327,matias.pereyra55@example.org,Matías Pereyra,A,2024-06-14 19:18:30
1328,paula_gimenez@example.com,Paula Giménez,A,2024-06-14 20:49:14
1329,joaquin_ortiz1976@example.com,Joaquín Ortiz,A,2024-06-14 23:26:24
1330,alvarez.valentina@example.org,Valentina Álvarez,A,2024-06-15 07:39:39
1331,gabriel_gutierrez2003@example.net,Gabriel Gutiérrez,I,2024-06-15 07:43:09
1332,rominadominguez1984@example.org,Romina Domínguez,A,2024-06-15 11:35:08
1333,santiago_rodriguez@example.com,Santiago Rodríguez,I,2024-06-15 13:26:39
1334,ferreyra.carolina@example.net,Carolina Ferreyra,A,2024-06-15 14:15:18
1335,mgimenez@example.com,Mateo Giménez,A,2024-06-15 14:43:44
1336,ntorres1970@example.net,Nicolás Torres,A,2024-06-15 23:38:29
1337,mcastillo1982@example.org,Martín Castillo,A,2024-06-16 07:10:48
1338,luciana_gutierrez1985@example.org,Luciana Gutiérrez,I,2024-06-16 11:55:04
1339,moreno.juan@example.com,Juan Moreno,A,2024-06-16 12:00:59
1340,sanchez.antonella53@example.net,Antonella Sánchez,A,2024-06-16 14:53:55
1341,valentinasanchez68@example.net,Valentina Sánchez,A,2024-06-17 03:14:32
1342,alejandro.godoy@example.com,Alejandro Godoy,A,2024-06-17 06:36:55
1343,tomasramirez1999@example.com,Tomás Ramírez,A,2024-06-17 11:31:41
1344,benjamin.ledesma@example.org,Benjamín Ledesma,I,2024-06-17 14:58:23
1345,daniela_rios@example.org,Daniela Ríos,A,2024-06-17 15:14:28
1346,moreno.lucia95@example.com,Lucía Moreno,A,2024-06-17 17:26:14
1347,ignacio.torres@example.org,Ignacio Torres,A,2024-06-18 08:41:44
1348,antonellacastillo@example.com,Antonella Castillo,A,2024-06-18 11:07:32
1349,valentina.flores@example.org,Valentina Flores,A,2024-06-18 12:53:54
1350,leandro_silva1992@example.org,Leandro Silva,A,2024-06-18 13:32:06
1351,micaela_sosa2003@example.org,Micaela Sosa,A,2024-06-18 18:05:23
1352,dnunez1970@example.org,Daniela Núñez,I,2024-06-18 20:22:27
1353,adiaz@example.net,Ana Díaz,A,2024-06-19 13:38:05
1354,carolina_rios@example.com,Carolina Ríos,A,2024-06-19 18:53:04
1355,nunez.federico74@example.com,Federico Núñez,A,2024-06-19 19:40:49
1356,valentina.dominguez1981@example.com,Valentina Domínguez,A,2024-06-19 19:46:38
1357,ngimenez@example.org,Natalia Giménez,A,2024-06-20 02:58:19
1358,pabloledesma@example.com,Pablo Ledesma,A,2024-06-20 08:51:14
1359,benjamin_vega@example.com,Benjamín Vega,A,2024-06-20 17:12:50
1360,alejandroojeda63@example.net,Alejandro Ojeda,A,2024-06-20 19:40:40
1361,milagros_pereyra1994@example.net,Milagros Pereyra,A,2024-06-21 06:43:49
1362,julietagonzalez@example.org,Julieta González,A,2024-06-21 13:15:16
1363,rruiz83@example.net,Romina Ruiz,A,2024-06-21 17:58:35
1364,rominaledesma16@example.net,Romina Ledesma,A,2024-06-22 14:34:01
1365,carrizo.florencia1970@example.org,Florencia Carrizo,I,2024-06-22 16:27:05
1366,gimenez.hernan@example.com,Hernán Giménez,A,2024-06-22 16:30:37
1367,nunez.facundo1977@example.com,Facundo Núñez,I,2024-06-22 16:58:04
1368,facundo_ojeda59@example.com,Facundo Ojeda,A,2024-06-23 11:11:02
1369,alvarez.matias56@example.net,Matías Álvarez,A,2024-06-23 16:23:03
1370,pablonunez@example.org,Pablo Núñez,A,2024-06-23 16:39:12
1371,facundo_aguirre86@example.com,Facundo Aguirre,A,2024-06-24 14:18:45
1372,lucia_gonzalez71@example.net,Lucía González,A,2024-06-24 16:07:47
1373,julieta.lopez@example.org,Julieta López,A,2024-06-24 18:29:27
1374,luciaortiz31@example.org,Lucía Ortiz,A,2024-06-25 02:50:25
1375,gmunoz@example.org,Gonzalo Muñoz,A,2024-06-25 08:39:46
1376,bdominguez@example.net,Brenda Domínguez,A,2024-06-25 15:49:31
1377,cabrera.facundo@example.com,Facundo Cabrera,A,2024-06-25 20:36:38
1378,hernan.silva1995@example.org,Hernán Silva,A,2024-06-25 22:09:42
1379,juan_ferreyra@example.net,Juan Ferreyra,A,2024-06-25 23:23:24
1380,vega.mateo2004@example.com,Mateo Vega,A,2024-06-26 09:59:38
1381,ignacio.alvarez@example.net,Ignacio Álvarez,A,2024-06-26 14:43:31
1382,hgonzalez50@example.org,Hernán González,A,2024-06-26 17:15:56
1383,frodriguez@example.org,Facundo Rodríguez,A,2024-06-26 23:29:25
1384,rominasosa1979@example.org,Romina Sosa,A,2024-06-27 11:49:38
1385,nunez.milagros@example.org,Milagros Núñez,A,2024-06-27 17:47:14
1386,ezequiel.suarez87@example.org,Ezequiel Suárez,A,2024-06-27 20:10:21
1387,hernan_luna@example.net,Hernán Luna,A,2024-06-27 21:08:52
1388,nicolas_rios1988@example.org,Nicolás Ríos,I,2024-06-28 06:16:56
1389,julietasuarez12@example.com,Julieta Suárez,I,2024-06-28 19:29:26
1390,pmorales39@example.net,Pablo Morales,A,2024-06-28 19:42:46
1391,icastillo@example.com,Ignacio Castillo,A,2024-06-29 11:16:37
1392,aromero39@example.com,Ana Romero,A,2024-06-29 13:23:43
1393,sofiaortiz14@example.net,Sofía Ortiz,A,2024-06-29 13:46:04
1394,juan_ojeda1981@example.net,Juan Ojeda,A,2024-06-29 15:03:38
1395,rocio_gutierrez2002@example.com,Rocío Gutiérrez,A,2024-06-29 15:32:58
1396,natalia_perez94@example.com,Natalia Pérez,A,2024-06-29 18:23:56
1397,juan.peralta@example.org,Juan Peralta,A,2024-06-30 15:09:04
1398,belensosa@example.com,Belén Sosa,A,2024-06-30 17:18:37
1399,ezequiel.aguirre23@example.org,Ezequiel Aguirre,A,2024-07-01 00:51:29
1400,martinacabrera@example.org,Martina Cabrera,A,2024-07-01 14:05:59
1401,aguirre.milagros@example.net,Milagros Aguirre,A,2024-07-01 19:06:07
1402,cgarcia@example.com,Carolina García,A,2024-07-02 10:16:43
1403,gonzalo_munoz72@example.net,Gonzalo Muñoz,A,2024-07-02 14:16:48
1404,facundo_martinez72@example.org,Facundo Martínez,A,2024-07-03 12:21:22
1405,matiasbenitez1970@example.org,Matías Benítez,A,2024-07-03 12:28:58
1406,lucas_benitez@example.net,Lucas Benítez,A,2024-07-03 17:13:19
1407,agustina_flores18@example.net,Agustina Flores,A,2024-07-03 18:31:29
1408,martinadominguez1978@example.com,Martina Domínguez,A,2024-07-03 19:13:41
1409,alejandrobenitez2005@example.net,Alejandro Benítez,A,2024-07-04 08:48:23
1410,gomez.santiago@example.org,Santiago Gómez,I,2024-07-04 13:56:19
1411,belen_alvarez7@example.net,Belén Álvarez,A,2024-07-04 17:30:15
1412,herrera.matias39@example.net,Matías Herrera,I,2024-07-04 18:48:21
1413,brenda_ortiz@example.com,Brenda Ortiz,A,2024-07-04 19:02:29
1414,victoria_peralta@example.net,Victoria Peralta,A,2024-07-04 19:46:17
1415,paula_herrera80@example.org,Paula Herrera,A,2024-07-04 21:17:04
1416,galvarez8@example.org,Gabriel Álvarez,I,2024-07-04 22:18:59
1417,florenciasanchez1999@example.net,Florencia Sánchez,A,2024-07-05 13:50:52
1418,rodriguez.luciana87@example.com,Luciana Rodríguez,A,2024-07-05 17:34:50
1419,quiroga.silvina17@example.net,Silvina Quiroga,A,2024-07-05 19:30:11
1420,herrera.nicolas1974@example.org,Nicolás Herrera,A,2024-07-06 18:27:26
1421,ignacio.ponce@example.net,Ignacio Ponce,A,2024-07-06 20:12:48
1422,danielagarcia@example.net,Daniela García,A,2024-07-06 22:45:36
1423,pereyra.pablo37@example.org,Pablo Pereyra,A,2024-07-07 10:20:11
1424,ledesma.catalina1@example.org,Catalina Ledesma,A,2024-07-07 21:34:44
1425,sebastian.ledesma1980@example.com,Sebastián Ledesma,A,2024-07-08 00:16:43
1426,micaelaacosta1987@example.org,Micaela Acosta,A,2024-07-08 12:30:16
1427,cabrera.camila12@example.org,Camila Cabrera,I,2024-07-08 15:41:30
1428,lopez.ana1983@example.org,Ana López,A,2024-07-08 16:44:34
1429,acosta.camila1985@example.net,Camila Acosta,A,2024-07-08 21:26:27
1430,pablogarcia55@example.com,Pablo García,I,2024-07-09 10:55:52
1431,naguirre@example.org,Nicolás Aguirre,A,2024-07-09 11:48:59
1432,ezequielmorales47@example.org,Ezequiel Morales,A,2024-07-09 17:01:29
1433,ruiz.federico2003@example.com,Federico Ruiz,I,2024-07-09 20:06:35
1434,martina.diaz@example.com,Martina Díaz,A,2024-07-09 21:41:10
1435,ssilva1982@example.net,Silvina Silva,A,2024-07-10 11:46:12
1436,milagrossuarez@example.net,Milagros Suárez,A,2024-07-10 17:56:44
1437,lluna1984@example.org,Leandro Luna,A,2024-07-10 23:42:40
1438,carrizo.hernan1984@example.net,Hernán Carrizo,A,2024-07-11 17:56:58
1439,joaquin.ramirez@example.org,Joaquín Ramírez,A,2024-07-11 18:37:24
1440,ramiro.gimenez1966@example.org,Ramiro Giménez,A,2024-07-12 03:03:27
1441,lmolina1983@example.com,Luciana Molina,I,2024-07-12 17:18:17
1442,squiroga1@example.com,Santiago Quiroga,A,2024-07-13 14:27:05
1443,pdiaz95@example.com,Paula Díaz,A,2024-07-13 14:34:43
1444,paula_rios1981@example.org,Paula Ríos,A,2024-07-13 23:55:51
1445,ignaciomunoz@example.com,Ignacio Muñoz,A,2024-07-14 05:11:42
1446,martin.torres@example.com,Martín Torres,A,2024-07-14 11:30:12
1447,natalia.garcia58@example.org,Natalia García,I,2024-07-14 13:58:00
1448,ferreyra.diego2000@example.net,Diego Ferreyra,A,2024-07-14 17:03:11
1449,agustinagomez2000@example.org,Agustina Gómez,I,2024-07-14 21:07:50
1450,benjamin_romero@example.com,Benjamín Romero,A,2024-07-14 22:51:04
1451,pcastro83@example.org,Pablo Castro,A,2024-07-15 09:27:18
1452,juan.silva53@example.org,Juan Silva,A,2024-07-15 11:00:50
1453,taguirre@example.org,Tomás Aguirre,I,2024-07-15 17:26:50
1454,msuarez1995@example.net,Matías Suárez,A,2024-07-15 19:48:58
1455,cquiroga1992@example.com,Camila Quiroga,A,2024-07-15 22:12:03
1456,morales.rocio@example.net,Rocío Morales,A,2024-07-17 11:19:04
1457,silvina.lopez1996@example.org,Silvina López,A,2024-07-17 11:22:52
1458,rominaortiz1999@example.org,Romina Ortiz,A,2024-07-17 13:34:36
1459,rocio_herrera17@example.net,Rocío Herrera,A,2024-07-17 16:07:16
1460,anamoreno1998@example.com,Ana Moreno,A,2024-07-18 13:55:07
1461,matiasherrera46@example.org,Matías Herrera,A,2024-07-18 14:52:09
1462,carrizo.martina1995@example.net,Martina Carrizo,A,2024-07-19 14:44:53
1463,sofiafernandez1969@example.net,Sofía Fernández,A,2024-07-19 18:00:27
1464,benjamin_sosa1976@example.net,Benjamín Sosa,A,2024-07-19 19:51:39
1465,luciarios3@example.net,Lucía Ríos,A,2024-07-19 20:45:36
1466,ncabrera2005@example.com,Natalia Cabrera,A,2024-07-20 11:14:11
1467,benjamingarcia10@example.net,Benjamín García,A,2024-07-20 11:28:21
1468,lucianasosa@example.org,Luciana Sosa,A,2024-07-20 12:39:41
1469,benjamin.munoz1996@example.org,Benjamín Muñoz,A,2024-07-20 17:15:24
1470,lucasmolina1997@example.com,Lucas Molina,A,2024-07-20 17:17:42
1471,franco_benitez22@example.com,Franco Benítez,A,2024-07-20 17:37:18
1472,lcastro75@example.net,Luciana Castro,A,2024-07-20 18:42:41
1473,emiliano.aguirre@example.com,Emiliano Aguirre,A,2024-07-21 16:44:36
1474,agustinajuarez46@example.org,Agustina Juárez,A,2024-07-21 17:32:09
1475,quiroga.ignacio@example.com,Ignacio Quiroga,A,2024-07-22 09:04:26
1476,ana_silva@example.com,Ana Silva,A,2024-07-22 14:22:55
1477,ramirez.florencia@example.net,Florencia Ramírez,A,2024-07-22 18:37:13
1478,mateogomez81@example.com,Mateo Gómez,A,2024-07-22 18:47:00
1479,leandro.moreno@example.org,Leandro Moreno,A,2024-07-23 08:20:53
1480,perez.victoria@example.net,Victoria Pérez,A,2024-07-23 10:45:32
1481,garcia.agustina38@example.org,Agustina García,A,2024-07-23 10:56:41
1482,nicolas.aguirre@example.org,Nicolás Aguirre,A,2024-07-23 14:44:49
1483,alejandroquiroga37@example.net,Alejandro Quiroga,A,2024-07-23 16:55:31
1484,sledesma1995@example.net,Sebastián Ledesma,A,2024-07-25 12:28:25
1485,aperez@example.com,Ana Pérez,A,2024-07-25 16:37:46
1486,mquiroga98@example.com,Martín Quiroga,A,2024-07-26 12:26:21
1487,agustina.romero@example.net,Agustina Romero,I,2024-07-26 13:45:04
1488,ferreyra.victoria@example.net,Victoria Ferreyra,A,2024-07-26 14:05:28
1489,belenaguirre55@example.com,Belén Aguirre,A,2024-07-26 14:54:40
1490,diego_lopez@example.com,Diego López,I,2024-07-26 17:05:45
1491,dnunez1988@example.net,Daniela Núñez,A,2024-07-26 18:00:26
1492,micaela.benitez@example.org,Micaela Benítez,A,2024-07-26 21:09:06
1493,perez.camila90@example.com,Camila Pérez,A,2024-07-27 10:56:35
1494,victoria_sosa@example.org,Victoria Sosa,A,2024-07-27 13:14:53
1495,rominaaguirre1980@example.org,Romina Aguirre,A,2024-07-27 13:26:20
1496,alejandro_garcia69@example.net,Alejandro García,I,2024-07-27 13:58:44
1497,quiroga.tomas1975@example.net,Tomás Quiroga,A,2024-07-27 20:04:05
1498,fernandez.maria18@example.net,María Fernández,A,2024-07-28 08:53:57
1499,carolinatorres83@example.org,Carolina Torres,A,2024-07-28 11:30:38
1500,lopez.romina@example.com,Romina López,A,2024-07-28 20:44:38
1501,nsosa1982@example.com,Nicolás Sosa,A,2024-07-29 00:04:42
1502,ojeda.nicolas47@example.net,Nicolás Ojeda,I,2024-07-29 09:48:50
1503,valentina.herrera1989@example.net,Valentina Herrera,A,2024-07-29 12:02:45
1504,catalinaperez1972@example.net,Catalina Pérez,A,2024-07-29 12:22:58
1505,francoojeda1976@example.org,Franco Ojeda,A,2024-07-29 13:26:22
1506,paulasuarez1996@example.com,Paula Suárez,A,2024-07-29 14:43:30
1507,antonella.herrera76@example.org,Antonella Herrera,A,2024-07-30 10:41:12
1508,catalinarojas70@example.org,Catalina Rojas,A,2024-07-30 17:32:19
1509,victoriarojas59@example.com,Victoria Rojas,A,2024-07-30 18:35:41
1510,ramiro.molina80@example.org,Ramiro Molina,A,2024-07-30 19:49:50
1511,lucas_ramirez74@example.net,Lucas Ramírez,I,2024-07-30 20:29:00
1512,ramiro_sosa1995@example.com,Ramiro Sosa,A,2024-07-31 11:02:24
1513,jdiaz56@example.com,Juan Díaz,A,2024-07-31 15:44:57
1514,belenmedina55@example.com,Belén Medina,A,2024-07-31 19:40:17
1515,alvarez.ana74@example.com,Ana Álvarez,A,2024-07-31 21:45:05
1516,emilianoponce3@example.net,Emiliano Ponce,A,2024-07-31 23:17:26
1517,maria_medina1995@example.org,María Medina,A,2024-07-31 23:43:45
1518,sebastian.juarez1999@example.com,Sebastián Juárez,A,2024-08-01 10:47:21
1519,juan_silva1981@example.net,Juan Silva,A,2024-08-01 12:16:43
1520,bcarrizo@example.net,Belén Carrizo,A,2024-08-01 16:41:28
1521,daniela.fernandez@example.org,Daniela Fernández,A,2024-08-01 16:44:54
1522,facundo.perez@example.net,Facundo Pérez,A,2024-08-01 17:03:13
1523,joaquin.carrizo14@example.net,Joaquín Carrizo,A,2024-08-01 20:19:33
1524,gonzalorojas@example.net,Gonzalo Rojas,A,2024-08-01 22:42:38
1525,benjamin.ruiz1990@example.com,Benjamín Ruiz,A,2024-08-02 04:52:22
1526,lucia.aguirre15@example.org,Lucía Aguirre,A,2024-08-02 12:32:37
1527,rocio_carrizo@example.net,Rocío Carrizo,A,2024-08-02 19:23:05
1528,danielasilva@example.com,Daniela Silva,A,2024-08-02 20:37:34
1529,ponce.julieta76@example.net,Julieta Ponce,A,2024-08-03 05:58:10
1530,martin_munoz2000@example.com,Martín Muñoz,A,2024-08-03 11:11:34
1531,ledesma.luciana22@example.com,Luciana Ledesma,A,2024-08-03 12:30:20
1532,mjuarez@example.com,María Juárez,A,2024-08-03 16:52:38
1533,rodriguez.florencia@example.net,Florencia Rodríguez,A,2024-08-03 19:51:05
1534,valentina_flores1966@example.org,Valentina Flores,A,2024-08-03 21:42:05
1535,sofiamartinez1996@example.com,Sofía Martínez,A,2024-08-04 14:48:22
1536,ignaciorios63@example.com,Ignacio Ríos,A,2024-08-04 16:37:15
1537,natalia_dominguez31@example.com,Natalia Domínguez,A,2024-08-04 19:29:17
1538,sebastiantorres2001@example.org,Sebastián Torres,A,2024-08-05 09:19:16
1539,lucianaponce1972@example.net,Luciana Ponce,A,2024-08-05 18:13:09
1540,mojeda90@example.net,Micaela Ojeda,A,2024-08-05 18:17:34
1541,lopez.belen38@example.org,Belén López,A,2024-08-05 18:27:57
1542,silvina_rios@example.net,Silvina Ríos,A,2024-08-05 22:22:03
1543,agustina.gomez@example.com,Agustina Gómez,A,2024-08-06 09:16:25
1544,pablo_quiroga5@example.com,Pablo Quiroga,A,2024-08-06 10:13:30
1545,msosa2003@example.net,María Sosa,A,2024-08-06 10:15:20
1546,nicolaspereyra55@example.net,Nicolás Pereyra,A,2024-08-06 11:09:09
1547,gabriel_benitez19@example.com,Gabriel Benítez,A,2024-08-06 18:39:32
1548,facundo_fernandez@example.org,Facundo Fernández,A,2024-08-06 20:04:39
1549,ignacio.godoy52@example.org,Ignacio Godoy,A,2024-08-06 21:12:10
1550,tomas.garcia@example.net,Tomás García,A,2024-08-07 14:09:15
1551,sebastiangutierrez50@example.com,Sebastián Gutiérrez,A,2024-08-07 16:48:32
1552,ssilva36@example.net,Silvina Silva,A,2024-08-07 20:39:07
1553,ponce.antonella77@example.org,Antonella Ponce,A,2024-08-08 08:29:16
1554,nalvarez65@example.org,Natalia Álvarez,A,2024-08-08 08:42:16
1555,agustina.ponce1979@example.org,Agustina Ponce,A,2024-08-08 10:20:59
1556,emiliano_acosta1972@example.com,Emiliano Acosta,A,2024-08-08 16:19:14
1557,luna.tomas1999@example.org,Tomás Luna,A,2024-08-10 09:18:35
1558,ana.peralta15@example.org,Ana Peralta,I,2024-08-10 12:13:58
1559,milagrosmartinez@example.net,Milagros Martínez,A,2024-08-10 16:45:02
1560,ana_godoy2003@example.net,Ana Godoy,A,2024-08-10 19:26:25
1561,milagros.nunez97@example.org,Milagros Núñez,A,2024-08-12 10:01:02
1562,aguirre.gonzalo@example.net,Gonzalo Aguirre,I,2024-08-12 18:03:33
1563,facundo_aguirre59@example.net,Facundo Aguirre,A,2024-08-12 18:44:53
1564,munoz.belen@example.com,Belén Muñoz,A,2024-08-13 06:09:58
1565,fernandez.florencia@example.org,Florencia Fernández,I,2024-08-13 09:11:37
1566,gimenez.victoria30@example.org,Victoria Giménez,A,2024-08-13 11:06:24
1567,ezequielramirez27@example.org,Ezequiel Ramírez,A,2024-08-13 11:51:20
1568,gonzalo_gimenez23@example.net,Gonzalo Giménez,A,2024-08-13 13:34:13
1569,mmoreno69@example.com,Matías Moreno,A,2024-08-13 18:20:17
1570,danielaledesma2@example.net,Daniela Ledesma,A,2024-08-13 19:13:34
1571,pablo_castro@example.com,Pablo Castro,A,2024-08-14 11:56:52
1572,diegogodoy99@example.net,Diego Godoy,A,2024-08-14 18:52:08
1573,victoriaquiroga1971@example.com,Victoria Quiroga,A,2024-08-14 21:04:29
1574,micaelacastillo@example.com,Micaela Castillo,I,2024-08-14 21:15:11
1575,sebastian.herrera@example.net,Sebastián Herrera,A,2024-08-15 02:44:36
1576,lopez.daniela@example.net,Daniela López,A,2024-08-15 07:20:45
1577,alejandrovega44@example.com,Alejandro Vega,A,2024-08-15 08:58:17
1578,pereyra.lucia60@example.net,Lucía Pereyra,A,2024-08-15 17:15:27
1579,bferreyra1998@example.com,Belén Ferreyra,A,2024-08-15 18:26:50
1580,nicolasromero97@example.net,Nicolás Romero,A,2024-08-15 20:27:27
1581,anasilva87@example.org,Ana Silva,A,2024-08-15 21:05:01
1582,fmorales2001@example.com,Florencia Morales,A,2024-08-16 09:50:21
1583,lucas.suarez@example.com,Lucas Suárez,A,2024-08-16 10:18:14
1584,godoy.camila1993@example.net,Camila Godoy,A,2024-08-16 11:27:13
1585,ntorres@example.net,Natalia Torres,A,2024-08-16 14:59:40
1586,fernandez.diego2005@example.com,Diego Fernández,A,2024-08-16 18:04:21
1587,maria_ledesma1983@example.com,María Ledesma,A,2024-08-16 21:47:41
1588,hernan_ferreyra44@example.com,Hernán Ferreyra,A,2024-08-17 10:52:27
1589,victoria.rodriguez2004@example.net,Victoria Rodríguez,A,2024-08-17 13:29:31
1590,benjamingomez@example.org,Benjamín Gómez,A,2024-08-17 18:33:42
1591,pablo_rojas@example.org,Pablo Rojas,A,2024-08-17 21:27:39
1592,ruiz.daniela1990@example.org,Daniela Ruiz,A,2024-08-18 12:53:01
1593,ibenitez57@example.com,Ignacio Benítez,A,2024-08-19 06:03:39
1594,hnunez1965@example.org,Hernán Núñez,A,2024-08-19 12:18:00
1595,martina.morales94@example.com,Martina Morales,A,2024-08-19 16:19:57
1596,lucianaflores@example.org,Luciana Flores,A,2024-08-19 17:40:48
1597,camilabenitez23@example.org,Camila Benítez,A,2024-08-19 19:14:27
1598,federico.silva1971@example.org,Federico Silva,A,2024-08-19 22:21:03
1599,martinaaguirre@example.com,Martina Aguirre,A,2024-08-20 02:04:59
1600,martinez.emiliano1998@example.com,Emiliano Martínez,A,2024-08-20 19:00:36
1601,ignaciobenitez20@example.net,Ignacio Benítez,A,2024-08-20 20:19:20
1602,ezequiel_sosa58@example.net,Ezequiel Sosa,A,2024-08-21 19:01:54
1603,benjamin_acosta@example.org,Benjamín Acosta,A,2024-08-21 19:38:52
1604,ezequiel_castro@example.org,Ezequiel Castro,A,2024-08-21 21:15:05
1605,gutierrez.sebastian37@example.org,Sebastián Gutiérrez,A,2024-08-22 08:20:51
1606,facundo.luna@example.org,Facundo Luna,A,2024-08-22 08:44:14
1607,florenciaromero28@example.com,Florencia Romero,A,2024-08-22 10:17:37
1608,florencia_quiroga21@example.net,Florencia Quiroga,A,2024-08-22 12:33:34
1609,florencia.pereyra1997@example.net,Florencia Pereyra,A,2024-08-22 12:53:38
1610,munoz.ramiro1986@example.org,Ramiro Muñoz,A,2024-08-22 15:22:56
1611,florencia.munoz1995@example.com,Florencia Muñoz,A,2024-08-22 15:44:03
1612,alejandro_medina40@example.net,Alejandro Medina,I,2024-08-22 17:22:04
1613,peralta.gonzalo19@example.net,Gonzalo Peralta,A,2024-08-22 18:13:37
1614,florencia.benitez@example.net,Florencia Benítez,A,2024-08-23 07:22:18
1615,joaquinacosta1968@example.org,Joaquín Acosta,A,2024-08-23 09:20:59
1616,cromero81@example.com,Catalina Romero,A,2024-08-23 10:26:33
1617,belen_pereyra2004@example.net,Belén Pereyra,A,2024-08-23 14:05:25
1618,romero.carolina1971@example.org,Carolina Romero,A,2024-08-23 15:32:17
1619,alejandro.quiroga19@example.com,Alejandro Quiroga,A,2024-08-23 17:04:44
1620,srodriguez@example.com,Santiago Rodríguez,A,2024-08-23 21:01:14
1621,sgodoy57@example.net,Sebastián Godoy,A,2024-08-23 21:21:07
1622,alejandrobenitez1971@example.org,Alejandro Benítez,A,2024-08-23 23:54:19
1623,lucianamedina@example.org,Luciana Medina,A,2024-08-24 15:14:55
1624,rdominguez58@example.org,Rocío Domínguez,A,2024-08-24 17:59:31
1625,trojas8@example.org,Tomás Rojas,A,2024-08-25 22:06:58
1626,milagros_vega1988@example.net,Milagros Vega,A,2024-08-26 01:34:39
1627,cmedina6@example.org,Catalina Medina,A,2024-08-26 10:51:30
1628,juan_torres@example.com,Juan Torres,A,2024-08-27 12:47:41
1629,lopez.agustina@example.org,Agustina López,A,2024-08-27 18:25:52
1630,peralta.matias@example.org,Matías Peralta,A,2024-08-28 04:18:41
1631,mrodriguez1988@example.org,Martín Rodríguez,A,2024-08-28 20:41:16
1632,jcastillo1965@example.net,Juan Castillo,I,2024-08-28 22:53:05
1633,jledesma1994@example.com,Juan Ledesma,A,2024-08-29 10:09:56
1634,mariaruiz1975@example.net,María Ruiz,A,2024-08-29 16:47:53
1635,evega58@example.org,Emiliano Vega,A,2024-08-29 18:38:22
1636,garcia.milagros2002@example.com,Milagros García,A,2024-08-29 19:39:37
1637,pablodominguez7@example.org,Pablo Domínguez,A,2024-08-29 20:25:30
1638,gutierrez.ezequiel@example.com,Ezequiel Gutiérrez,A,2024-08-29 21:17:25
1639,matias_gomez@example.com,Matías Gómez,A,2024-08-30 01:02:43
1640,ppereyra76@example.org,Pablo Pereyra,A,2024-08-30 10:31:03
1641,mgimenez79@example.net,Mateo Giménez,A,2024-08-30 13:24:28
1642,antonellamorales1971@example.com,Antonella Morales,I,2024-08-30 13:39:40
1643,romina_castro1993@example.com,Romina Castro,A,2024-08-30 21:14:11
1644,hernanperalta@example.org,Hernán Peralta,A,2024-08-31 03:16:50
1645,sebastian_ponce8@example.org,Sebastián Ponce,A,2024-08-31 05:22:24
1646,sebastiansilva1972@example.net,Sebastián Silva,A,2024-08-31 12:10:56
1647,lucia.medina14@example.net,Lucía Medina,A,2024-08-31 12:27:20
1648,nunez.mateo@example.com,Mateo Núñez,A,2024-08-31 14:01:25
1649,jrojas1969@example.net,Joaquín Rojas,A,2024-08-31 18:29:23
1650,suarez.franco@example.net,Franco Suárez,I,2024-08-31 19:04:09
1651,lopez.juan@example.net,Juan López,A,2024-08-31 19:33:26
1652,facundo.silva19@example.net,Facundo Silva,A,2024-09-01 13:08:45
1653,natalia.garcia1999@example.net,Natalia García,A,2024-09-01 18:07:46
1654,ignaciodiaz@example.net,Ignacio Díaz,A,2024-09-01 19:23:45
1655,bruiz97@example.net,Brenda Ruiz,A,2024-09-02 18:01:54
1656,brenda.carrizo2000@example.com,Brenda Carrizo,A,2024-09-02 18:50:17
1657,luna.ezequiel@example.net,Ezequiel Luna,A,2024-09-03 12:32:28
1658,hernantorres@example.net,Hernán Torres,A,2024-09-03 20:03:11
1659,facundo.aguirre42@example.org,Facundo Aguirre,I,2024-09-03 20:22:25
1660,brenda_diaz17@example.org,Brenda Díaz,A,2024-09-04 07:31:44
1661,catalina_castro1995@example.net,Catalina Castro,A,2024-09-04 14:01:31
1662,daniela.gomez95@example.com,Daniela Gómez,A,2024-09-04 19:26:48
1663,ruiz.rocio@example.org,Rocío Ruiz,I,2024-09-04 19:27:32
1664,jrojas@example.com,Joaquín Rojas,A,2024-09-05 11:13:18
1665,sanchez.matias@example.com,Matías Sánchez,A,2024-09-05 11:37:45
1666,medina.leandro25@example.org,Leandro Medina,A,2024-09-05 12:32:33
1667,silvina.juarez@example.com,Silvina Juárez,A,2024-09-05 22:43:01
1668,quiroga.antonella12@example.net,Antonella Quiroga,A,2024-09-06 00:33:04
1669,hernan_juarez@example.net,Hernán Juárez,A,2024-09-06 17:50:31
1670,diegosuarez18@example.com,Diego Suárez,I,2024-09-07 12:38:58
1671,paula_acosta18@example.com,Paula Acosta,I,2024-09-07 17:35:42
1672,sebastian.martinez29@example.org,Sebastián Martínez,A,2024-09-07 18:16:59
1673,daniela_moreno1986@example.com,Daniela Moreno,I,2024-09-07 19:11:00
1674,sofiamorales2@example.com,Sofía Morales,A,2024-09-08 23:36:06
1675,eacosta39@example.org,Ezequiel Acosta,A,2024-09-09 13:48:43
1676,flores.lucas63@example.net,Lucas Flores,A,2024-09-09 17:28:13
1677,romina.ponce52@example.org,Romina Ponce,A,2024-09-09 19:43:38
1678,nicolas.munoz40@example.org,Nicolás Muñoz,I,2024-09-10 05:56:29
1679,diego.luna2006@example.org,Diego Luna,A,2024-09-10 06:24:16
1680,camilaalvarez30@example.org,Camila Álvarez,A,2024-09-10 10:04:26
1681,agustinaherrera@example.net,Agustina Herrera,A,2024-09-10 10:19:22
1682,antonella_fernandez@example.org,Antonella Fernández,A,2024-09-10 12:22:52
1683,gonzalez.gonzalo1995@example.com,Gonzalo González,A,2024-09-10 16:33:09
1684,hernan.morales2005@example.net,Hernán Morales,I,2024-09-10 22:43:29
1685,laguirre51@example.net,Lucas Aguirre,I,2024-09-10 22:46:44
1686,sebastianperalta1966@example.com,Sebastián Peralta,A,2024-09-11 09:56:09
1687,martintorres56@example.org,Martín Torres,A,2024-09-11 10:56:05
1688,nflores1976@example.net,Natalia Flores,A,2024-09-11 11:46:06
1689,gponce74@example.com,Gonzalo Ponce,A,2024-09-11 12:20:34
1690,nicolascabrera@example.net,Nicolás Cabrera,A,2024-09-11 16:01:36
1691,silva.lucia13@example.org,Lucía Silva,A,2024-09-11 17:31:02
1692,lsuarez1980@example.org,Lucía Suárez,A,2024-09-11 18:24:05
1693,sofia_munoz1996@example.com,Sofía Muñoz,A,2024-09-11 20:11:56
1694,perez.emiliano1991@example.org,Emiliano Pérez,A,2024-09-11 23:14:21
1695,gabriel_medina@example.net,Gabriel Medina,A,2024-09-12 10:27:42
1696,nicolas.romero@example.com,Nicolás Romero,A,2024-09-12 12:06:37
1697,castillo.julieta87@example.com,Julieta Castillo,A,2024-09-13 11:33:58
1698,joaquin.diaz68@example.org,Joaquín Díaz,A,2024-09-13 12:06:42
1699,mariasosa85@example.org,María Sosa,A,2024-09-13 17:19:50
1700,federicojuarez@example.com,Federico Juárez,A,2024-09-14 07:11:00
1701,cnunez1998@example.net,Catalina Núñez,A,2024-09-14 11:26:41
1702,igarcia2002@example.net,Ignacio García,A,2024-09-14 15:02:03
1703,gabriel.gutierrez@example.org,Gabriel Gutiérrez,A,2024-09-14 17:41:45
1704,hortiz1992@example.net,Hernán Ortiz,A,2024-09-14 18:34:15
1705,grojas1999@example.org,Gabriel Rojas,A,2024-09-14 21:11:22
1706,martina.juarez@example.org,Martina Juárez,A,2024-09-14 21:47:11
1707,mateo.luna1996@example.net,Mateo Luna,A,2024-09-15 05:45:29
1708,luciana.ruiz@example.com,Luciana Ruiz,A,2024-09-15 08:12:14
1709,joaquin_munoz48@example.org,Joaquín Muñoz,A,2024-09-15 21:23:57
1710,emilianogutierrez83@example.org,Emiliano Gutiérrez,A,2024-09-16 09:33:18
1711,daniela.moreno@example.org,Daniela Moreno,A,2024-09-16 19:38:50
1712,cabrera.juan1968@example.net,Juan Cabrera,I,2024-09-16 20:11:49
1713,francogimenez91@example.org,Franco Giménez,A,2024-09-17 11:44:36
1714,lgarcia1991@example.com,Leandro García,A,2024-09-17 12:53:53
1715,flopez57@example.org,Facundo López,A,2024-09-17 14:31:25
1716,ferreyra.florencia1974@example.net,Florencia Ferreyra,A,2024-09-17 15:46:30
1717,silvinaruiz@example.net,Silvina Ruiz,A,2024-09-17 21:37:25
1718,alejandrobenitez1987@example.net,Alejandro Benítez,I,2024-09-18 13:01:45
1719,emiliano_morales80@example.org,Emiliano Morales,A,2024-09-18 15:14:02
1720,lucas_benitez98@example.net,Lucas Benítez,A,2024-09-18 15:15:14
1721,lucas.carrizo@example.org,Lucas Carrizo,A,2024-09-18 16:49:53
1722,acosta.joaquin1970@example.org,Joaquín Acosta,A,2024-09-18 21:28:30
1723,herrera.carolina40@example.com,Carolina Herrera,A,2024-09-18 21:38:45
1724,federicoperez84@example.net,Federico Pérez,A,2024-09-19 15:45:29
1725,gonzalo_gutierrez84@example.net,Gonzalo Gutiérrez,A,2024-09-19 16:21:03
1726,mcastro1992@example.net,Martina Castro,A,2024-09-19 19:06:59
1727,mateoherrera@example.org,Mateo Herrera,A,2024-09-19 19:49:40
1728,hernan.quiroga@example.org,Hernán Quiroga,A,2024-09-19 22:01:54
1729,romina_romero1996@example.com,Romina Romero,A,2024-09-20 11:54:05
1730,nicolas.suarez26@example.net,Nicolás Suárez,A,2024-09-20 12:03:08
1731,joaquin.romero1981@example.com,Joaquín Romero,A,2024-09-20 17:36:16
1732,micaelafernandez63@example.com,Micaela Fernández,A,2024-09-20 20:56:25
1733,dcarrizo@example.org,Daniela Carrizo,A,2024-09-20 21:31:37
1734,inunez37@example.org,Ignacio Núñez,A,2024-09-21 07:28:27
1735,gonzalo_godoy1993@example.net,Gonzalo Godoy,A,2024-09-21 12:19:53
1736,juan_lopez19@example.com,Juan López,A,2024-09-21 12:38:34
1737,ezequiel_gomez1999@example.com,Ezequiel Gómez,A,2024-09-21 13:33:09
1738,asosa58@example.com,Antonella Sosa,A,2024-09-21 14:58:29
1739,gonzalo_sanchez@example.org,Gonzalo Sánchez,A,2024-09-21 17:33:01
1740,lponce@example.org,Leandro Ponce,A,2024-09-21 20:17:26
1741,paula_martinez@example.net,Paula Martínez,A,2024-09-22 01:46:48
1742,rodriguez.daniela1971@example.net,Daniela Rodríguez,A,2024-09-22 17:47:55
1743,belen.luna@example.com,Belén Luna,A,2024-09-22 19:58:00
1744,anagimenez2000@example.org,Ana Giménez,I,2024-09-23 09:45:10
1745,romina_gutierrez@example.org,Romina Gutiérrez,A,2024-09-23 18:25:09
1746,jquiroga12@example.com,Joaquín Quiroga,A,2024-09-23 18:49:55
1747,lucasbenitez93@example.org,Lucas Benítez,A,2024-09-23 20:16:23
1748,martinromero2001@example.com,Martín Romero,A,2024-09-24 00:01:00
1749,tomasmunoz@example.net,Tomás Muñoz,A,2024-09-24 12:33:20
1750,sjuarez1994@example.org,Santiago Juárez,A,2024-09-24 14:10:44
1751,jmorales@example.org,Juan Morales,A,2024-09-24 16:28:58
1752,mateo.castillo32@example.com,Mateo Castillo,I,2024-09-24 17:54:12
1753,cabrera.santiago@example.net,Santiago Cabrera,A,2024-09-24 19:40:32
1754,luciana.ojeda70@example.net,Luciana Ojeda,A,2024-09-25 12:20:41
1755,silvinacabrera@example.org,Silvina Cabrera,A,2024-09-25 17:32:13
1756,hflores10@example.com,Hernán Flores,A,2024-09-26 10:02:09
1757,racosta1975@example.org,Romina Acosta,A,2024-09-26 11:18:45
1758,afernandez32@example.org,Ana Fernández,A,2024-09-26 14:11:01
1759,ana.juarez@example.com,Ana Juárez,A,2024-09-26 17:13:07
1760,gonzalez.micaela@example.org,Micaela González,A,2024-09-26 17:56:22
1761,gonzalogutierrez4@example.net,Gonzalo Gutiérrez,A,2024-09-27 20:20:57
1762,sebastianbenitez2004@example.org,Sebastián Benítez,A,2024-09-28 04:02:52
1763,antonella_rodriguez@example.org,Antonella Rodríguez,A,2024-09-28 13:47:08
1764,pabloquiroga@example.org,Pablo Quiroga,A,2024-09-28 17:05:37
1765,torres.matias@example.org,Matías Torres,A,2024-09-28 22:28:37
1766,joaquin_nunez1994@example.net,Joaquín Núñez,A,2024-09-29 21:34:39
1767,gonzalo.rojas1972@example.org,Gonzalo Rojas,A,2024-09-29 21:46:04
1768,sponce79@example.org,Sebastián Ponce,A,2024-09-29 22:41:10
1769,martinez.florencia1972@example.org,Florencia Martínez,A,2024-09-30 20:59:40
1770,emiliano.flores1999@example.com,Emiliano Flores,I,2024-09-30 22:34:54
1771,santiagoojeda@example.org,Santiago Ojeda,A,2024-10-01 05:15:50
1772,paguirre@example.com,Pablo Aguirre,A,2024-10-01 08:33:55
1773,racosta@example.com,Romina Acosta,A,2024-10-01 17:25:20
1774,emilianocastillo1982@example.org,Emiliano Castillo,A,2024-10-02 04:09:19
1775,jruiz18@example.org,Joaquín Ruiz,A,2024-10-02 11:29:18
1776,matias.ojeda27@example.net,Matías Ojeda,A,2024-10-03 15:10:30
1777,martina_rios98@example.org,Martina Ríos,A,2024-10-03 17:48:20
1778,gabriel.quiroga1999@example.com,Gabriel Quiroga,A,2024-10-03 20:18:13
1779,romina.pereyra84@example.org,Romina Pereyra,A,2024-10-03 21:46:09
1780,amedina@example.com,Alejandro Medina,A,2024-10-03 23:06:17
1781,moreno.antonella@example.org,Antonella Moreno,A,2024-10-04 07:22:18
1782,sebastian.gonzalez@example.com,Sebastián González,A,2024-10-04 19:51:11
1783,mateo.rodriguez1976@example.net,Mateo Rodríguez,A,2024-10-04 20:12:23
1784,facundo.quiroga@example.net,Facundo Quiroga,A,2024-10-04 23:41:40
1785,aalvarez1992@example.net,Agustina Álvarez,A,2024-10-05 14:00:59
1786,fdominguez@example.com,Facundo Domínguez,A,2024-10-05 14:07:38
1787,micaela_silva@example.net,Micaela Silva,A,2024-10-05 15:10:00
1788,catalina_suarez1981@example.com,Catalina Suárez,A,2024-10-05 15:19:30
1789,leandrocarrizo@example.org,Leandro Carrizo,A,2024-10-05 16:43:40
1790,ramiro_ledesma30@example.org,Ramiro Ledesma,A,2024-10-05 21:49:45
1791,gimenez.mateo72@example.org,Mateo Giménez,I,2024-10-06 18:44:05
1792,ignacio.herrera1992@example.net,Ignacio Herrera,A,2024-10-07 10:32:16
1793,cabrera.milagros@example.org,Milagros Cabrera,A,2024-10-07 22:30:19
1794,alejandroramirez@example.org,Alejandro Ramírez,A,2024-10-08 19:23:52
1795,julieta_flores82@example.org,Julieta Flores,A,2024-10-08 20:12:13
1796,silvinatorres@example.net,Silvina Torres,I,2024-10-09 07:53:02
1797,facundo.morales@example.org,Facundo Morales,I,2024-10-09 10:25:38
1798,martina.silva1997@example.com,Martina Silva,I,2024-10-09 11:46:07
1799,ignacio_aguirre1970@example.com,Ignacio Aguirre,A,2024-10-09 17:47:07
1800,lquiroga1998@example.com,Lucas Quiroga,A,2024-10-09 18:34:50
1801,micaelasuarez1988@example.org,Micaela Suárez,A,2024-10-10 13:36:19
1802,victoria_ponce@example.net,Victoria Ponce,A,2024-10-10 14:27:14
1803,falvarez2005@example.net,Facundo Álvarez,A,2024-10-10 17:36:30
1804,hmolina@example.org,Hernán Molina,A,2024-10-10 19:05:09
1805,gcastro51@example.com,Gonzalo Castro,I,2024-10-10 22:17:54
1806,psanchez@example.org,Paula Sánchez,A,2024-10-11 10:08:20
1807,lucia_garcia1966@example.org,Lucía García,A,2024-10-11 11:02:55
1808,pablo_alvarez@example.net,Pablo Álvarez,A,2024-10-11 11:09:07
1809,maria.aguirre2000@example.org,María Aguirre,A,2024-10-11 15:06:03
1810,rojas.luciana1971@example.net,Luciana Rojas,A,2024-10-11 16:01:54
1811,gutierrez.federico@example.com,Federico Gutiérrez,A,2024-10-11 17:45:57
1812,ana.juarez1978@example.org,Ana Juárez,A,2024-10-11 21:05:11
1813,sofiaponce@example.org,Sofía Ponce,A,2024-10-12 00:58:43
1814,salvarez@example.com,Santiago Álvarez,A,2024-10-12 11:15:16
1815,eojeda@example.net,Ezequiel Ojeda,A,2024-10-12 12:30:49
1816,nataliasosa13@example.org,Natalia Sosa,A,2024-10-12 13:21:22
1817,gonzalez.santiago2000@example.com,Santiago González,A,2024-10-12 13:53:43
1818,agustina_perez1970@example.net,Agustina Pérez,I,2024-10-12 15:01:17
1819,sponce@example.com,Silvina Ponce,A,2024-10-12 15:45:47
1820,fernandez.mateo@example.net,Mateo Fernández,A,2024-10-12 16:20:39
1821,molina.alejandro75@example.com,Alejandro Molina,A,2024-10-12 17:24:12
1822,sofia.gomez7@example.net,Sofía Gómez,A,2024-10-12 18:35:08
1823,martinez.brenda76@example.org,Brenda Martínez,A,2024-10-12 23:18:12
1824,valentina_romero@example.org,Valentina Romero,A,2024-10-12 23:28:48
1825,gimenez.juan16@example.com,Juan Giménez,A,2024-10-13 11:31:31
1826,morales.pablo32@example.org,Pablo Morales,A,2024-10-13 20:06:04
1827,ezequiel.rios2002@example.net,Ezequiel Ríos,A,2024-10-13 20:27:03
1828,silva.emiliano@example.net,Emiliano Silva,A,2024-10-14 01:50:43
1829,sofia_gomez@example.com,Sofía Gómez,A,2024-10-14 12:11:24
1830,federico_dominguez2004@example.com,Federico Domínguez,A,2024-10-14 13:14:13
1831,natalia_munoz@example.org,Natalia Muñoz,A,2024-10-14 18:52:39
1832,alvarez.catalina17@example.com,Catalina Álvarez,A,2024-10-14 22:43:40
1833,martinpereyra1984@example.net,Martín Pereyra,A,2024-10-15 11:20:12
1834,mmoreno1965@example.net,Martín Moreno,I,2024-10-15 12:23:53
1835,nicolasgimenez1994@example.net,Nicolás Giménez,A,2024-10-15 12:36:44
1836,brendatorres1978@example.org,Brenda Torres,A,2024-10-15 13:26:52
1837,paula_ortiz@example.net,Paula Ortiz,A,2024-10-15 18:34:59
1838,mmartinez1977@example.net,Martín Martínez,A,2024-10-16 10:26:50
1839,gutierrez.franco90@example.net,Franco Gutiérrez,A,2024-10-16 15:31:07
1840,diegogimenez@example.org,Diego Giménez,A,2024-10-16 19:35:28
1841,catalina.romero1980@example.net,Catalina Romero,A,2024-10-17 00:35:33
1842,eperez49@example.org,Ezequiel Pérez,A,2024-10-17 11:35:31
1843,luciana_ruiz2001@example.net,Luciana Ruiz,A,2024-10-17 12:25:51
1844,mariamolina@example.net,María Molina,A,2024-10-17 17:35:58
1845,facundoacosta36@example.com,Facundo Acosta,A,2024-10-17 18:15:49
1846,lalvarez21@example.com,Lucas Álvarez,A,2024-10-17 19:05:28
1847,paula_aguirre1987@example.org,Paula Aguirre,A,2024-10-18 00:03:32
1848,luciaperez@example.com,Lucía Pérez,A,2024-10-18 15:48:42
1849,cojeda@example.com,Catalina Ojeda,A,2024-10-18 18:03:44
1850,lucas.ojeda@example.org,Lucas Ojeda,A,2024-10-19 17:29:57
1851,silvina.juarez1966@example.com,Silvina Juárez,A,2024-10-20 09:55:41
1852,herrera.gabriel@example.org,Gabriel Herrera,A,2024-10-20 11:15:55
1853,suarez.gabriel@example.org,Gabriel Suárez,A,2024-10-21 12:54:45
1854,bcarrizo41@example.org,Belén Carrizo,A,2024-10-22 01:46:43
1855,joaquin_pereyra5@example.net,Joaquín Pereyra,A,2024-10-22 07:06:56
1856,romero.santiago1967@example.net,Santiago Romero,A,2024-10-22 11:26:16
1857,palvarez89@example.org,Pablo Álvarez,A,2024-10-22 13:04:14
1858,martinperez1965@example.com,Martín Pérez,A,2024-10-22 18:22:51
1859,juan.dominguez1974@example.net,Juan Domínguez,A,2024-10-22 19:36:02
1860,catalina.luna33@example.net,Catalina Luna,A,2024-10-22 19:37:41
1861,snunez1969@example.net,Sofía Núñez,A,2024-10-23 13:41:29
1862,castillo.camila@example.com,Camila Castillo,A,2024-10-23 14:31:51
1863,rominamolina@example.net,Romina Molina,A,2024-10-23 15:42:00
1864,vnunez@example.com,Valentina Núñez,A,2024-10-23 23:18:41
1865,daniela.rodriguez1974@example.com,Daniela Rodríguez,I,2024-10-24 15:01:13
1866,lucas_herrera2005@example.net,Lucas Herrera,A,2024-10-24 19:55:59
1867,natalia.nunez@example.com,Natalia Núñez,A,2024-10-25 02:03:58
1868,romina_herrera7@example.net,Romina Herrera,I,2024-10-25 07:38:53
1869,carrizo.camila1973@example.com,Camila Carrizo,A,2024-10-25 11:10:58
1870,emiliano.gutierrez@example.com,Emiliano Gutiérrez,A,2024-10-25 12:52:27
1871,julieta.medina@example.com,Julieta Medina,A,2024-10-25 17:49:13
1872,gimenez.carolina41@example.com,Carolina Giménez,A,2024-10-25 19:58:05
1873,gomez.hernan1991@example.net,Hernán Gómez,A,2024-10-25 20:28:00
1874,nponce@example.com,Nicolás Ponce,A,2024-10-26 10:42:43
1875,gponce@example.org,Gonzalo Ponce,A,2024-10-26 11:20:51
1876,mateo_munoz@example.com,Mateo Muñoz,A,2024-10-26 12:21:31
1877,micaelaaguirre39@example.net,Micaela Aguirre,A,2024-10-26 18:51:00
1878,jherrera@example.org,Juan Herrera,A,2024-10-26 19:13:25
1879,brenda_gutierrez78@example.org,Brenda Gutiérrez,A,2024-10-27 16:15:03
1880,romina.gonzalez7@example.org,Romina González,A,2024-10-27 18:16:27
1881,martina.godoy86@example.org,Martina Godoy,A,2024-10-27 23:20:46
1882,valentina.rojas62@example.com,Valentina Rojas,A,2024-10-28 09:11:24
1883,castillo.tomas1983@example.com,Tomás Castillo,I,2024-10-28 11:05:57
1884,ramirez.matias1971@example.com,Matías Ramírez,I,2024-10-28 12:06:13
1885,mgodoy1994@example.com,María Godoy,A,2024-10-28 12:15:37
1886,maria_sanchez4@example.org,María Sánchez,A,2024-10-28 12:25:45
1887,paulaponce1983@example.com,Paula Ponce,A,2024-10-28 16:17:11
1888,natalia.quiroga@example.com,Natalia Quiroga,A,2024-10-28 19:48:03
1889,ana.flores75@example.com,Ana Flores,A,2024-10-29 15:59:22
1890,paula_peralta@example.org,Paula Peralta,A,2024-10-29 17:33:20
1891,agustina.garcia1991@example.com,Agustina García,A,2024-10-30 01:47:35
1892,julieta.perez@example.net,Julieta Pérez,A,2024-10-30 06:56:09
1893,perez.florencia@example.net,Florencia Pérez,A,2024-10-30 09:35:05
1894,moreno.martin1967@example.com,Martín Moreno,A,2024-10-30 10:17:22
1895,dponce@example.org,Daniela Ponce,A,2024-10-30 16:53:24
1896,brenda.moreno@example.com,Brenda Moreno,I,2024-10-30 17:30:18
1897,diegoalvarez1990@example.org,Diego Álvarez,A,2024-10-31 14:22:57
1898,vsanchez1967@example.net,Valentina Sánchez,A,2024-10-31 15:52:20
1899,medina.lucas62@example.com,Lucas Medina,A,2024-10-31 18:57:51
1900,pereyra.benjamin@example.net,Benjamín Pereyra,A,2024-11-01 13:25:40
1901,sebastianferreyra2001@example.net,Sebastián Ferreyra,A,2024-11-01 13:34:25
1902,nicolas.ruiz@example.net,Nicolás Ruiz,A,2024-11-01 16:43:10
1903,tomas.perez69@example.org,Tomás Pérez,A,2024-11-01 19:13:46
1904,tledesma1973@example.com,Tomás Ledesma,A,2024-11-02 13:10:36
1905,fnunez63@example.com,Florencia Núñez,A,2024-11-02 16:42:28
1906,nunez.daniela14@example.org,Daniela Núñez,A,2024-11-02 19:30:24
1907,ignacio_carrizo@example.org,Ignacio Carrizo,A,2024-11-03 10:41:52
1908,micaela_quiroga2002@example.net,Micaela Quiroga,A,2024-11-03 13:40:57
1909,matias.garcia90@example.org,Matías García,A,2024-11-03 20:06:49
1910,vgutierrez2004@example.net,Victoria Gutiérrez,I,2024-11-03 22:33:21
1911,diego.ferreyra52@example.org,Diego Ferreyra,A,2024-11-04 02:26:06
1912,iojeda@example.net,Ignacio Ojeda,A,2024-11-04 11:29:06
1913,martina_rodriguez21@example.org,Martina Rodríguez,I,2024-11-04 12:32:49
1914,cgimenez1974@example.net,Carolina Giménez,A,2024-11-04 15:13:58
1915,herrera.julieta18@example.org,Julieta Herrera,A,2024-11-04 20:33:20
1916,martinavega1969@example.org,Martina Vega,A,2024-11-04 22:56:56
1917,tledesma@example.org,Tomás Ledesma,I,2024-11-05 08:05:11
1918,moreno.federico7@example.org,Federico Moreno,I,2024-11-05 11:25:39
1919,santiagocarrizo@example.net,Santiago Carrizo,A,2024-11-05 14:16:35
1920,catalina.gutierrez1965@example.net,Catalina Gutiérrez,A,2024-11-05 18:02:46
1921,milagrosramirez8@example.com,Milagros Ramírez,A,2024-11-05 20:37:51
1922,emiliano.sanchez1991@example.com,Emiliano Sánchez,A,2024-11-05 22:07:36
1923,joaquin_moreno1985@example.org,Joaquín Moreno,A,2024-11-05 23:54:53
1924,gonzalez.nicolas@example.org,Nicolás González,A,2024-11-06 05:26:49
1925,rominanunez5@example.net,Romina Núñez,A,2024-11-06 08:25:19
1926,micaela.rios71@example.com,Micaela Ríos,A,2024-11-06 12:10:57
1927,nicolas_diaz@example.org,Nicolás Díaz,A,2024-11-06 15:35:09
1928,morales.romina@example.net,Romina Morales,A,2024-11-06 17:33:41
1929,lucia.cabrera62@example.net,Lucía Cabrera,A,2024-11-06 18:30:57
1930,leandro_rios86@example.com,Leandro Ríos,A,2024-11-06 18:40:43
1931,gonzalo.ferreyra80@example.org,Gonzalo Ferreyra,A,2024-11-06 18:46:18
1932,romina_ledesma1988@example.org,Romina Ledesma,A,2024-11-06 21:46:59
1933,martina_ramirez@example.com,Martina Ramírez,A,2024-11-07 03:00:33
1934,emunoz@example.net,Ezequiel Muñoz,A,2024-11-07 13:06:43
1935,ramiro.ortiz65@example.com,Ramiro Ortiz,A,2024-11-07 14:26:29
1936,ezequielojeda@example.org,Ezequiel Ojeda,A,2024-11-08 16:42:41
1937,hernan_morales@example.org,Hernán Morales,A,2024-11-08 19:30:56
1938,carolina_rodriguez1970@example.org,Carolina Rodríguez,A,2024-11-08 19:33:08
1939,sperez31@example.com,Sebastián Pérez,A,2024-11-08 21:41:48
1940,lucia.ponce@example.com,Lucía Ponce,A,2024-11-09 03:36:32
1941,fernandez.julieta66@example.org,Julieta Fernández,A,2024-11-09 08:45:24
1942,franco_cabrera78@example.net,Franco Cabrera,A,2024-11-09 12:41:44
1943,mperez51@example.net,Mateo Pérez,A,2024-11-09 15:08:31
1944,ignacio_rios1995@example.com,Ignacio Ríos,A,2024-11-09 17:05:55
1945,facundosanchez71@example.org,Facundo Sánchez,A,2024-11-09 19:28:37
1946,brendamunoz@example.org,Brenda Muñoz,A,2024-11-09 22:54:04
1947,rperalta53@example.net,Rocío Peralta,A,2024-11-09 22:56:56
1948,ezequiel.ramirez4@example.net,Ezequiel Ramírez,A,2024-11-11 17:44:28
1949,gabrielgomez12@example.org,Gabriel Gómez,A,2024-11-11 21:31:16
1950,sebastian_alvarez33@example.com,Sebastián Álvarez,A,2024-11-12 08:52:12
1951,ferreyra.pablo@example.com,Pablo Ferreyra,A,2024-11-12 11:22:17
1952,diego_moreno97@example.org,Diego Moreno,A,2024-11-12 12:14:56
1953,leandropereyra95@example.com,Leandro Pereyra,A,2024-11-12 12:21:16
1954,gonzalo.pereyra1983@example.net,Gonzalo Pereyra,A,2024-11-12 13:13:49
1955,gonzalez.belen1976@example.net,Belén González,A,2024-11-12 21:11:48
1956,alvarez.belen@example.com,Belén Álvarez,A,2024-11-13 05:09:46
1957,martin_nunez@example.org,Martín Núñez,A,2024-11-13 10:11:03
1958,mbenitez45@example.com,Martina Benítez,I,2024-11-13 12:25:45
1959,leandro_lopez@example.org,Leandro López,A,2024-11-13 13:40:05
1960,pablotorres16@example.org,Pablo Torres,A,2024-11-13 16:18:47
1961,diego_molina@example.net,Diego Molina,A,2024-11-13 16:19:03
1962,nquiroga29@example.org,Natalia Quiroga,A,2024-11-13 20:36:19
1963,joaquinaguirre@example.org,Joaquín Aguirre,A,2024-11-13 22:23:39
1964,luciana_pereyra79@example.com,Luciana Pereyra,A,2024-11-14 04:10:50
1965,camila_flores@example.org,Camila Flores,A,2024-11-14 08:36:13
1966,aguirre.julieta@example.com,Julieta Aguirre,A,2024-11-14 09:48:10
1967,natalia_pereyra98@example.com,Natalia Pereyra,I,2024-11-14 09:53:04
1968,squiroga68@example.net,Silvina Quiroga,A,2024-11-14 12:50:29
1969,suarez.joaquin49@example.net,Joaquín Suárez,A,2024-11-14 13:14:15
1970,jortiz@example.org,Julieta Ortiz,A,2024-11-14 17:35:26
1971,daniela_peralta98@example.net,Daniela Peralta,A,2024-11-14 21:19:50
1972,catalinasuarez@example.net,Catalina Suárez,A,2024-11-15 13:03:07
1973,rramirez1974@example.org,Ramiro Ramírez,A,2024-11-15 19:04:21
1974,lucaspereyra@example.org,Lucas Pereyra,A,2024-11-15 20:03:07
1975,erojas@example.net,Emiliano Rojas,A,2024-11-16 01:23:56
1976,luciamedina1971@example.org,Lucía Medina,A,2024-11-16 13:31:23
1977,sebastian.moreno1975@example.net,Sebastián Moreno,A,2024-11-16 13:57:56
1978,bcastillo1993@example.net,Brenda Castillo,A,2024-11-16 15:01:25
1979,sofia.quiroga43@example.com,Sofía Quiroga,A,2024-11-16 19:56:52
1980,santiago.rojas@example.com,Santiago Rojas,A,2024-11-16 20:09:41
1981,rojas.diego@example.net,Diego Rojas,A,2024-11-17 12:34:33
1982,ana_godoy1975@example.org,Ana Godoy,A,2024-11-18 11:15:14
1983,mvega1977@example.net,Milagros Vega,A,2024-11-18 14:28:11
1984,lucasperalta@example.com,Lucas Peralta,A,2024-11-18 20:10:50
1985,jtorres@example.net,Julieta Torres,A,2024-11-19 10:04:33
1986,hernanrojas7@example.net,Hernán Rojas,A,2024-11-19 14:16:13
1987,rocioacosta91@example.net,Rocío Acosta,A,2024-11-19 14:45:18
1988,molina.paula@example.com,Paula Molina,A,2024-11-19 14:51:12
1989,romero.alejandro@example.net,Alejandro Romero,A,2024-11-19 15:29:59
1990,martina_ramirez1982@example.net,Martina Ramírez,A,2024-11-19 18:38:03
1991,fperez6@example.com,Federico Pérez,A,2024-11-19 19:27:19
1992,federico_juarez7@example.com,Federico Juárez,A,2024-11-20 08:08:19
1993,jcarrizo@example.net,Julieta Carrizo,A,2024-11-20 13:33:41
1994,joaquin_dominguez33@example.com,Joaquín Domínguez,A,2024-11-20 14:31:12
1995,bpereyra2000@example.org,Belén Pereyra,I,2024-11-20 20:30:50
1996,ffernandez@example.net,Federico Fernández,A,2024-11-21 03:29:37
1997,emunoz@example.com,Ezequiel Muñoz,A,2024-11-21 23:54:19
1998,joaquin.molina98@example.net,Joaquín Molina,A,2024-11-22 08:16:16
1999,martin_sosa1966@example.net,Martín Sosa,A,2024-11-22 13:47:57
2000,joaquingarcia1999@example.org,Joaquín García,A,2024-11-22 14:12:13
2001,sebastian_aguirre@example.org,Sebastián Aguirre,I,2024-11-22 14:41:55
2002,ramiro_rios@example.org,Ramiro Ríos,A,2024-11-22 16:04:06
2003,antonellacabrera@example.net,Antonella Cabrera,A,2024-11-22 16:59:59
2004,silva.daniela40@example.net,Daniela Silva,A,2024-11-22 19:44:36
2005,rominaquiroga@example.org,Romina Quiroga,A,2024-11-22 20:09:30
2006,laguirre2000@example.org,Lucía Aguirre,A,2024-11-22 20:20:09
2007,eflores17@example.com,Ezequiel Flores,A,2024-11-23 07:30:34
2008,mquiroga1990@example.org,Milagros Quiroga,A,2024-11-23 17:46:21
2009,ruiz.lucas30@example.net,Lucas Ruiz,A,2024-11-23 23:25:54
2010,suarez.maria1990@example.com,María Suárez,A,2024-11-24 03:02:59
2011,sofiamedina1975@example.com,Sofía Medina,I,2024-11-24 03:17:55
2012,mgonzalez@example.org,Micaela González,A,2024-11-24 09:49:04
2013,fromero1992@example.net,Federico Romero,A,2024-11-24 14:37:35
2014,rominarodriguez70@example.com,Romina Rodríguez,A,2024-11-25 11:56:05
2015,diego.herrera70@example.net,Diego Herrera,A,2024-11-25 14:42:14
2016,mateo.quiroga1987@example.org,Mateo Quiroga,A,2024-11-25 19:52:31
2017,ponce.martina@example.net,Martina Ponce,A,2024-11-26 14:28:45
2018,msanchez@example.com,Martín Sánchez,A,2024-11-26 21:39:29
2019,francojuarez1991@example.com,Franco Juárez,A,2024-11-27 13:59:28
2020,gnunez@example.net,Gabriel Núñez,A,2024-11-27 16:38:58
2021,valentinacarrizo@example.com,Valentina Carrizo,A,2024-11-27 19:16:37
2022,silva.ezequiel@example.com,Ezequiel Silva,A,2024-11-27 19:43:57
2023,iledesma1966@example.net,Ignacio Ledesma,A,2024-11-28 06:33:47
2024,jbenitez@example.org,Juan Benítez,I,2024-11-28 09:55:03
2025,diaz.micaela18@example.org,Micaela Díaz,A,2024-11-28 12:13:55
2026,rojas.pablo39@example.com,Pablo Rojas,A,2024-11-28 13:21:43
2027,abenitez@example.org,Alejandro Benítez,A,2024-11-28 14:03:09
2028,camila.morales1975@example.org,Camila Morales,A,2024-11-28 16:49:01
2029,cabrera.brenda2002@example.com,Brenda Cabrera,A,2024-11-28 19:17:28
2030,sosa.hernan84@example.org,Hernán Sosa,A,2024-11-29 11:09:12
2031,micaeladiaz@example.net,Micaela Díaz,A,2024-11-29 15:58:14
2032,agustina.ojeda@example.net,Agustina Ojeda,I,2024-11-29 17:02:01
2033,ferreyra.catalina@example.org,Catalina Ferreyra,A,2024-11-29 18:49:23
2034,luna.maria8@example.com,María Luna,I,2024-11-29 20:07:48
2035,franco.benitez2005@example.net,Franco Benítez,A,2024-11-29 20:23:55
2036,alejandro_dominguez9@example.net,Alejandro Domínguez,A,2024-11-29 23:40:54
2037,rmedina@example.com,Romina Medina,A,2024-11-30 07:24:14
2038,rios.martin@example.net,Martín Ríos,A,2024-11-30 11:36:05
2039,pcastro20@example.com,Pablo Castro,A,2024-11-30 14:15:34
2040,aguirre.lucas1985@example.com,Lucas Aguirre,A,2024-11-30 15:13:07
2041,carolina.rodriguez@example.net,Carolina Rodríguez,A,2024-11-30 16:25:35
2042,victoriaquiroga@example.org,Victoria Quiroga,A,2024-11-30 19:14:00
2043,tomas.rodriguez1986@example.net,Tomás Rodríguez,A,2024-12-01 03:20:03
2044,mateososa99@example.org,Mateo Sosa,A,2024-12-01 11:40:44
2045,godoy.pablo48@example.com,Pablo Godoy,A,2024-12-01 11:44:03
2046,nruiz@example.com,Natalia Ruiz,A,2024-12-01 13:30:16
2047,brenda.sosa@example.net,Brenda Sosa,A,2024-12-01 17:24:13
2048,santiago_ramirez1968@example.com,Santiago Ramírez,I,2024-12-01 18:36:03
2049,bramirez8@example.org,Belén Ramírez,I,2024-12-01 21:45:03
2050,florenciaflores@example.com,Florencia Flores,A,2024-12-02 01:07:47
2051,ponce.joaquin@example.net,Joaquín Ponce,A,2024-12-02 03:08:01
2052,dominguez.agustina28@example.com,Agustina Domínguez,A,2024-12-02 11:47:44
2053,nunez.juan@example.net,Juan Núñez,A,2024-12-02 12:45:54
2054,carolina_garcia@example.com,Carolina García,I,2024-12-02 13:01:24
2055,molina.luciana@example.org,Luciana Molina,A,2024-12-02 13:12:09
2056,martinez.ana1991@example.net,Ana Martínez,A,2024-12-02 16:32:09
2057,rferreyra23@example.net,Romina Ferreyra,I,2024-12-02 20:11:43
2058,rociojuarez2004@example.com,Rocío Juárez,A,2024-12-03 01:59:40
2059,paula.medina80@example.net,Paula Medina,A,2024-12-03 08:58:28
2060,rominatorres1994@example.net,Romina Torres,A,2024-12-03 15:52:49
2061,hgonzalez@example.org,Hernán González,A,2024-12-03 18:14:18
2062,herrera.juan53@example.net,Juan Herrera,A,2024-12-03 18:53:07
2063,brenda_gimenez1981@example.net,Brenda Giménez,A,2024-12-03 20:47:39
2064,fferreyra34@example.org,Facundo Ferreyra,A,2024-12-03 20:50:46
2065,lucas_lopez@example.com,Lucas López,A,2024-12-03 21:01:29
2066,gabriel.munoz25@example.net,Gabriel Muñoz,A,2024-12-04 03:07:27
2067,rocio.torres@example.com,Rocío Torres,A,2024-12-04 11:58:12
2068,maria.morales11@example.net,María Morales,A,2024-12-04 14:47:58
2069,mromero60@example.net,Matías Romero,A,2024-12-04 20:31:33
2070,hernanacosta@example.org,Hernán Acosta,A,2024-12-05 19:30:32
2071,nataliamolina@example.com,Natalia Molina,A,2024-12-06 11:56:44
2072,micaela.garcia1991@example.net,Micaela García,A,2024-12-06 12:40:03
2073,rojas.antonella59@example.com,Antonella Rojas,A,2024-12-07 12:06:16
2074,florencia.ortiz1977@example.com,Florencia Ortiz,A,2024-12-07 21:39:02
2075,luna.juan94@example.org,Juan Luna,A,2024-12-07 22:57:34
2076,hernan_peralta@example.com,Hernán Peralta,A,2024-12-08 00:40:43
2077,flores.camila2000@example.net,Camila Flores,A,2024-12-08 12:30:04
2078,acosta.ezequiel@example.net,Ezequiel Acosta,A,2024-12-08 17:33:34
2079,ojeda.lucia65@example.org,Lucía Ojeda,A,2024-12-08 17:51:25
2080,sosa.benjamin23@example.org,Benjamín Sosa,A,2024-12-08 17:58:11
2081,ssanchez48@example.org,Sebastián Sánchez,A,2024-12-08 22:04:19
2082,florencia.suarez8@example.com,Florencia Suárez,A,2024-12-08 22:24:59
2083,ledesma.ana8@example.com,Ana Ledesma,A,2024-12-09 08:48:53
2084,benjamin.quiroga1990@example.com,Benjamín Quiroga,A,2024-12-09 15:04:14
2085,mflores1977@example.com,María Flores,A,2024-12-09 17:45:15
2086,benjamin.castro@example.org,Benjamín Castro,A,2024-12-10 11:30:32
2087,tomas.romero1971@example.org,Tomás Romero,A,2024-12-10 12:55:53
2088,victoriagonzalez14@example.net,Victoria González,A,2024-12-10 14:01:32
2089,martinez.tomas1991@example.net,Tomás Martínez,A,2024-12-10 16:12:49
2090,paula_silva74@example.com,Paula Silva,A,2024-12-10 17:17:22
2091,bcastillo@example.com,Belén Castillo,A,2024-12-10 17:32:17
2092,juan_medina1980@example.org,Juan Medina,A,2024-12-10 20:17:06
2093,luna.martina@example.org,Martina Luna,A,2024-12-10 21:26:58
2094,brenda.ortiz@example.net,Brenda Ortiz,A,2024-12-10 22:23:11
2095,pablo.gomez@example.net,Pablo Gómez,A,2024-12-11 15:43:31
2096,florenciagodoy75@example.org,Florencia Godoy,A,2024-12-11 16:14:25
2097,ferreyra.micaela@example.net,Micaela Ferreyra,A,2024-12-11 17:50:01
2098,federico.rojas89@example.net,Federico Rojas,A,2024-12-11 18:41:34
2099,florencia_morales1965@example.net,Florencia Morales,A,2024-12-11 19:22:27
2100,catalinaromero39@example.com,Catalina Romero,A,2024-12-11 19:49:33
2101,benitez.micaela1@example.net,Micaela Benítez,A,2024-12-11 21:28:47
2102,ncastro1978@example.org,Nicolás Castro,A,2024-12-12 14:52:42
2103,ignaciocabrera@example.com,Ignacio Cabrera,A,2024-12-12 15:54:03
2104,ramiroledesma78@example.com,Ramiro Ledesma,A,2024-12-12 16:19:35
2105,gabriel.flores42@example.net,Gabriel Flores,A,2024-12-12 16:23:11
2106,sebastianmartinez1976@example.org,Sebastián Martínez,A,2024-12-12 17:10:28
2107,mateo.alvarez1981@example.org,Mateo Álvarez,A,2024-12-12 17:43:13
2108,moreno.luciana63@example.net,Luciana Moreno,A,2024-12-12 19:37:34
2109,hernan.vega35@example.com,Hernán Vega,A,2024-12-12 19:48:18
2110,luciana.morales@example.com,Luciana Morales,A,2024-12-12 19:56:00
2111,maria.medina@example.com,María Medina,A,2024-12-12 20:55:37
2112,juarez.matias@example.org,Matías Juárez,I,2024-12-12 21:30:18
2113,fponce1966@example.org,Florencia Ponce,A,2024-12-12 22:07:34
2114,luna.maria1985@example.com,María Luna,A,2024-12-12 23:07:34
2115,paulasanchez1997@example.com,Paula Sánchez,A,2024-12-13 06:48:52
2116,jtorres26@example.net,Julieta Torres,A,2024-12-13 11:14:18
2117,santiagoherrera@example.org,Santiago Herrera,A,2024-12-13 11:59:12
2118,micaela.quiroga35@example.net,Micaela Quiroga,A,2024-12-13 12:08:30
2119,agustina.godoy82@example.org,Agustina Godoy,A,2024-12-13 13:23:36
2120,camila_morales58@example.org,Camila Morales,A,2024-12-13 13:57:44
2121,brendaponce79@example.net,Brenda Ponce,A,2024-12-13 14:18:25
2122,apereyra19@example.org,Antonella Pereyra,A,2024-12-13 18:22:24
2123,julieta.benitez1982@example.net,Julieta Benítez,A,2024-12-13 18:35:47
2124,lucianacastillo1977@example.org,Luciana Castillo,A,2024-12-13 19:39:03
2125,antonellaromero@example.org,Antonella Romero,A,2024-12-13 20:53:32
2126,santiago_rios81@example.com,Santiago Ríos,A,2024-12-13 22:27:30
2127,hlopez@example.org,Hernán López,A,2024-12-14 13:24:44
2128,gutierrez.valentina1981@example.net,Valentina Gutiérrez,A,2024-12-14 14:28:04
2129,sofia_ruiz1974@example.org,Sofía Ruiz,A,2024-12-14 15:43:51
2130,romina_luna2001@example.org,Romina Luna,A,2024-12-14 19:10:19
2131,lflores@example.net,Luciana Flores,A,2024-12-15 11:12:40
2132,cgutierrez1973@example.org,Catalina Gutiérrez,A,2024-12-15 15:17:00
2133,francoromero@example.com,Franco Romero,A,2024-12-15 17:58:01
2134,valentinacarrizo@example.net,Valentina Carrizo,A,2024-12-15 19:37:36
2135,maria.lopez1992@example.org,María López,A,2024-12-15 20:35:33
2136,daniela.quiroga@example.net,Daniela Quiroga,A,2024-12-15 23:23:27
2137,santiago_luna2000@example.com,Santiago Luna,A,2024-12-16 07:49:01
2138,ljuarez1966@example.net,Lucas Juárez,A,2024-12-16 11:48:35
2139,hgomez1971@example.org,Hernán Gómez,A,2024-12-16 12:16:25
2140,rodriguez.mateo40@example.com,Mateo Rodríguez,A,2024-12-16 15:11:05
2141,peralta.benjamin@example.com,Benjamín Peralta,A,2024-12-16 16:13:03
2142,gonzalobenitez1982@example.net,Gonzalo Benítez,A,2024-12-16 16:33:13
2143,pablo.castro1994@example.net,Pablo Castro,A,2024-12-16 18:38:31
2144,gabriel.fernandez@example.com,Gabriel Fernández,I,2024-12-16 18:50:03
2145,micaela_ledesma1970@example.com,Micaela Ledesma,A,2024-12-17 00:08:52
2146,rojas.pablo85@example.com,Pablo Rojas,A,2024-12-17 11:02:22
2147,nataliabenitez@example.org,Natalia Benítez,A,2024-12-17 13:37:38
2148,ana_gutierrez65@example.net,Ana Gutiérrez,A,2024-12-17 20:07:14
2149,flores.milagros21@example.com,Milagros Flores,A,2024-12-17 20:10:55
2150,martina.romero@example.net,Martina Romero,A,2024-12-18 09:43:17
2151,smoreno1992@example.net,Sofía Moreno,I,2024-12-18 11:24:27
2152,sperez64@example.org,Santiago Pérez,A,2024-12-18 17:42:10
2153,emiliano_gonzalez@example.com,Emiliano González,A,2024-12-18 18:11:43
2154,naguirre@example.net,Nicolás Aguirre,A,2024-12-18 18:36:12
2155,sebastian_ledesma1979@example.net,Sebastián Ledesma,A,2024-12-19 08:57:28
2156,florenciabenitez64@example.net,Florencia Benítez,A,2024-12-19 16:25:03
2157,federico_quiroga@example.org,Federico Quiroga,A,2024-12-19 16:51:30
2158,ana_suarez51@example.org,Ana Suárez,A,2024-12-19 18:04:18
2159,benitez.victoria@example.com,Victoria Benítez,A,2024-12-19 18:51:40
2160,ramiro.munoz1999@example.net,Ramiro Muñoz,A,2024-12-19 20:26:00
2161,santiago.rojas1965@example.com,Santiago Rojas,A,2024-12-19 21:59:32
2162,jsosa@example.net,Julieta Sosa,A,2024-12-19 22:11:12
2163,victoriajuarez@example.net,Victoria Juárez,A,2024-12-19 22:30:55
2164,danielagimenez49@example.org,Daniela Giménez,A,2024-12-19 23:13:56
2165,victoria_castro47@example.org,Victoria Castro,A,2024-12-20 12:31:36
2166,ramiro.gimenez83@example.net,Ramiro Giménez,A,2024-12-20 13:16:33
2167,rrojas67@example.com,Rocío Rojas,A,2024-12-20 14:39:29
2168,mateo.dominguez53@example.org,Mateo Domínguez,A,2024-12-20 16:16:38
2169,martin.ruiz1980@example.net,Martín Ruiz,A,2024-12-20 16:23:09
2170,rgodoy50@example.net,Rocío Godoy,A,2024-12-20 16:28:02
2171,prios1984@example.org,Paula Ríos,A,2024-12-20 18:09:48
2172,camila.gutierrez90@example.org,Camila Gutiérrez,A,2024-12-20 18:36:41
2173,catalinaacosta6@example.com,Catalina Acosta,A,2024-12-20 19:11:42
2174,vfernandez@example.org,Valentina Fernández,A,2024-12-20 19:56:09
2175,brenda.gonzalez77@example.com,Brenda González,A,2024-12-21 05:41:58
2176,fernandez.gonzalo78@example.com,Gonzalo Fernández,A,2024-12-21 12:10:00
2177,msanchez35@example.com,Milagros Sánchez,A,2024-12-21 14:42:26
2178,martina.vega@example.net,Martina Vega,A,2024-12-21 17:21:37
2179,ponce.victoria76@example.org,Victoria Ponce,A,2024-12-21 19:46:20
2180,jnunez20@example.org,Joaquín Núñez,A,2024-12-21 19:52:21
2181,juarez.alejandro@example.net,Alejandro Juárez,A,2024-12-22 12:34:38
2182,juarez.alejandro30@example.org,Alejandro Juárez,A,2024-12-22 15:52:11
2183,camilaperez1992@example.org,Camila Pérez,A,2024-12-22 18:50:31
2184,emilianonunez1983@example.net,Emiliano Núñez,I,2024-12-22 19:47:10
2185,sebastian_munoz1968@example.net,Sebastián Muñoz,A,2024-12-23 10:57:03
2186,ignacioaguirre@example.org,Ignacio Aguirre,A,2024-12-23 18:58:22
2187,paula_diaz@example.net,Paula Díaz,A,2024-12-23 21:06:03
2188,clopez54@example.net,Camila López,A,2024-12-23 21:12:13
2189,agustina_diaz1985@example.org,Agustina Díaz,A,2024-12-23 23:32:35
2190,julieta.rojas@example.com,Julieta Rojas,A,2024-12-24 07:17:03
2191,fernandez.benjamin19@example.com,Benjamín Fernández,A,2024-12-24 11:21:40
2192,benjaminmolina95@example.org,Benjamín Molina,A,2024-12-24 11:53:45
2193,rocio.luna81@example.org,Rocío Luna,A,2024-12-24 12:47:05
2194,ignacioferreyra54@example.net,Ignacio Ferreyra,A,2024-12-24 13:31:00
2195,silva.ramiro1996@example.com,Ramiro Silva,A,2024-12-24 14:41:48
2196,nmartinez@example.com,Natalia Martínez,A,2024-12-24 15:11:30
2197,fgutierrez42@example.com,Florencia Gutiérrez,A,2024-12-24 17:49:34
2198,diego_nunez1991@example.net,Diego Núñez,A,2024-12-24 17:50:10
2199,rojas.valentina@example.org,Valentina Rojas,A,2024-12-24 18:12:31
2200,alejandro.ruiz1974@example.net,Alejandro Ruiz,A,2024-12-24 18:45:29
2201,castillo.hernan@example.net,Hernán Castillo,I,2024-12-24 20:43:36
2202,juan.gonzalez1989@example.org,Juan González,A,2024-12-24 21:40:39
2203,cabrera.diego@example.com,Diego Cabrera,A,2024-12-24 22:35:41
2204,mariabenitez@example.net,María Benítez,A,2024-12-25 05:57:02
2205,milagrosdiaz@example.com,Milagros Díaz,A,2024-12-25 15:18:22
2206,tomasmorales69@example.net,Tomás Morales,A,2024-12-26 10:38:24
2207,gonzalez.diego2000@example.org,Diego González,I,2024-12-26 18:43:54
2208,florencia_lopez1976@example.net,Florencia López,A,2024-12-26 18:58:06
2209,lucasdiaz1971@example.net,Lucas Díaz,A,2024-12-26 19:59:03
2210,daniela_rios2002@example.net,Daniela Ríos,A,2024-12-26 23:38:08
2211,florenciagarcia45@example.net,Florencia García,A,2024-12-27 10:51:06
2212,hernansanchez1998@example.org,Hernán Sánchez,I,2024-12-27 12:22:57
2213,sgarcia@example.com,Sebastián García,A,2024-12-27 13:07:42
2214,paulaferreyra59@example.com,Paula Ferreyra,A,2024-12-27 13:28:05
2215,quiroga.romina1979@example.org,Romina Quiroga,A,2024-12-27 13:51:16
2216,mmunoz43@example.net,Milagros Muñoz,A,2024-12-27 15:07:03
2217,catalina.cabrera1987@example.com,Catalina Cabrera,A,2024-12-27 16:31:27
2218,flores.federico80@example.com,Federico Flores,I,2024-12-27 18:27:37
2219,antonella.ponce22@example.com,Antonella Ponce,A,2024-12-27 19:15:17
2220,paula_herrera@example.org,Paula Herrera,I,2024-12-27 21:33:08
2221,nicolas.garcia@example.org,Nicolás García,A,2024-12-27 22:37:21
2222,martinruiz@example.org,Martín Ruiz,A,2024-12-28 08:38:19
2223,silvinaponce@example.org,Silvina Ponce,I,2024-12-28 13:14:13
2224,belen_gutierrez1973@example.net,Belén Gutiérrez,A,2024-12-28 15:04:11
2225,gsanchez1980@example.net,Gonzalo Sánchez,A,2024-12-28 16:55:03
2226,acosta.santiago@example.org,Santiago Acosta,A,2024-12-28 17:46:58
2227,carolinaponce18@example.com,Carolina Ponce,A,2024-12-28 20:37:09
2228,cabrera.alejandro1968@example.org,Alejandro Cabrera,A,2024-12-28 20:39:59
2229,garcia.maria1984@example.net,María García,I,2024-12-28 21:00:39
2230,ezequielrios1979@example.com,Ezequiel Ríos,A,2024-12-28 21:30:47
2231,frodriguez1977@example.com,Florencia Rodríguez,A,2024-12-29 10:31:17
2232,ssuarez88@example.net,Sofía Suárez,A,2024-12-29 14:09:27
2233,juanortiz88@example.org,Juan Ortiz,I,2024-12-29 14:25:02
2234,dmartinez@example.com,Diego Martínez,A,2024-12-29 19:19:06
2235,gabriel_rios@example.com,Gabriel Ríos,A,2024-12-29 21:42:57
2236,lucas_ruiz1971@example.com,Lucas Ruiz,A,2024-12-30 10:45:29
2237,matias.acosta@example.org,Matías Acosta,A,2024-12-30 10:58:27
2238,federico_torres@example.org,Federico Torres,A,2024-12-30 12:11:03
2239,santiagoherrera91@example.net,Santiago Herrera,A,2024-12-30 13:33:27
2240,ezequielsanchez80@example.com,Ezequiel Sánchez,A,2024-12-31 18:52:45
2241,adiaz98@example.net,Agustina Díaz,A,2024-12-31 21:18:31
2242,anaperalta14@example.org,Ana Peralta,A,2024-12-31 22:28:25
2243,rios.paula48@example.com,Paula Ríos,A,2025-01-01 15:53:51
2244,rociofernandez@example.net,Rocío Fernández,A,2025-01-01 15:58:34
2245,nicolas.rios@example.com,Nicolás Ríos,A,2025-01-01 21:06:37
2246,silvinamorales84@example.com,Silvina Morales,A,2025-01-01 22:20:03
2247,jsilva24@example.com,Julieta Silva,A,2025-01-02 11:16:32
2248,tomastorres1965@example.org,Tomás Torres,A,2025-01-02 11:30:25
2249,ruiz.leandro1996@example.org,Leandro Ruiz,A,2025-01-02 11:59:10
2250,ana.ojeda39@example.net,Ana Ojeda,A,2025-01-02 13:48:56
2251,cfernandez95@example.net,Carolina Fernández,A,2025-01-02 15:01:39
2252,ramiro_torres1988@example.com,Ramiro Torres,A,2025-01-02 18:43:16
2253,diegomoreno@example.org,Diego Moreno,A,2025-01-02 19:37:27
2254,ignacio.torres91@example.net,Ignacio Torres,A,2025-01-03 11:11:25
2255,belen.romero38@example.org,Belén Romero,A,2025-01-03 11:29:58
2256,milagros_gomez1975@example.com,Milagros Gómez,A,2025-01-03 12:14:12
2257,sofia_moreno53@example.org,Sofía Moreno,A,2025-01-03 14:11:27
2258,ramirez.milagros1990@example.com,Milagros Ramírez,A,2025-01-04 06:45:40
2259,benjamin.gomez23@example.com,Benjamín Gómez,A,2025-01-04 09:20:37
2260,pereyra.catalina47@example.net,Catalina Pereyra,A,2025-01-04 10:29:30
2261,silvinabenitez82@example.org,Silvina Benítez,A,2025-01-04 13:03:37
2262,victoriagomez1967@example.com,Victoria Gómez,A,2025-01-04 13:18:09
2263,lmorales@example.com,Luciana Morales,I,2025-01-04 14:37:55
2264,rociomedina@example.net,Rocío Medina,A,2025-01-04 16:52:16
2265,joaquin.peralta1998@example.com,Joaquín Peralta,A,2025-01-04 17:46:22
2266,antonella.alvarez@example.com,Antonella Álvarez,A,2025-01-04 18:30:39
2267,nataliaperez2005@example.org,Natalia Pérez,A,2025-01-04 18:41:26
2268,catalina_gomez1@example.net,Catalina Gómez,A,2025-01-05 08:11:20
2269,catalina.alvarez44@example.net,Catalina Álvarez,A,2025-01-05 16:23:20
2270,ledesma.paula15@example.com,Paula Ledesma,A,2025-01-06 00:28:47
2271,cabrera.tomas@example.org,Tomás Cabrera,A,2025-01-06 12:42:48
2272,nunez.valentina@example.net,Valentina Núñez,A,2025-01-06 14:50:12
2273,rociolopez1978@example.org,Rocío López,A,2025-01-06 15:18:00
2274,maria.nunez52@example.com,María Núñez,A,2025-01-06 15:36:08
2275,csilva2001@example.net,Catalina Silva,A,2025-01-06 18:38:57
2276,rlopez77@example.net,Rocío López,I,2025-01-07 01:37:40
2277,cojeda@example.org,Catalina Ojeda,A,2025-01-07 07:39:01
2278,lucianaferreyra@example.net,Luciana Ferreyra,A,2025-01-07 07:47:29
2279,ezequielpereyra@example.net,Ezequiel Pereyra,A,2025-01-07 10:12:29
2280,benjamin.aguirre1990@example.org,Benjamín Aguirre,A,2025-01-07 12:35:32
2281,flores.hernan1974@example.org,Hernán Flores,A,2025-01-07 19:49:08
2282,emilianorodriguez7@example.com,Emiliano Rodríguez,A,2025-01-07 19:57:55
2283,gabrielpereyra4@example.com,Gabriel Pereyra,A,2025-01-07 20:37:08
2284,ctorres1997@example.org,Carolina Torres,A,2025-01-08 11:48:32
2285,leandro.medina@example.com,Leandro Medina,A,2025-01-08 12:43:06
2286,silvinapereyra@example.net,Silvina Pereyra,A,2025-01-08 14:43:23
2287,castillo.ramiro84@example.net,Ramiro Castillo,A,2025-01-08 19:08:41
2288,carrizo.tomas@example.org,Tomás Carrizo,A,2025-01-09 09:13:32
2289,sofiaferreyra@example.org,Sofía Ferreyra,A,2025-01-10 13:48:28
2290,cabrera.paula66@example.net,Paula Cabrera,A,2025-01-10 15:42:15
2291,leandro_herrera@example.com,Leandro Herrera,A,2025-01-10 17:12:52
2292,godoy.emiliano1966@example.com,Emiliano Godoy,A,2025-01-10 18:13:06
2293,mrodriguez@example.net,Milagros Rodríguez,A,2025-01-10 21:59:15
2294,ssuarez@example.com,Santiago Suárez,I,2025-01-10 23:11:03
2295,natalia.ojeda1978@example.net,Natalia Ojeda,A,2025-01-11 00:55:49
2296,agustina.nunez91@example.org,Agustina Núñez,I,2025-01-11 01:20:07
2297,ignacio.ramirez@example.org,Ignacio Ramírez,A,2025-01-11 03:10:18
2298,luciarodriguez1980@example.net,Lucía Rodríguez,A,2025-01-11 15:23:18
2299,facundocarrizo44@example.org,Facundo Carrizo,A,2025-01-11 17:52:13
2300,milagros.aguirre94@example.org,Milagros Aguirre,A,2025-01-11 22:38:24
2301,sebastian.silva@example.org,Sebastián Silva,A,2025-01-12 11:22:25
2302,pablogodoy59@example.net,Pablo Godoy,A,2025-01-12 13:19:29
2303,martina_dominguez12@example.org,Martina Domínguez,A,2025-01-12 16:27:10
2304,valentina_ferreyra77@example.com,Valentina Ferreyra,A,2025-01-12 21:07:33
2305,mgutierrez@example.org,Martín Gutiérrez,A,2025-01-12 21:57:14
2306,sofia_ortiz@example.org,Sofía Ortiz,A,2025-01-13 10:45:32
2307,gonzalez.belen71@example.com,Belén González,A,2025-01-13 18:34:35
2308,emilianomedina36@example.com,Emiliano Medina,A,2025-01-13 21:11:33
2309,tgarcia@example.com,Tomás García,A,2025-01-14 03:07:12
2310,gonzalez.paula61@example.org,Paula González,A,2025-01-14 13:16:47
2311,suarez.antonella88@example.com,Antonella Suárez,A,2025-01-14 17:25:36
2312,nicolasgonzalez11@example.net,Nicolás González,A,2025-01-14 17:48:05
2313,rodriguez.diego@example.net,Diego Rodríguez,A,2025-01-14 18:59:46
2314,rociodominguez@example.net,Rocío Domínguez,A,2025-01-15 08:56:51
2315,lucia.ruiz45@example.org,Lucía Ruiz,A,2025-01-15 15:07:20
2316,hbenitez@example.com,Hernán Benítez,A,2025-01-15 15:36:45
2317,gonzalo.morales5@example.com,Gonzalo Morales,I,2025-01-15 17:36:27
2318,gabriel.gomez79@example.net,Gabriel Gómez,I,2025-01-15 19:21:31
2319,jlopez2004@example.com,Julieta López,A,2025-01-15 19:27:41
2320,sofia.alvarez@example.com,Sofía Álvarez,A,2025-01-16 14:31:35
2321,martina.ramirez81@example.com,Martina Ramírez,A,2025-01-16 15:40:40
2322,sfernandez@example.org,Silvina Fernández,A,2025-01-16 17:03:18
2323,matiasrodriguez@example.net,Matías Rodríguez,A,2025-01-16 21:36:31
2324,lucasfernandez@example.org,Lucas Fernández,A,2025-01-16 22:14:55
2325,juarez.gonzalo41@example.com,Gonzalo Juárez,A,2025-01-17 12:53:59
2326,rocio_garcia@example.org,Rocío García,A,2025-01-17 15:44:39
2327,mateo.carrizo@example.net,Mateo Carrizo,A,2025-01-17 17:27:41
2328,bsosa30@example.com,Belén Sosa,A,2025-01-17 17:30:49
2329,leandro.diaz1993@example.org,Leandro Díaz,A,2025-01-17 18:01:08
2330,scastro13@example.com,Sofía Castro,A,2025-01-17 22:45:18
2331,rferreyra@example.net,Romina Ferreyra,I,2025-01-18 10:07:43
2332,mtorres14@example.org,Martín Torres,A,2025-01-18 13:27:37
2333,mdominguez47@example.org,Mateo Domínguez,A,2025-01-18 13:44:53
2334,ponce.juan@example.org,Juan Ponce,A,2025-01-18 13:46:20
2335,aguirre.matias22@example.com,Matías Aguirre,A,2025-01-19 11:23:28
2336,sojeda@example.org,Sofía Ojeda,A,2025-01-19 17:50:49
2337,santiago.quiroga9@example.net,Santiago Quiroga,A,2025-01-19 20:24:01
2338,rominaluna84@example.com,Romina Luna,A,2025-01-19 23:53:58
2339,gutierrez.martin1970@example.net,Martín Gutiérrez,A,2025-01-20 05:18:46
2340,rios.emiliano@example.net,Emiliano Ríos,A,2025-01-20 09:44:34
2341,ponce.matias@example.org,Matías Ponce,A,2025-01-20 17:54:22
2342,micaelaalvarez12@example.org,Micaela Álvarez,A,2025-01-20 18:30:56
2343,ramirogutierrez2004@example.org,Ramiro Gutiérrez,I,2025-01-20 22:54:46
2344,rios.ezequiel2000@example.org,Ezequiel Ríos,A,2025-01-21 07:46:55
2345,federicomolina71@example.com,Federico Molina,A,2025-01-21 08:13:32
2346,gonzalez.sebastian@example.net,Sebastián González,A,2025-01-21 16:25:09
2347,victoria.molina2004@example.net,Victoria Molina,A,2025-01-21 16:37:28
2348,camila.castro69@example.org,Camila Castro,A,2025-01-22 00:48:29
2349,lopez.sebastian1972@example.net,Sebastián López,A,2025-01-22 07:17:20
2350,martinez.ramiro1987@example.com,Ramiro Martínez,A,2025-01-22 08:24:21
2351,joaquin.ruiz36@example.org,Joaquín Ruiz,A,2025-01-22 11:35:12
2352,emiliano_vega15@example.net,Emiliano Vega,A,2025-01-22 15:13:25
2353,leandrogomez@example.com,Leandro Gómez,A,2025-01-22 15:36:24
2354,julieta_rios36@example.net,Julieta Ríos,I,2025-01-22 17:21:59
2355,agustina.silva2006@example.net,Agustina Silva,A,2025-01-22 18:16:35
2356,victoria.aguirre74@example.com,Victoria Aguirre,A,2025-01-22 19:49:11
2357,florencia_suarez1995@example.com,Florencia Suárez,A,2025-01-22 21:37:20
2358,sanchez.leandro2004@example.com,Leandro Sánchez,A,2025-01-23 17:51:49
2359,joaquin_moreno@example.com,Joaquín Moreno,A,2025-01-23 19:50:15
2360,gomez.federico29@example.net,Federico Gómez,A,2025-01-24 13:48:22
2361,gperez1998@example.net,Gonzalo Pérez,A,2025-01-24 15:59:42
2362,dominguez.antonella1976@example.org,Antonella Domínguez,A,2025-01-24 18:13:51
2363,anunez1998@example.org,Ana Núñez,A,2025-01-24 20:06:27
2364,gomez.tomas1999@example.com,Tomás Gómez,A,2025-01-24 20:44:58
2365,federicorojas@example.net,Federico Rojas,A,2025-01-25 08:05:01
2366,agustina.morales38@example.net,Agustina Morales,A,2025-01-25 09:30:35
2367,lucia_aguirre87@example.org,Lucía Aguirre,A,2025-01-25 12:00:50
2368,bledesma1987@example.com,Belén Ledesma,A,2025-01-25 12:49:25
2369,romina.dominguez1988@example.org,Romina Domínguez,A,2025-01-26 09:49:19
2370,maria_ruiz@example.net,María Ruiz,A,2025-01-26 12:04:57
2371,julietacabrera@example.com,Julieta Cabrera,A,2025-01-27 15:13:36
2372,mvega@example.org,Milagros Vega,A,2025-01-27 17:01:40
2373,paula_castillo@example.org,Paula Castillo,A,2025-01-27 19:02:06
2374,pablo.ortiz1966@example.org,Pablo Ortiz,A,2025-01-28 01:34:46
2375,leandro.juarez1973@example.net,Leandro Juárez,A,2025-01-28 10:39:46
2376,benitez.facundo1999@example.net,Facundo Benítez,A,2025-01-28 10:58:00
2377,adiaz1988@example.com,Alejandro Díaz,I,2025-01-28 11:23:08
2378,pablogutierrez@example.net,Pablo Gutiérrez,A,2025-01-28 22:01:23
2379,victoriaojeda2004@example.net,Victoria Ojeda,A,2025-01-29 08:09:39
2380,antonellamedina@example.org,Antonella Medina,A,2025-01-29 08:16:50
2381,camila_rojas73@example.org,Camila Rojas,A,2025-01-29 12:16:19
2382,mateo_vega1965@example.com,Mateo Vega,I,2025-01-29 16:07:12
2383,brenda.dominguez52@example.net,Brenda Domínguez,A,2025-01-30 10:05:41
2384,dmunoz@example.org,Daniela Muñoz,A,2025-01-30 10:13:20
2385,milagros.dominguez76@example.com,Milagros Domínguez,A,2025-01-30 18:02:59
2386,benitez.lucia@example.com,Lucía Benítez,A,2025-01-30 18:27:21
2387,lucas.dominguez8@example.net,Lucas Domínguez,A,2025-01-30 20:02:24
2388,cgonzalez77@example.com,Camila González,A,2025-01-30 21:16:54
2389,mariasuarez1965@example.org,María Suárez,A,2025-01-31 10:58:53
2390,cabrera.natalia@example.com,Natalia Cabrera,A,2025-01-31 18:03:43
2391,juansilva1966@example.com,Juan Silva,A,2025-01-31 20:05:56
2392,afernandez1975@example.net,Alejandro Fernández,I,2025-02-01 12:33:44
2393,lucassuarez43@example.net,Lucas Suárez,A,2025-02-01 13:28:44
2394,ezequiel.rojas1996@example.com,Ezequiel Rojas,A,2025-02-01 14:49:04
2395,emiliano.aguirre19@example.com,Emiliano Aguirre,A,2025-02-01 14:49:34
2396,rocioflores45@example.net,Rocío Flores,A,2025-02-01 18:34:29
2397,garcia.catalina86@example.net,Catalina García,A,2025-02-01 19:48:25
2398,ezequielsanchez74@example.com,Ezequiel Sánchez,I,2025-02-02 12:09:43
2399,facundo.acosta2001@example.com,Facundo Acosta,A,2025-02-02 21:06:17
2400,imartinez@example.com,Ignacio Martínez,A,2025-02-03 02:51:14
2401,federico.morales1970@example.org,Federico Morales,A,2025-02-03 14:44:36
2402,romina_rojas17@example.org,Romina Rojas,A,2025-02-03 18:19:47
2403,luciana.gutierrez1965@example.com,Luciana Gutiérrez,A,2025-02-03 19:54:23
2404,federiconunez2006@example.net,Federico Núñez,A,2025-02-04 12:07:30
2405,mperez33@example.org,Matías Pérez,A,2025-02-04 12:53:45
2406,gimenez.martin1993@example.com,Martín Giménez,A,2025-02-04 17:39:00
2407,martinmartinez@example.net,Martín Martínez,I,2025-02-04 18:31:27
2408,hernansilva@example.net,Hernán Silva,A,2025-02-04 18:42:59
2409,sofiagodoy@example.org,Sofía Godoy,I,2025-02-04 19:08:52
2410,catalina.romero23@example.org,Catalina Romero,A,2025-02-05 12:41:47
2411,munoz.lucia2001@example.org,Lucía Muñoz,A,2025-02-06 00:40:14
2412,catalina.diaz23@example.net,Catalina Díaz,A,2025-02-06 14:01:42
2413,sebastianalvarez1973@example.net,Sebastián Álvarez,I,2025-02-06 17:21:43
2414,ortiz.camila@example.net,Camila Ortiz,A,2025-02-06 19:44:37
2415,julieta_acosta1968@example.com,Julieta Acosta,A,2025-02-07 11:44:41
2416,florencia_castillo@example.com,Florencia Castillo,A,2025-02-07 15:00:47
2417,federico_perez27@example.org,Federico Pérez,A,2025-02-07 16:14:35
2418,julieta.diaz2000@example.org,Julieta Díaz,A,2025-02-07 16:21:01
2419,lgonzalez@example.net,Leandro González,A,2025-02-07 18:22:48
2420,lucas.romero@example.net,Lucas Romero,A,2025-02-07 22:01:19
2421,pmorales@example.com,Pablo Morales,A,2025-02-08 06:34:13
2422,catalina_carrizo3@example.org,Catalina Carrizo,A,2025-02-08 06:49:41
2423,saguirre28@example.net,Sebastián Aguirre,A,2025-02-08 11:37:09
2424,belenaguirre96@example.com,Belén Aguirre,A,2025-02-08 11:53:46
2425,pablo.gimenez63@example.com,Pablo Giménez,A,2025-02-08 12:51:36
2426,martin_castillo15@example.net,Martín Castillo,A,2025-02-08 14:39:54
2427,camilacarrizo81@example.com,Camila Carrizo,A,2025-02-08 15:19:46
2428,mateo_carrizo@example.com,Mateo Carrizo,A,2025-02-08 17:50:38
2429,ledesma.franco95@example.org,Franco Ledesma,A,2025-02-08 18:30:51
2430,igonzalez71@example.org,Ignacio González,A,2025-02-08 22:52:52
2431,joaquinrojas1996@example.net,Joaquín Rojas,A,2025-02-08 22:56:27
2432,rtorres@example.com,Romina Torres,A,2025-02-09 18:45:09
2433,belen_vega@example.net,Belén Vega,A,2025-02-09 19:09:02
2434,acosta.rocio28@example.net,Rocío Acosta,A,2025-02-10 07:36:58
2435,valentina_sosa@example.net,Valentina Sosa,A,2025-02-10 13:20:10
2436,francolopez1969@example.org,Franco López,A,2025-02-10 15:43:41
2437,carrizo.mateo8@example.net,Mateo Carrizo,A,2025-02-10 17:02:28
2438,anarojas30@example.com,Ana Rojas,A,2025-02-11 10:03:37
2439,frojas1974@example.org,Florencia Rojas,A,2025-02-11 13:25:57
2440,matias.godoy48@example.net,Matías Godoy,I,2025-02-11 13:53:12
2441,nicolasgimenez1993@example.org,Nicolás Giménez,A,2025-02-11 19:50:53
2442,rios.antonella@example.net,Antonella Ríos,I,2025-02-11 20:06:57
2443,brenda_ledesma@example.org,Brenda Ledesma,A,2025-02-11 22:02:53
2444,martin.lopez1981@example.net,Martín López,A,2025-02-12 00:35:57
2445,munoz.martina1971@example.org,Martina Muñoz,I,2025-02-12 17:13:22
2446,arojas@example.org,Antonella Rojas,A,2025-02-12 17:37:47
2447,lortiz16@example.com,Lucía Ortiz,A,2025-02-12 18:26:38
2448,juan.castro@example.org,Juan Castro,A,2025-02-12 21:39:50
2449,cnunez53@example.com,Camila Núñez,A,2025-02-13 09:55:21
2450,nicolasrios1965@example.org,Nicolás Ríos,A,2025-02-13 10:40:41
2451,lcastillo1977@example.net,Luciana Castillo,A,2025-02-13 10:46:14
2452,cromero1992@example.com,Catalina Romero,A,2025-02-13 13:18:08
2453,ezequiel.suarez@example.com,Ezequiel Suárez,A,2025-02-13 14:15:30
2454,pablo_acosta1999@example.com,Pablo Acosta,A,2025-02-13 20:11:30
2455,ddiaz2004@example.org,Daniela Díaz,A,2025-02-14 06:12:09
2456,florencia.gomez47@example.net,Florencia Gómez,A,2025-02-14 06:20:25
2457,belen_ledesma@example.com,Belén Ledesma,A,2025-02-14 14:41:11
2458,martin.castro73@example.net,Martín Castro,I,2025-02-14 14:46:05
2459,msanchez1999@example.org,Martina Sánchez,A,2025-02-14 14:58:10
2460,brenda_ledesma1989@example.net,Brenda Ledesma,A,2025-02-14 15:24:14
2461,antonella.sanchez@example.net,Antonella Sánchez,A,2025-02-14 17:39:29
2462,luna.catalina1985@example.org,Catalina Luna,A,2025-02-14 19:51:37
2463,julietadiaz1@example.org,Julieta Díaz,A,2025-02-14 21:31:05
2464,natalia.munoz1983@example.org,Natalia Muñoz,I,2025-02-15 00:46:43
2465,mrios@example.com,Micaela Ríos,A,2025-02-15 11:31:51
2466,natalia.diaz54@example.com,Natalia Díaz,A,2025-02-15 15:53:47
2467,diegogimenez@example.net,Diego Giménez,A,2025-02-15 18:39:58
2468,rrodriguez50@example.com,Rocío Rodríguez,A,2025-02-15 20:42:07
2469,ignacio_ramirez@example.net,Ignacio Ramírez,A,2025-02-15 22:03:23
2470,mateo_quiroga1989@example.net,Mateo Quiroga,A,2025-02-16 12:21:40
2471,antonellafernandez32@example.net,Antonella Fernández,A,2025-02-16 15:16:34
2472,camila.pereyra68@example.org,Camila Pereyra,I,2025-02-16 18:54:08
2473,rios.carolina54@example.org,Carolina Ríos,A,2025-02-16 20:30:00
2474,lucianagutierrez@example.net,Luciana Gutiérrez,A,2025-02-16 20:30:46
2475,facundomunoz@example.com,Facundo Muñoz,A,2025-02-16 21:16:19
2476,ramiro_flores1997@example.org,Ramiro Flores,A,2025-02-16 23:57:38
2477,catalina_sanchez@example.net,Catalina Sánchez,A,2025-02-17 11:54:37
2478,agustina.cabrera@example.com,Agustina Cabrera,A,2025-02-17 15:33:43
2479,ana_vega1972@example.net,Ana Vega,A,2025-02-17 16:13:08
2480,godoy.mateo40@example.net,Mateo Godoy,A,2025-02-17 17:10:30
2481,micaelalopez44@example.net,Micaela López,A,2025-02-17 19:00:30
2482,victoria_luna20@example.org,Victoria Luna,A,2025-02-17 19:31:30
2483,joaquin.castillo1999@example.com,Joaquín Castillo,A,2025-02-17 19:59:21
2484,amedina@example.org,Alejandro Medina,A,2025-02-18 12:57:41
2485,egodoy49@example.com,Emiliano Godoy,A,2025-02-18 16:57:37
2486,belen.silva92@example.net,Belén Silva,A,2025-02-18 17:51:36
2487,lucianasanchez25@example.com,Luciana Sánchez,A,2025-02-19 07:44:15
2488,diego_torres27@example.net,Diego Torres,I,2025-02-19 15:54:24
2489,julieta_sanchez1975@example.net,Julieta Sánchez,A,2025-02-19 17:27:00
2490,catalinagarcia30@example.com,Catalina García,A,2025-02-20 09:07:40
2491,alejandro_ruiz@example.net,Alejandro Ruiz,A,2025-02-20 19:34:17
2492,camila_alvarez1979@example.net,Camila Álvarez,A,2025-02-21 06:11:24
2493,lmoreno1974@example.org,Lucía Moreno,A,2025-02-21 11:21:44
2494,ponce.benjamin1996@example.net,Benjamín Ponce,A,2025-02-21 11:47:57
2495,ojeda.florencia47@example.net,Florencia Ojeda,A,2025-02-21 11:56:49
2496,camila.castillo@example.com,Camila Castillo,A,2025-02-21 13:54:29
2497,leandro_garcia36@example.net,Leandro García,A,2025-02-21 18:03:48
2498,agomez95@example.com,Agustina Gómez,A,2025-02-21 18:26:21
2499,flores.diego1978@example.com,Diego Flores,A,2025-02-21 18:34:46
2500,gtorres43@example.net,Gonzalo Torres,A,2025-02-21 22:21:33
2501,dledesma5@example.com,Daniela Ledesma,A,2025-02-21 22:57:10
2502,diego_ledesma1981@example.com,Diego Ledesma,A,2025-02-21 23:33:55
2503,federico.morales86@example.org,Federico Morales,A,2025-02-22 10:43:37
2504,egimenez1979@example.com,Emiliano Giménez,A,2025-02-22 10:56:10
2505,martin_castro@example.com,Martín Castro,A,2025-02-22 16:16:07
2506,gutierrez.rocio1977@example.org,Rocío Gutiérrez,A,2025-02-22 17:44:25
2507,romero.gonzalo31@example.com,Gonzalo Romero,A,2025-02-22 18:57:26
2508,mherrera1990@example.org,Martina Herrera,I,2025-02-23 12:48:46
2509,grodriguez47@example.org,Gonzalo Rodríguez,I,2025-02-23 16:58:30
2510,lucianaluna87@example.com,Luciana Luna,A,2025-02-23 18:52:13
2511,aledesma@example.net,Alejandro Ledesma,A,2025-02-23 22:11:07
2512,nicolasrios@example.net,Nicolás Ríos,A,2025-02-23 23:32:28
2513,eflores@example.com,Emiliano Flores,A,2025-02-24 12:18:16
2514,ramiromunoz@example.org,Ramiro Muñoz,A,2025-02-24 14:04:38
2515,gabrielsanchez1985@example.net,Gabriel Sánchez,A,2025-02-24 14:22:51
2516,benjamingarcia1975@example.com,Benjamín García,A,2025-02-24 17:52:20
2517,peralta.florencia1980@example.net,Florencia Peralta,I,2025-02-24 19:15:14
2518,ana_gomez@example.net,Ana Gómez,A,2025-02-24 20:46:02
2519,njuarez69@example.net,Nicolás Juárez,A,2025-02-24 21:57:34
2520,mateo_romero86@example.org,Mateo Romero,I,2025-02-25 14:17:40
2521,ezequiel.perez@example.net,Ezequiel Pérez,A,2025-02-26 03:18:57
2522,sanchez.julieta1982@example.com,Julieta Sánchez,A,2025-02-26 09:17:59
2523,carolina_carrizo24@example.com,Carolina Carrizo,A,2025-02-26 13:51:21
2524,milagros.perez1977@example.org,Milagros Pérez,A,2025-02-26 17:57:12
2525,florencia.flores1974@example.com,Florencia Flores,A,2025-02-26 18:29:32
2526,anagodoy@example.net,Ana Godoy,A,2025-02-26 22:32:28
2527,brenda.flores82@example.org,Brenda Flores,A,2025-02-27 09:08:41
2528,santiago_rios1979@example.com,Santiago Ríos,A,2025-02-27 09:25:53
2529,diego.martinez@example.net,Diego Martínez,A,2025-02-27 19:03:19
2530,eromero1997@example.net,Ezequiel Romero,A,2025-02-28 10:17:10
2531,belen.gutierrez@example.com,Belén Gutiérrez,A,2025-02-28 10:35:31
2532,franco.morales@example.net,Franco Morales,A,2025-02-28 12:40:22
2533,joaquin.ledesma@example.com,Joaquín Ledesma,A,2025-02-28 12:57:11
2534,florencia.alvarez46@example.org,Florencia Álvarez,A,2025-02-28 16:28:03
2535,martinsuarez1990@example.net,Martín Suárez,I,2025-02-28 17:30:03
2536,milagrostorres37@example.com,Milagros Torres,A,2025-02-28 18:36:42
2537,benitez.federico@example.com,Federico Benítez,A,2025-02-28 19:10:29
2538,peralta.luciana@example.net,Luciana Peralta,A,2025-02-28 19:43:48
2539,jortiz@example.com,Juan Ortiz,A,2025-02-28 21:28:53
2540,suarez.franco1987@example.com,Franco Suárez,A,2025-03-01 09:26:53
2541,nataliadiaz64@example.com,Natalia Díaz,A,2025-03-01 12:06:20
2542,dominguez.lucia1983@example.org,Lucía Domínguez,A,2025-03-01 13:39:00
2543,micaela.alvarez23@example.com,Micaela Álvarez,A,2025-03-01 13:40:49
2544,facundo_ramirez1978@example.com,Facundo Ramírez,A,2025-03-01 14:42:22
2545,ramiro_dominguez1989@example.com,Ramiro Domínguez,A,2025-03-01 16:15:06
2546,ezequiel.rodriguez@example.net,Ezequiel Rodríguez,A,2025-03-01 17:56:50
2547,bojeda1983@example.com,Brenda Ojeda,A,2025-03-01 18:05:04
2548,alvarez.alejandro@example.com,Alejandro Álvarez,A,2025-03-01 20:02:39
2549,diego.ojeda33@example.com,Diego Ojeda,A,2025-03-02 03:44:44
2550,prios@example.net,Paula Ríos,A,2025-03-02 08:11:21
2551,torres.carolina2000@example.com,Carolina Torres,A,2025-03-02 12:54:28
2552,romina.molina@example.com,Romina Molina,A,2025-03-02 18:07:53
2553,belen.castillo1988@example.net,Belén Castillo,A,2025-03-02 20:47:23
2554,matias_suarez1998@example.net,Matías Suárez,A,2025-03-02 21:57:39
2555,federico.gonzalez@example.com,Federico González,I,2025-03-02 22:45:40
2556,castro.gabriel82@example.org,Gabriel Castro,A,2025-03-03 12:15:28
2557,aflores1976@example.com,Agustina Flores,A,2025-03-03 13:45:42
2558,juan.perez1974@example.com,Juan Pérez,A,2025-03-03 14:44:27
2559,danielaaguirre10@example.org,Daniela Aguirre,A,2025-03-03 21:29:22
2560,martin.ramirez@example.net,Martín Ramírez,A,2025-03-04 00:29:09
2561,paulamoreno1972@example.org,Paula Moreno,A,2025-03-04 08:17:05
2562,cdominguez@example.com,Catalina Domínguez,A,2025-03-04 14:11:20
2563,paulaacosta31@example.com,Paula Acosta,A,2025-03-04 16:57:56
2564,federico.romero1994@example.org,Federico Romero,A,2025-03-04 18:17:18
2565,paula.garcia@example.net,Paula García,I,2025-03-05 02:49:16
2566,nunez.silvina17@example.net,Silvina Núñez,A,2025-03-05 15:50:43
2567,lucas_alvarez1980@example.org,Lucas Álvarez,A,2025-03-05 16:08:48
2568,ponce.silvina1968@example.net,Silvina Ponce,I,2025-03-05 17:35:16
2569,arodriguez1977@example.net,Antonella Rodríguez,A,2025-03-05 18:59:07
2570,benjamin.perez87@example.org,Benjamín Pérez,A,2025-03-05 20:13:29
2571,diego_dominguez75@example.org,Diego Domínguez,A,2025-03-06 01:32:27
2572,victoriafernandez1988@example.net,Victoria Fernández,A,2025-03-06 12:48:20
2573,romero.diego1981@example.net,Diego Romero,I,2025-03-06 12:56:41
2574,bpereyra1993@example.com,Belén Pereyra,A,2025-03-06 14:40:12
2575,daniela_lopez2000@example.net,Daniela López,A,2025-03-06 18:58:27
2576,ramiro.perez40@example.org,Ramiro Pérez,A,2025-03-06 20:08:12
2577,emiliano_rodriguez49@example.org,Emiliano Rodríguez,A,2025-03-06 20:53:50
2578,leandro_nunez@example.org,Leandro Núñez,A,2025-03-07 00:00:34
2579,ojeda.belen43@example.net,Belén Ojeda,A,2025-03-07 05:35:51
2580,martinez.ignacio54@example.net,Ignacio Martínez,A,2025-03-07 08:25:09
2581,lucia.gutierrez32@example.org,Lucía Gutiérrez,A,2025-03-07 10:49:56
2582,rociomunoz@example.org,Rocío Muñoz,I,2025-03-07 10:51:16
2583,msanchez89@example.org,Milagros Sánchez,A,2025-03-07 12:02:41
2584,belenbenitez91@example.net,Belén Benítez,A,2025-03-07 17:16:01
2585,sgonzalez83@example.org,Sofía González,A,2025-03-07 17:44:28
2586,florencia.alvarez@example.net,Florencia Álvarez,A,2025-03-07 19:18:56
2587,torres.santiago2006@example.org,Santiago Torres,A,2025-03-07 20:51:33
2588,ramirosilva1992@example.com,Ramiro Silva,A,2025-03-07 21:24:35
2589,vega.gonzalo87@example.org,Gonzalo Vega,A,2025-03-07 22:23:30
2590,ecastro@example.org,Emiliano Castro,A,2025-03-08 11:37:13
2591,ana_castro15@example.org,Ana Castro,A,2025-03-08 12:33:51
2592,mrojas56@example.org,Milagros Rojas,A,2025-03-08 12:34:45
2593,luciana.diaz@example.net,Luciana Díaz,A,2025-03-08 22:53:42
2594,ana.ledesma@example.org,Ana Ledesma,A,2025-03-09 07:28:08
2595,carrizo.emiliano@example.org,Emiliano Carrizo,A,2025-03-09 10:55:13
2596,lopez.leandro1979@example.org,Leandro López,A,2025-03-09 20:42:15
2597,msosa@example.org,Milagros Sosa,A,2025-03-09 21:16:04
2598,vperalta@example.org,Valentina Peralta,A,2025-03-10 12:20:57
2599,pauladiaz42@example.net,Paula Díaz,A,2025-03-10 13:54:38
2600,ssosa@example.org,Santiago Sosa,A,2025-03-10 13:55:52
2601,bluna@example.net,Belén Luna,A,2025-03-10 15:04:23
2602,sosa.camila@example.org,Camila Sosa,A,2025-03-10 18:44:47
2603,sanchez.milagros73@example.com,Milagros Sánchez,A,2025-03-10 19:05:01
2604,brenda.benitez@example.com,Brenda Benítez,A,2025-03-11 17:02:07
2605,maria_gutierrez56@example.com,María Gutiérrez,A,2025-03-11 18:14:23
2606,rsilva71@example.com,Romina Silva,A,2025-03-12 02:14:42
2607,pabloquiroga@example.net,Pablo Quiroga,A,2025-03-12 08:17:02
2608,federico.ojeda@example.com,Federico Ojeda,I,2025-03-12 17:06:31
2609,lucia.ferreyra1983@example.net,Lucía Ferreyra,A,2025-03-12 18:23:46
2610,santiago_herrera@example.com,Santiago Herrera,A,2025-03-12 21:35:52
2611,vruiz2003@example.org,Victoria Ruiz,A,2025-03-12 22:59:48
2612,cnunez1982@example.com,Carolina Núñez,A,2025-03-13 19:41:09
2613,cjuarez69@example.org,Carolina Juárez,A,2025-03-13 20:30:13
2614,ignacioherrera@example.com,Ignacio Herrera,A,2025-03-13 23:37:05
2615,moreno.juan69@example.net,Juan Moreno,A,2025-03-14 09:25:46
2616,gmartinez@example.com,Gonzalo Martínez,A,2025-03-14 15:14:35
2617,dominguez.juan@example.org,Juan Domínguez,I,2025-03-14 17:46:36
2618,mledesma61@example.com,Matías Ledesma,A,2025-03-14 19:23:31
2619,antonellacabrera26@example.org,Antonella Cabrera,A,2025-03-15 11:40:11
2620,ramiro.fernandez@example.org,Ramiro Fernández,I,2025-03-15 12:40:36
2621,emilianoortiz@example.net,Emiliano Ortiz,A,2025-03-15 13:02:49
2622,fgarcia44@example.org,Federico García,A,2025-03-15 15:16:12
2623,agustina_diaz@example.org,Agustina Díaz,I,2025-03-15 17:54:03
2624,herrera.diego1977@example.net,Diego Herrera,A,2025-03-15 18:25:31
2625,trios@example.net,Tomás Ríos,A,2025-03-15 19:53:48
2626,lucianapereyra1972@example.org,Luciana Pereyra,A,2025-03-15 23:16:46
2627,agustina_sanchez48@example.com,Agustina Sánchez,A,2025-03-16 06:28:01
2628,hernan_ramirez@example.org,Hernán Ramírez,A,2025-03-16 06:44:28
2629,juan.gimenez@example.net,Juan Giménez,A,2025-03-16 17:23:02
2630,carrizo.antonella34@example.net,Antonella Carrizo,A,2025-03-16 22:19:26
2631,lopez.natalia@example.org,Natalia López,A,2025-03-17 07:53:02
2632,agustina.castillo71@example.net,Agustina Castillo,A,2025-03-17 11:26:06
2633,catalina.torres1996@example.com,Catalina Torres,A,2025-03-17 13:53:13
2634,rquiroga75@example.net,Ramiro Quiroga,A,2025-03-17 20:06:19
2635,lucia.acosta64@example.com,Lucía Acosta,A,2025-03-17 22:53:04
2636,pereyra.camila1991@example.net,Camila Pereyra,A,2025-03-18 08:41:06
2637,cabrera.romina@example.org,Romina Cabrera,A,2025-03-18 11:24:58
2638,sruiz67@example.org,Santiago Ruiz,A,2025-03-18 13:45:22
2639,gutierrez.benjamin1988@example.org,Benjamín Gutiérrez,A,2025-03-18 17:40:06
2640,torres.florencia1977@example.com,Florencia Torres,A,2025-03-19 00:42:31
2641,silvina_suarez11@example.com,Silvina Suárez,A,2025-03-19 10:24:40
2642,gabrielmoreno1978@example.org,Gabriel Moreno,A,2025-03-19 12:02:50
2643,ignacio_molina1988@example.org,Ignacio Molina,I,2025-03-19 12:26:25
2644,luciaquiroga84@example.org,Lucía Quiroga,A,2025-03-19 12:36:23
2645,martina.luna@example.com,Martina Luna,A,2025-03-19 19:48:56
2646,antonella_medina1980@example.net,Antonella Medina,A,2025-03-20 01:07:14
2647,benjamin_acosta@example.net,Benjamín Acosta,A,2025-03-20 11:09:50
2648,martinaperalta68@example.org,Martina Peralta,A,2025-03-20 16:33:06
2649,gonzalo.aguirre7@example.org,Gonzalo Aguirre,A,2025-03-20 17:38:04
2650,paula.nunez73@example.org,Paula Núñez,A,2025-03-20 20:45:09
2651,antonella.gutierrez76@example.net,Antonella Gutiérrez,A,2025-03-21 01:12:22
2652,martin_garcia1998@example.net,Martín García,A,2025-03-21 04:24:15
2653,carolina.perez1968@example.com,Carolina Pérez,A,2025-03-21 09:03:07
2654,luciana.gutierrez@example.org,Luciana Gutiérrez,A,2025-03-21 14:10:35
2655,agustina_moreno61@example.org,Agustina Moreno,A,2025-03-21 14:39:02
2656,romina_alvarez@example.com,Romina Álvarez,A,2025-03-21 17:10:06
2657,victoriasilva@example.org,Victoria Silva,A,2025-03-21 20:09:40
2658,antonellaortiz@example.net,Antonella Ortiz,A,2025-03-22 08:42:13
2659,gimenez.rocio@example.org,Rocío Giménez,A,2025-03-22 08:54:16
2660,ana_torres@example.net,Ana Torres,A,2025-03-22 10:23:25
2661,rocio_gonzalez@example.net,Rocío González,A,2025-03-22 13:14:21
2662,gbenitez85@example.net,Gonzalo Benítez,A,2025-03-22 15:42:08
2663,gonzalo_gutierrez1975@example.net,Gonzalo Gutiérrez,A,2025-03-22 17:06:39
2664,suarez.gabriel1982@example.org,Gabriel Suárez,A,2025-03-22 18:00:46
2665,luciana.martinez@example.com,Luciana Martínez,A,2025-03-23 04:42:09
2666,daniela.gonzalez23@example.com,Daniela González,A,2025-03-23 06:11:09
2667,sofia_aguirre@example.net,Sofía Aguirre,A,2025-03-23 12:14:38
2668,facundoojeda79@example.com,Facundo Ojeda,A,2025-03-23 12:17:14
2669,micaela_sanchez@example.org,Micaela Sánchez,A,2025-03-23 15:28:57
2670,paulaaguirre36@example.com,Paula Aguirre,A,2025-03-24 07:19:33
2671,nicolas_aguirre@example.org,Nicolás Aguirre,A,2025-03-24 12:53:11
2672,cflores@example.net,Catalina Flores,A,2025-03-24 15:48:43
2673,pablo_martinez@example.org,Pablo Martínez,A,2025-03-24 17:40:37
2674,mrios89@example.net,María Ríos,A,2025-03-24 21:51:28
2675,maria.silva@example.com,María Silva,A,2025-03-25 10:57:28
2676,cabrera.tomas1994@example.com,Tomás Cabrera,A,2025-03-25 17:10:01
2677,munoz.franco@example.net,Franco Muñoz,A,2025-03-25 19:57:09
2678,gabriel_ortiz1988@example.org,Gabriel Ortiz,A,2025-03-25 21:39:35
2679,ramiro.ramirez1972@example.net,Ramiro Ramírez,A,2025-03-26 12:24:56
2680,peralta.martin2003@example.com,Martín Peralta,A,2025-03-26 20:29:58
2681,ftorres@example.org,Facundo Torres,A,2025-03-27 00:01:06
2682,catalina_gutierrez@example.com,Catalina Gutiérrez,A,2025-03-28 10:13:09
2683,martina.juarez1966@example.org,Martina Juárez,A,2025-03-28 10:54:58
2684,acosta.catalina1976@example.net,Catalina Acosta,A,2025-03-28 19:01:21
2685,joaquin.diaz@example.org,Joaquín Díaz,I,2025-03-28 20:03:21
2686,frodriguez@example.com,Facundo Rodríguez,A,2025-03-29 13:29:19
2687,leandro_vega@example.org,Leandro Vega,A,2025-03-29 15:54:25
2688,daniela.suarez1978@example.net,Daniela Suárez,A,2025-03-29 18:59:34
2689,paulasuarez19@example.net,Paula Suárez,A,2025-03-30 14:07:47
2690,martin.herrera@example.net,Martín Herrera,A,2025-03-30 16:50:21
2691,paula.ferreyra63@example.net,Paula Ferreyra,A,2025-03-30 19:41:56
2692,lmorales34@example.net,Luciana Morales,I,2025-03-30 20:10:09
2693,federico_rodriguez1971@example.net,Federico Rodríguez,A,2025-03-30 21:32:06
2694,ramirogimenez1984@example.net,Ramiro Giménez,I,2025-03-30 22:53:44
2695,silvina_cabrera1992@example.net,Silvina Cabrera,A,2025-03-30 23:21:37
2696,rocio_ferreyra1976@example.org,Rocío Ferreyra,A,2025-03-31 00:13:36
2697,federicoruiz1967@example.org,Federico Ruiz,A,2025-03-31 08:26:17
2698,perez.pablo64@example.net,Pablo Pérez,A,2025-03-31 12:57:45
2699,ana.gutierrez3@example.org,Ana Gutiérrez,A,2025-03-31 14:11:09
2700,martina.quiroga1971@example.org,Martina Quiroga,A,2025-03-31 14:27:16
2701,alejandrogonzalez@example.org,Alejandro González,A,2025-03-31 14:55:31
2702,leandro_silva71@example.org,Leandro Silva,A,2025-03-31 20:25:34
2703,molina.milagros31@example.com,Milagros Molina,A,2025-04-01 10:16:01
2704,valentina_quiroga@example.com,Valentina Quiroga,A,2025-04-01 12:19:13
2705,lopez.joaquin@example.com,Joaquín López,A,2025-04-01 15:02:40
2706,lmedina54@example.net,Luciana Medina,A,2025-04-01 16:46:37
2707,luciana_castillo39@example.net,Luciana Castillo,A,2025-04-01 18:07:09
2708,aaguirre@example.com,Ana Aguirre,I,2025-04-01 20:01:10
2709,florencia_luna23@example.net,Florencia Luna,A,2025-04-01 23:37:22
2710,silvina_carrizo@example.net,Silvina Carrizo,A,2025-04-02 00:30:56
2711,natalia.sanchez2006@example.net,Natalia Sánchez,A,2025-04-02 11:18:26
2712,ngodoy76@example.com,Natalia Godoy,A,2025-04-02 13:54:53
2713,federicoflores1973@example.org,Federico Flores,A,2025-04-02 16:01:49
2714,romina.gomez31@example.com,Romina Gómez,A,2025-04-02 18:05:33
2715,sebastiannunez92@example.com,Sebastián Núñez,A,2025-04-02 22:10:33
2716,fferreyra@example.org,Facundo Ferreyra,A,2025-04-03 01:11:01
2717,gaguirre10@example.org,Gonzalo Aguirre,A,2025-04-03 21:54:46
2718,milagrossanchez30@example.org,Milagros Sánchez,A,2025-04-04 11:01:18
2719,martin_flores@example.com,Martín Flores,I,2025-04-05 01:22:35
2720,milagros_ortiz80@example.org,Milagros Ortiz,A,2025-04-05 09:41:40
2721,rocio.benitez97@example.org,Rocío Benítez,A,2025-04-05 12:17:31
2722,silvinacabrera24@example.org,Silvina Cabrera,A,2025-04-05 14:41:29
2723,ebenitez38@example.com,Emiliano Benítez,A,2025-04-05 18:03:41
2724,diegodiaz24@example.org,Diego Díaz,A,2025-04-06 06:12:56
2725,sosa.carolina1968@example.com,Carolina Sosa,A,2025-04-06 09:16:26
2726,gabriel_sosa@example.net,Gabriel Sosa,A,2025-04-06 10:15:03
2727,cmedina6@example.net,Camila Medina,A,2025-04-06 12:25:03
2728,lucas.morales@example.net,Lucas Morales,A,2025-04-06 12:47:27
2729,daniela.gonzalez45@example.net,Daniela González,A,2025-04-06 16:09:45
2730,analuna25@example.org,Ana Luna,I,2025-04-06 21:53:15
2731,juarez.gonzalo2005@example.com,Gonzalo Juárez,A,2025-04-07 11:37:30
2732,juan_castillo@example.org,Juan Castillo,I,2025-04-07 13:26:34
2733,antonella.torres@example.com,Antonella Torres,A,2025-04-07 18:05:23
2734,pablo_ruiz3@example.org,Pablo Ruiz,A,2025-04-08 03:19:07
2735,nvega58@example.org,Nicolás Vega,A,2025-04-08 10:40:48
2736,maria_gimenez@example.org,María Giménez,A,2025-04-08 12:10:17
2737,luciaflores59@example.net,Lucía Flores,A,2025-04-08 12:18:25
2738,agustinatorres1966@example.org,Agustina Torres,A,2025-04-08 12:23:44
2739,cmorales1994@example.net,Carolina Morales,A,2025-04-08 13:05:17
2740,federico_benitez1984@example.org,Federico Benítez,A,2025-04-08 14:40:03
2741,molina.juan@example.org,Juan Molina,A,2025-04-08 16:57:28
2742,emilianogomez89@example.com,Emiliano Gómez,A,2025-04-08 22:38:28
2743,francocabrera47@example.com,Franco Cabrera,A,2025-04-09 11:31:21
2744,lucas_carrizo20@example.com,Lucas Carrizo,A,2025-04-09 19:05:29
2745,anacabrera@example.com,Ana Cabrera,A,2025-04-09 23:01:14
2746,milagros_benitez56@example.org,Milagros Benítez,A,2025-04-09 23:52:11
2747,maria.silva@example.net,María Silva,A,2025-04-10 09:54:52
2748,agustina.munoz2004@example.org,Agustina Muñoz,A,2025-04-10 10:11:01
2749,bherrera@example.org,Brenda Herrera,A,2025-04-10 11:02:37
2750,vperez1966@example.com,Valentina Pérez,A,2025-04-10 11:20:33
2751,romina.ferreyra67@example.com,Romina Ferreyra,A,2025-04-10 19:11:27
2752,molina.gabriel21@example.com,Gabriel Molina,A,2025-04-10 19:13:38
2753,sacosta@example.org,Silvina Acosta,A,2025-04-10 20:42:17
2754,julieta.sosa71@example.net,Julieta Sosa,A,2025-04-10 23:03:30
2755,santiago_medina15@example.com,Santiago Medina,A,2025-04-10 23:21:25
2756,leandro.peralta76@example.org,Leandro Peralta,A,2025-04-11 01:53:47
2757,rodriguez.brenda@example.com,Brenda Rodríguez,A,2025-04-11 08:52:15
2758,natalia_suarez1974@example.net,Natalia Suárez,A,2025-04-11 12:40:35
2759,agustina.luna1996@example.com,Agustina Luna,A,2025-04-11 15:52:07
2760,dominguez.emiliano@example.net,Emiliano Domínguez,A,2025-04-11 21:06:19
2761,godoy.luciana36@example.org,Luciana Godoy,A,2025-04-12 09:07:29
2762,nicolas.romero1984@example.net,Nicolás Romero,A,2025-04-12 10:32:23
2763,rociodominguez72@example.net,Rocío Domínguez,A,2025-04-12 16:27:30
2764,juan.perez@example.net,Juan Pérez,I,2025-04-12 17:21:10
2765,matiasortiz1972@example.org,Matías Ortiz,A,2025-04-12 18:12:52
2766,victoria.carrizo1989@example.net,Victoria Carrizo,A,2025-04-12 18:36:39
2767,victoriaponce@example.net,Victoria Ponce,A,2025-04-12 19:12:05
2768,anaalvarez@example.net,Ana Álvarez,A,2025-04-13 10:31:38
2769,camilamolina17@example.org,Camila Molina,I,2025-04-13 12:03:09
2770,mateogonzalez@example.com,Mateo González,A,2025-04-13 15:10:15
2771,victoria_rodriguez1976@example.org,Victoria Rodríguez,A,2025-04-13 19:21:32
2772,valentinaflores91@example.com,Valentina Flores,A,2025-04-13 19:29:32
2773,carrizo.joaquin1976@example.org,Joaquín Carrizo,A,2025-04-13 20:25:29
2774,pablo_rios2003@example.com,Pablo Ríos,A,2025-04-14 18:50:35
2775,micaelagutierrez@example.com,Micaela Gutiérrez,A,2025-04-14 19:41:48
2776,lmunoz1972@example.net,Luciana Muñoz,A,2025-04-15 07:36:04
2777,nsosa@example.net,Natalia Sosa,A,2025-04-15 15:10:47
2778,daniela.gimenez4@example.com,Daniela Giménez,A,2025-04-15 17:21:04
2779,lucianaluna1992@example.net,Luciana Luna,A,2025-04-15 18:06:28
2780,julietamorales1984@example.org,Julieta Morales,A,2025-04-15 21:01:44
2781,natalia.ledesma@example.com,Natalia Ledesma,A,2025-04-15 21:47:19
2782,munoz.belen1975@example.org,Belén Muñoz,A,2025-04-15 22:34:37
2783,brenda_flores21@example.org,Brenda Flores,A,2025-04-16 11:11:49
2784,leandro_gonzalez47@example.net,Leandro González,A,2025-04-18 13:25:20
2785,benjamin_luna9@example.com,Benjamín Luna,A,2025-04-18 13:40:47
2786,ortiz.gonzalo4@example.net,Gonzalo Ortiz,A,2025-04-18 20:13:38
2787,gimenez.lucas2005@example.net,Lucas Giménez,A,2025-04-19 14:21:10
2788,natalia_fernandez35@example.org,Natalia Fernández,A,2025-04-19 17:57:50
2789,hernan.garcia@example.com,Hernán García,A,2025-04-20 06:15:33
2790,mariacastillo95@example.com,María Castillo,I,2025-04-20 10:02:14
2791,franco_dominguez@example.org,Franco Domínguez,A,2025-04-20 10:06:18
2792,ggonzalez53@example.org,Gonzalo González,A,2025-04-20 11:39:49
2793,gutierrez.ignacio@example.org,Ignacio Gutiérrez,A,2025-04-20 15:12:26
2794,maria.flores60@example.com,María Flores,A,2025-04-20 21:20:06
2795,santiago_ponce2006@example.org,Santiago Ponce,A,2025-04-21 01:16:55
2796,agustinaperez2000@example.org,Agustina Pérez,A,2025-04-21 15:55:34
2797,joaquin_romero2004@example.com,Joaquín Romero,A,2025-04-21 19:17:19
2798,garcia.paula1975@example.net,Paula García,A,2025-04-21 19:50:50
2799,mcastro@example.net,Mateo Castro,A,2025-04-21 20:36:01
2800,juarez.joaquin1973@example.net,Joaquín Juárez,A,2025-04-21 23:54:23
2801,tdominguez46@example.org,Tomás Domínguez,A,2025-04-22 16:08:16
2802,ledesma.agustina19@example.net,Agustina Ledesma,A,2025-04-22 22:22:29
2803,juarez.silvina2004@example.com,Silvina Juárez,A,2025-04-23 08:36:55
2804,brenda.morales1993@example.com,Brenda Morales,A,2025-04-23 12:59:48
2805,ana_moreno39@example.org,Ana Moreno,A,2025-04-23 15:20:35
2806,maria_cabrera1996@example.com,María Cabrera,A,2025-04-23 18:36:42
2807,mjuarez25@example.net,Matías Juárez,A,2025-04-23 18:47:33
2808,joaquin_castro@example.com,Joaquín Castro,A,2025-04-24 16:41:14
2809,rgutierrez@example.com,Romina Gutiérrez,A,2025-04-25 15:28:27
2810,lopez.brenda17@example.com,Brenda López,A,2025-04-25 15:38:41
2811,apereyra33@example.net,Agustina Pereyra,A,2025-04-25 17:52:01
2812,alejandrosuarez24@example.net,Alejandro Suárez,A,2025-04-25 20:49:25
2813,benjamin.luna1967@example.org,Benjamín Luna,A,2025-04-26 07:10:46
2814,lucaslopez42@example.org,Lucas López,A,2025-04-26 07:17:24
2815,lsanchez10@example.org,Luciana Sánchez,A,2025-04-26 11:26:14
2816,mgutierrez@example.com,Mateo Gutiérrez,A,2025-04-26 12:43:24
2817,ignacio_castillo1971@example.org,Ignacio Castillo,A,2025-04-26 15:25:56
2818,maria_flores33@example.com,María Flores,A,2025-04-26 16:54:50
2819,lucas_romero@example.org,Lucas Romero,A,2025-04-26 19:34:53
2820,martin_munoz80@example.com,Martín Muñoz,A,2025-04-27 07:54:08
2821,tdiaz75@example.net,Tomás Díaz,A,2025-04-27 19:08:42
2822,hernanlopez@example.org,Hernán López,A,2025-04-27 19:57:56
2823,martinez.micaela@example.net,Micaela Martínez,A,2025-04-27 22:08:17
2824,ignacionunez88@example.org,Ignacio Núñez,A,2025-04-28 01:34:40
2825,aramirez77@example.net,Agustina Ramírez,A,2025-04-28 21:04:35
2826,benjaminramirez18@example.com,Benjamín Ramírez,A,2025-04-29 00:29:39
2827,belen.romero@example.com,Belén Romero,A,2025-04-29 17:19:07
2828,federicoherrera1995@example.org,Federico Herrera,A,2025-04-30 13:16:08
2829,romero.gabriel@example.com,Gabriel Romero,A,2025-04-30 20:12:39
2830,francofernandez@example.com,Franco Fernández,A,2025-05-01 12:48:16
2831,micaelaortiz@example.net,Micaela Ortiz,A,2025-05-01 23:36:36
2832,facundo_romero1998@example.com,Facundo Romero,A,2025-05-02 14:45:00
2833,luna.juan15@example.net,Juan Luna,A,2025-05-02 17:45:11
2834,paula_sanchez1966@example.net,Paula Sánchez,I,2025-05-03 13:34:27
2835,martin.torres@example.org,Martín Torres,A,2025-05-03 14:20:23
2836,nunez.micaela1986@example.net,Micaela Núñez,A,2025-05-03 17:20:51
2837,falvarez92@example.org,Florencia Álvarez,A,2025-05-03 21:39:52
2838,ramiro_carrizo79@example.net,Ramiro Carrizo,A,2025-05-03 22:22:16
2839,martina_godoy@example.net,Martina Godoy,A,2025-05-04 15:00:37
2840,martin.vega@example.net,Martín Vega,A,2025-05-05 10:49:06
2841,rocio_gonzalez@example.org,Rocío González,A,2025-05-05 13:00:42
2842,leandro_perez@example.com,Leandro Pérez,A,2025-05-05 16:02:57
2843,joaquinrodriguez1987@example.net,Joaquín Rodríguez,A,2025-05-05 20:01:44
2844,juanluna79@example.org,Juan Luna,A,2025-05-06 01:45:47
2845,mpereyra83@example.org,Milagros Pereyra,A,2025-05-06 13:21:22
2846,florencia_suarez@example.com,Florencia Suárez,A,2025-05-06 19:57:18
2847,herrera.lucas51@example.org,Lucas Herrera,A,2025-05-08 00:46:01
2848,sosa.belen@example.com,Belén Sosa,A,2025-05-08 09:23:33
2849,martinabenitez1986@example.com,Martina Benítez,A,2025-05-08 14:42:53
2850,bpereyra47@example.org,Belén Pereyra,A,2025-05-08 21:07:57
2851,alvarez.maria87@example.org,María Álvarez,A,2025-05-08 22:46:38
2852,catalina.carrizo96@example.com,Catalina Carrizo,A,2025-05-09 10:20:56
2853,tomas_ruiz@example.org,Tomás Ruiz,A,2025-05-09 14:01:44
2854,ana.castro@example.net,Ana Castro,A,2025-05-09 16:24:53
2855,nicolasortiz49@example.net,Nicolás Ortiz,A,2025-05-09 16:53:53
2856,castillo.alejandro1987@example.com,Alejandro Castillo,A,2025-05-09 17:45:26
2857,tomas.ledesma1979@example.org,Tomás Ledesma,A,2025-05-09 19:50:35
2858,ana.flores87@example.org,Ana Flores,I,2025-05-09 20:01:45
2859,medina.paula75@example.com,Paula Medina,A,2025-05-10 10:59:42
2860,leandro_gimenez@example.org,Leandro Giménez,A,2025-05-10 11:42:01
2861,gonzalo.moreno1992@example.net,Gonzalo Moreno,I,2025-05-10 11:53:40
2862,santiago.torres1989@example.net,Santiago Torres,A,2025-05-10 13:36:27
2863,gabriel.garcia@example.org,Gabriel García,A,2025-05-10 17:24:26
2864,valentina.perez@example.org,Valentina Pérez,A,2025-05-11 09:40:07
2865,gabrielacosta42@example.net,Gabriel Acosta,A,2025-05-11 11:42:36
2866,slopez@example.org,Santiago López,A,2025-05-11 16:58:13
2867,natalia_godoy86@example.com,Natalia Godoy,A,2025-05-11 21:31:33
2868,mquiroga34@example.net,Milagros Quiroga,A,2025-05-12 00:13:32
2869,iflores1993@example.org,Ignacio Flores,I,2025-05-12 00:27:17
2870,milagrosgodoy62@example.org,Milagros Godoy,A,2025-05-12 02:49:24
2871,lucas.godoy2@example.com,Lucas Godoy,A,2025-05-12 09:24:02
2872,micaela_gimenez28@example.net,Micaela Giménez,A,2025-05-12 10:02:15
2873,rocio_gimenez@example.net,Rocío Giménez,A,2025-05-12 12:11:31
2874,micaelamunoz2004@example.net,Micaela Muñoz,A,2025-05-12 12:43:34
2875,gonzalo.sanchez99@example.com,Gonzalo Sánchez,A,2025-05-12 14:27:15
2876,ggimenez63@example.com,Gabriel Giménez,A,2025-05-12 15:47:08
2877,martin_rios@example.com,Martín Ríos,A,2025-05-12 16:38:35
2878,sofiaponce35@example.net,Sofía Ponce,A,2025-05-12 17:51:32
2879,florencia.aguirre75@example.com,Florencia Aguirre,A,2025-05-12 19:50:09
2880,hmunoz66@example.net,Hernán Muñoz,A,2025-05-12 21:02:39
2881,amoreno39@example.com,Agustina Moreno,A,2025-05-12 21:44:30
2882,msanchez1989@example.net,Mateo Sánchez,A,2025-05-13 00:45:25
2883,juan.cabrera1970@example.org,Juan Cabrera,A,2025-05-13 01:17:16
2884,victoria_castro49@example.com,Victoria Castro,A,2025-05-13 06:04:39
2885,lucia.ruiz1969@example.net,Lucía Ruiz,A,2025-05-13 07:38:56
2886,romina_morales@example.net,Romina Morales,A,2025-05-13 08:50:20
2887,natalia.diaz98@example.org,Natalia Díaz,A,2025-05-13 10:46:12
2888,lucas.peralta@example.com,Lucas Peralta,A,2025-05-13 12:24:07
2889,romina_torres24@example.org,Romina Torres,A,2025-05-13 15:15:23
2890,bmorales1970@example.org,Benjamín Morales,A,2025-05-13 15:21:44
2891,prodriguez@example.org,Paula Rodríguez,A,2025-05-13 15:44:52
2892,carolina.ojeda3@example.org,Carolina Ojeda,A,2025-05-13 16:01:10
2893,bcastillo56@example.net,Belén Castillo,A,2025-05-13 16:27:38
2894,suarez.franco1979@example.org,Franco Suárez,A,2025-05-13 16:29:49
2895,alejandrocastillo50@example.org,Alejandro Castillo,A,2025-05-13 17:58:36
2896,benjamin.gimenez20@example.net,Benjamín Giménez,A,2025-05-13 19:38:48
2897,federicomolina@example.net,Federico Molina,A,2025-05-13 22:44:40
2898,ezequiel_morales71@example.net,Ezequiel Morales,A,2025-05-13 22:50:15
2899,sebastiantorres@example.net,Sebastián Torres,A,2025-05-13 23:44:45
2900,mojeda86@example.net,Matías Ojeda,A,2025-05-14 07:34:32
2901,acosta.emiliano6@example.com,Emiliano Acosta,A,2025-05-14 08:06:30
2902,victoria_herrera34@example.org,Victoria Herrera,A,2025-05-14 12:04:38
2903,paula_rodriguez34@example.org,Paula Rodríguez,A,2025-05-14 12:07:24
2904,brenda_peralta92@example.org,Brenda Peralta,A,2025-05-14 12:17:10
2905,ezequiellopez@example.net,Ezequiel López,A,2025-05-14 13:05:49
2906,fsanchez73@example.net,Florencia Sánchez,A,2025-05-14 14:58:34
2907,ramiro.rios64@example.com,Ramiro Ríos,A,2025-05-14 15:19:47
2908,luciana.alvarez@example.com,Luciana Álvarez,A,2025-05-14 20:00:59
2909,romina.pereyra30@example.com,Romina Pereyra,A,2025-05-14 20:33:57
2910,silvina.torres2002@example.com,Silvina Torres,A,2025-05-14 21:30:12
2911,federico.peralta2000@example.org,Federico Peralta,A,2025-05-14 21:58:14
2912,rocio_benitez@example.net,Rocío Benítez,A,2025-05-15 11:34:01
2913,victoria.pereyra93@example.org,Victoria Pereyra,A,2025-05-15 20:18:37
2914,facundo.ledesma63@example.com,Facundo Ledesma,A,2025-05-16 10:06:02
2915,molina.antonella1991@example.org,Antonella Molina,A,2025-05-16 11:48:52
2916,rojas.daniela32@example.net,Daniela Rojas,A,2025-05-16 13:03:41
2917,matias_castro35@example.net,Matías Castro,A,2025-05-16 16:05:02
2918,gimenez.benjamin21@example.com,Benjamín Giménez,A,2025-05-16 16:28:32
2919,julieta.sanchez1992@example.com,Julieta Sánchez,A,2025-05-16 18:34:15
2920,dcastro1971@example.com,Daniela Castro,A,2025-05-16 22:42:31
2921,ezequiel_vega@example.com,Ezequiel Vega,A,2025-05-17 13:53:36
2922,hernan_pereyra18@example.com,Hernán Pereyra,A,2025-05-18 14:00:57
2923,francoperez@example.org,Franco Pérez,A,2025-05-18 22:12:00
2924,victoriasanchez1997@example.org,Victoria Sánchez,A,2025-05-19 01:27:38
2925,paula_sosa@example.com,Paula Sosa,I,2025-05-19 08:54:36
2926,alvarez.carolina14@example.com,Carolina Álvarez,A,2025-05-19 09:14:03
2927,moreno.hernan@example.net,Hernán Moreno,A,2025-05-19 09:25:59
2928,ledesma.ezequiel@example.net,Ezequiel Ledesma,A,2025-05-19 15:01:06
2929,belen.medina8@example.org,Belén Medina,A,2025-05-20 17:32:31
2930,ana_gonzalez1987@example.net,Ana González,A,2025-05-20 19:21:12
2931,federicoquiroga72@example.com,Federico Quiroga,A,2025-05-20 20:25:51
2932,nherrera23@example.org,Natalia Herrera,A,2025-05-20 21:11:33
2933,micaelaromero42@example.com,Micaela Romero,A,2025-05-21 00:58:38
2934,sofia.ruiz@example.net,Sofía Ruiz,A,2025-05-21 16:06:49
2935,natalia.perez2005@example.net,Natalia Pérez,A,2025-05-21 18:19:05
2936,juan.gonzalez1980@example.net,Juan González,A,2025-05-21 19:04:00
2937,victoria.pereyra@example.com,Victoria Pereyra,A,2025-05-21 20:36:29
2938,martin_alvarez25@example.com,Martín Álvarez,A,2025-05-21 23:42:39
2939,fmedina1985@example.net,Federico Medina,A,2025-05-22 00:22:18
2940,gonzalez.natalia90@example.org,Natalia González,A,2025-05-22 10:46:16
2941,alejandromedina@example.com,Alejandro Medina,A,2025-05-22 13:56:23
2942,mateonunez14@example.com,Mateo Núñez,A,2025-05-22 20:26:03
2943,martina_sanchez@example.org,Martina Sánchez,A,2025-05-22 20:35:47
2944,cromero1998@example.net,Catalina Romero,A,2025-05-22 22:10:05
2945,gonzaloortiz69@example.org,Gonzalo Ortiz,I,2025-05-23 12:34:24
2946,eperalta@example.org,Emiliano Peralta,A,2025-05-23 17:26:58
2947,lucasramirez@example.org,Lucas Ramírez,A,2025-05-24 12:13:39
2948,romina_rios1992@example.com,Romina Ríos,A,2025-05-24 12:57:15
2949,matias_ferreyra77@example.net,Matías Ferreyra,A,2025-05-24 13:40:26
2950,martinquiroga11@example.org,Martín Quiroga,A,2025-05-24 15:18:49
2951,silvinaramirez66@example.com,Silvina Ramírez,A,2025-05-24 16:08:35
2952,carolinaaguirre@example.org,Carolina Aguirre,A,2025-05-24 17:11:03
2953,nunez.natalia83@example.net,Natalia Núñez,A,2025-05-25 14:24:21
2954,danielaflores9@example.com,Daniela Flores,A,2025-05-25 20:41:50
2955,gabriel_ponce1967@example.org,Gabriel Ponce,A,2025-05-26 09:39:21
2956,ignacio_lopez11@example.com,Ignacio López,A,2025-05-26 10:59:30
2957,luciaperalta1986@example.net,Lucía Peralta,A,2025-05-26 16:35:37
2958,mariasanchez2006@example.net,María Sánchez,A,2025-05-26 17:45:29
2959,sebastian.vega12@example.net,Sebastián Vega,A,2025-05-26 19:49:23
2960,suarez.ramiro49@example.org,Ramiro Suárez,A,2025-05-26 23:50:42
2961,nicolas_castro36@example.com,Nicolás Castro,A,2025-05-27 14:23:13
2962,mruiz1971@example.net,María Ruiz,A,2025-05-27 18:05:28
2963,ezequiel_medina@example.org,Ezequiel Medina,A,2025-05-27 19:14:14
2964,cgarcia7@example.net,Carolina García,A,2025-05-28 00:50:44
2965,pcarrizo48@example.net,Pablo Carrizo,A,2025-05-28 06:40:33
2966,florencia_aguirre@example.net,Florencia Aguirre,A,2025-05-28 13:07:01
2967,martinez.victoria@example.com,Victoria Martínez,A,2025-05-29 13:26:45
2968,ignacio_aguirre2006@example.org,Ignacio Aguirre,A,2025-05-30 03:54:38
2969,benjamingutierrez@example.com,Benjamín Gutiérrez,A,2025-05-30 17:51:56
2970,lucia_alvarez@example.org,Lucía Álvarez,A,2025-05-30 20:22:11
2971,natalia_diaz@example.com,Natalia Díaz,A,2025-05-31 08:02:47
2972,fsanchez@example.net,Florencia Sánchez,A,2025-06-01 00:02:52
2973,jgarcia1973@example.com,Julieta García,A,2025-06-01 17:31:50
2974,lucia.peralta39@example.net,Lucía Peralta,A,2025-06-01 20:13:34
2975,lledesma1985@example.com,Luciana Ledesma,A,2025-06-01 20:20:17
2976,godoy.nicolas2006@example.com,Nicolás Godoy,A,2025-06-01 22:23:12
2977,diegocastillo2003@example.com,Diego Castillo,A,2025-06-02 01:06:37
2978,quiroga.catalina1968@example.org,Catalina Quiroga,A,2025-06-02 12:08:22
2979,bsanchez79@example.org,Benjamín Sánchez,A,2025-06-02 14:46:55
2980,gortiz2000@example.org,Gonzalo Ortiz,A,2025-06-02 16:04:27
2981,acabrera74@example.net,Ana Cabrera,A,2025-06-03 11:27:16
2982,pereyra.joaquin1980@example.net,Joaquín Pereyra,A,2025-06-03 14:58:22
2983,tomas.pereyra1984@example.org,Tomás Pereyra,A,2025-06-03 18:07:24
2984,facundo.aguirre1990@example.net,Facundo Aguirre,A,2025-06-03 18:42:00
2985,gomez.milagros1966@example.org,Milagros Gómez,A,2025-06-04 12:07:20
2986,nicolas.acosta1979@example.org,Nicolás Acosta,A,2025-06-04 12:14:39
2987,gonzalo.ramirez1995@example.org,Gonzalo Ramírez,A,2025-06-04 14:29:49
2988,federicoflores16@example.net,Federico Flores,A,2025-06-04 23:43:47
2989,brenda_ramirez85@example.net,Brenda Ramírez,A,2025-06-05 10:48:12
2990,victoria.silva1991@example.net,Victoria Silva,A,2025-06-05 11:01:57
2991,matiasmartinez62@example.net,Matías Martínez,A,2025-06-05 12:14:48
2992,aortiz@example.net,Alejandro Ortiz,A,2025-06-05 12:47:29
2993,tomas_cabrera@example.net,Tomás Cabrera,A,2025-06-05 13:57:56
2994,bgarcia@example.net,Brenda García,A,2025-06-05 16:56:14
2995,sofia_castillo2002@example.com,Sofía Castillo,A,2025-06-05 19:21:51
2996,victoria.diaz@example.org,Victoria Díaz,A,2025-06-06 02:30:55
2997,mramirez@example.net,Mateo Ramírez,A,2025-06-06 08:35:11
2998,benjamin.ojeda43@example.org,Benjamín Ojeda,A,2025-06-06 12:37:56
2999,diego.sosa2006@example.com,Diego Sosa,A,2025-06-06 13:22:53
3000,joaquin.carrizo@example.com,Joaquín Carrizo,A,2025-06-06 15:55:28
3001,ortiz.gabriel99@example.org,Gabriel Ortiz,A,2025-06-06 16:00:10
3002,juancabrera@example.com,Juan Cabrera,A,2025-06-06 17:01:08
3003,antonella.sosa@example.org,Antonella Sosa,A,2025-06-07 08:11:56
3004,silva.tomas@example.org,Tomás Silva,A,2025-06-07 15:00:21
3005,rrojas1966@example.net,Romina Rojas,A,2025-06-07 15:01:21
3006,martin.godoy18@example.net,Martín Godoy,A,2025-06-07 15:06:44
3007,alejandro.torres48@example.com,Alejandro Torres,A,2025-06-07 17:47:28
3008,gherrera99@example.net,Gabriel Herrera,A,2025-06-07 18:19:49
3009,franco_quiroga@example.com,Franco Quiroga,A,2025-06-07 18:42:49
3010,ezequiel.cabrera49@example.net,Ezequiel Cabrera,A,2025-06-08 00:12:00
3011,hsanchez51@example.org,Hernán Sánchez,A,2025-06-08 00:58:50
3012,catalina_torres@example.net,Catalina Torres,A,2025-06-08 10:59:53
3013,vmunoz77@example.net,Victoria Muñoz,A,2025-06-08 13:53:10
3014,vsanchez@example.com,Valentina Sánchez,A,2025-06-08 16:36:31
3015,benjamin_medina21@example.com,Benjamín Medina,A,2025-06-08 20:55:06
3016,aferreyra7@example.com,Ana Ferreyra,A,2025-06-08 22:06:12
3017,nicolas_juarez@example.com,Nicolás Juárez,A,2025-06-09 11:06:00
3018,brenda_molina@example.com,Brenda Molina,A,2025-06-09 12:35:27
3019,nataliamorales@example.com,Natalia Morales,A,2025-06-09 14:22:01
3020,julieta.garcia@example.net,Julieta García,A,2025-06-09 19:36:16
3021,ana.dominguez71@example.net,Ana Domínguez,A,2025-06-09 21:15:08
3022,lopez.valentina34@example.net,Valentina López,A,2025-06-10 04:24:20
3023,arojas@example.net,Antonella Rojas,A,2025-06-10 14:41:49
3024,mtorres@example.org,Martina Torres,A,2025-06-10 15:13:50
3025,mgarcia21@example.net,María García,A,2025-06-10 16:48:47
3026,aguirre.juan14@example.com,Juan Aguirre,A,2025-06-10 17:47:35
3027,jortiz71@example.org,Julieta Ortiz,A,2025-06-10 17:52:00
3028,sofia_torres@example.com,Sofía Torres,A,2025-06-10 19:22:14
3029,antonella.gutierrez1973@example.net,Antonella Gutiérrez,A,2025-06-10 19:25:13
3030,ramiro.medina77@example.net,Ramiro Medina,A,2025-06-11 03:00:00
3031,cherrera@example.org,Camila Herrera,A,2025-06-11 09:05:11
3032,valentinaojeda34@example.net,Valentina Ojeda,A,2025-06-11 12:21:46
3033,gabrielsosa@example.com,Gabriel Sosa,A,2025-06-11 12:49:37
3034,mruiz@example.net,Milagros Ruiz,A,2025-06-11 14:45:12
3035,danielasanchez@example.net,Daniela Sánchez,A,2025-06-11 18:37:24
3036,fernandez.joaquin2002@example.com,Joaquín Fernández,A,2025-06-11 23:58:53
3037,julieta_aguirre91@example.org,Julieta Aguirre,A,2025-06-12 03:27:30
3038,florenciamolina98@example.org,Florencia Molina,A,2025-06-12 11:52:19
3039,gabriel.rios@example.org,Gabriel Ríos,A,2025-06-12 15:37:19
3040,caguirre1966@example.net,Camila Aguirre,A,2025-06-12 17:35:17
3041,valentina.moreno70@example.org,Valentina Moreno,A,2025-06-12 21:01:33
3042,martina.morales1990@example.org,Martina Morales,A,2025-06-12 23:35:33
3043,ezequiel_munoz89@example.org,Ezequiel Muñoz,A,2025-06-13 10:10:51
3044,juangodoy@example.com,Juan Godoy,A,2025-06-13 11:24:47
3045,rherrera4@example.com,Romina Herrera,A,2025-06-13 11:42:39
3046,ignacio_lopez35@example.org,Ignacio López,A,2025-06-14 15:16:11
3047,agimenez46@example.org,Alejandro Giménez,A,2025-06-14 15:31:32
3048,mherrera80@example.org,Martín Herrera,A,2025-06-14 17:11:09
3049,npereyra@example.com,Natalia Pereyra,A,2025-06-14 19:59:16
3050,torres.victoria71@example.com,Victoria Torres,A,2025-06-14 20:35:59
3051,martin_martinez1986@example.org,Martín Martínez,A,2025-06-14 21:16:36
3052,juan_fernandez13@example.org,Juan Fernández,A,2025-06-15 15:49:09
3053,joaquinfernandez91@example.com,Joaquín Fernández,A,2025-06-15 16:15:04
3054,gonzalo.munoz@example.org,Gonzalo Muñoz,A,2025-06-15 18:02:53
3055,ignacio.acosta@example.org,Ignacio Acosta,A,2025-06-15 21:34:08
3056,milagroscastillo1984@example.org,Milagros Castillo,A,2025-06-16 12:56:40
3057,leandrosilva@example.org,Leandro Silva,A,2025-06-16 14:06:14
3058,antonella.gonzalez13@example.net,Antonella González,A,2025-06-16 15:41:26
3059,cromero2002@example.org,Camila Romero,A,2025-06-16 16:06:17
3060,ebenitez@example.com,Emiliano Benítez,A,2025-06-16 17:46:44
3061,jcastro1982@example.org,Juan Castro,A,2025-06-18 06:26:25
3062,srojas@example.net,Sebastián Rojas,A,2025-06-18 10:13:34
3063,rojas.franco21@example.org,Franco Rojas,A,2025-06-18 19:39:24
3064,benjamin.peralta@example.com,Benjamín Peralta,A,2025-06-19 16:37:02
3065,molina.tomas@example.net,Tomás Molina,A,2025-06-19 19:23:01
3066,ramiro.dominguez@example.org,Ramiro Domínguez,A,2025-06-19 19:48:44
3067,belen_fernandez95@example.org,Belén Fernández,A,2025-06-20 13:05:32
3068,tomas.ojeda71@example.com,Tomás Ojeda,A,2025-06-20 16:30:57
3069,fmolina@example.org,Florencia Molina,A,2025-06-20 19:13:55
3070,pablo_rojas@example.net,Pablo Rojas,A,2025-06-21 11:26:12
3071,aortiz1995@example.com,Agustina Ortiz,A,2025-06-21 14:00:13
3072,castillo.santiago@example.org,Santiago Castillo,A,2025-06-21 16:44:26
3073,spereyra@example.com,Sebastián Pereyra,A,2025-06-22 08:07:26
3074,joaquin.martinez1976@example.org,Joaquín Martínez,A,2025-06-22 17:50:39
3075,joaquin.acosta1973@example.org,Joaquín Acosta,A,2025-06-22 23:19:52
3076,camila.ruiz@example.org,Camila Ruiz,A,2025-06-23 10:01:18
3077,hmolina69@example.com,Hernán Molina,A,2025-06-23 14:09:49
3078,martinalopez@example.net,Martina López,A,2025-06-23 19:51:31
3079,nunez.gonzalo94@example.com,Gonzalo Núñez,A,2025-06-23 21:43:15
3080,florencia_flores1970@example.com,Florencia Flores,A,2025-06-24 18:59:53
3081,hernan.alvarez2003@example.org,Hernán Álvarez,A,2025-06-24 20:09:43
3082,nicolasgomez78@example.com,Nicolás Gómez,A,2025-06-25 02:26:45
3083,dominguez.lucas@example.net,Lucas Domínguez,A,2025-06-25 12:12:45
3084,mariacastro1976@example.net,María Castro,A,2025-06-25 12:20:10
3085,romero.leandro1969@example.com,Leandro Romero,A,2025-06-25 19:41:26
3086,catalinasuarez@example.com,Catalina Suárez,A,2025-06-25 21:44:26
3087,molina.milagros@example.com,Milagros Molina,A,2025-06-26 12:24:58
3088,alejandro.aguirre2@example.org,Alejandro Aguirre,A,2025-06-26 14:31:25
3089,quiroga.ana@example.net,Ana Quiroga,A,2025-06-26 15:07:02
3090,nunez.juan@example.org,Juan Núñez,A,2025-06-27 12:15:40
3091,carolina.ojeda@example.org,Carolina Ojeda,A,2025-06-27 15:02:38
3092,martina.ruiz@example.org,Martina Ruiz,A,2025-06-27 15:49:46
3093,cortiz22@example.org,Catalina Ortiz,A,2025-06-27 22:22:19
3094,victoria.silva@example.com,Victoria Silva,A,2025-06-28 13:00:20
3095,godoy.valentina@example.org,Valentina Godoy,A,2025-06-28 16:59:56
3096,gabriel.acosta44@example.org,Gabriel Acosta,A,2025-06-28 20:45:28
3097,peralta.ignacio44@example.com,Ignacio Peralta,A,2025-06-29 08:29:13
3098,valentina_torres1977@example.org,Valentina Torres,A,2025-06-29 10:58:10
3099,julietaromero89@example.org,Julieta Romero,A,2025-06-30 09:30:57
3100,carrizo.gabriel1973@example.net,Gabriel Carrizo,A,2025-06-30 10:14:01
3101,lferreyra25@example.net,Lucía Ferreyra,A,2025-06-30 13:05:39
3102,lucia.martinez@example.net,Lucía Martínez,A,2025-06-30 15:34:35
3103,daniela_flores1993@example.net,Daniela Flores,A,2025-06-30 20:07:44
3104,ana.gomez@example.com,Ana Gómez,A,2025-06-30 22:17:55
3105,agustina_ruiz@example.com,Agustina Ruiz,A,2025-07-01 12:07:01
3106,sebastianvega1981@example.com,Sebastián Vega,A,2025-07-01 13:43:09
3107,sebastiangodoy24@example.org,Sebastián Godoy,A,2025-07-01 17:38:52
3108,julieta_nunez57@example.net,Julieta Núñez,A,2025-07-01 19:09:30
3109,luciana.perez11@example.org,Luciana Pérez,A,2025-07-01 20:20:56
3110,jsilva28@example.org,Joaquín Silva,A,2025-07-02 11:03:04
3111,ortiz.agustina1987@example.net,Agustina Ortiz,A,2025-07-02 14:40:27
3112,julieta.silva1973@example.net,Julieta Silva,A,2025-07-02 18:16:31
3113,joaquin.rodriguez@example.com,Joaquín Rodríguez,A,2025-07-03 19:55:12
3114,facundo.rojas53@example.com,Facundo Rojas,A,2025-07-03 23:17:40
3115,agustina_ojeda@example.org,Agustina Ojeda,A,2025-07-04 04:32:42
3116,ramirez.milagros87@example.com,Milagros Ramírez,A,2025-07-04 12:21:21
3117,blopez1972@example.org,Brenda López,A,2025-07-04 12:32:17
3118,castro.julieta83@example.org,Julieta Castro,A,2025-07-04 15:44:31
3119,gabriel_diaz2000@example.com,Gabriel Díaz,A,2025-07-05 06:56:44
3120,lucianarios1980@example.org,Luciana Ríos,A,2025-07-05 10:51:52
3121,castro.santiago32@example.com,Santiago Castro,A,2025-07-05 14:46:29
3122,micaelaaguirre@example.org,Micaela Aguirre,A,2025-07-05 20:55:59
3123,cgodoy1973@example.org,Catalina Godoy,A,2025-07-06 18:19:54
3124,gabriel_luna1975@example.org,Gabriel Luna,A,2025-07-07 07:46:08
3125,martin_pereyra2002@example.org,Martín Pereyra,A,2025-07-07 11:13:46
3126,leandro.gonzalez@example.com,Leandro González,A,2025-07-07 18:00:46
3127,emiliano_molina1996@example.net,Emiliano Molina,A,2025-07-07 18:48:58
3128,victoriarojas78@example.org,Victoria Rojas,A,2025-07-07 20:11:04
3129,nicolas.acosta1994@example.net,Nicolás Acosta,A,2025-07-07 21:20:01
3130,juan_juarez@example.com,Juan Juárez,A,2025-07-08 05:58:34
3131,bcastro@example.org,Brenda Castro,A,2025-07-08 17:08:44
3132,gonzaloquiroga27@example.net,Gonzalo Quiroga,A,2025-07-08 17:36:17
3133,tomasmoreno1973@example.org,Tomás Moreno,A,2025-07-08 18:31:51
3134,alejandro.garcia20@example.com,Alejandro García,A,2025-07-08 19:30:50
3135,pereyra.alejandro91@example.net,Alejandro Pereyra,A,2025-07-08 20:46:28
3136,silva.gonzalo2002@example.net,Gonzalo Silva,A,2025-07-09 10:29:54
3137,crojas1968@example.org,Carolina Rojas,A,2025-07-09 13:25:28
3138,gonzalo.quiroga97@example.org,Gonzalo Quiroga,A,2025-07-09 19:27:17
3139,rociosuarez8@example.net,Rocío Suárez,A,2025-07-10 09:45:39
3140,brenda_munoz1997@example.com,Brenda Muñoz,A,2025-07-10 10:38:44
3141,camilacabrera1995@example.net,Camila Cabrera,A,2025-07-10 11:13:35
3142,diego.aguirre56@example.org,Diego Aguirre,A,2025-07-10 13:12:54
3143,lcastillo64@example.com,Luciana Castillo,A,2025-07-11 09:51:36
3144,lrios@example.com,Leandro Ríos,A,2025-07-11 16:04:43
3145,martinez.julieta99@example.org,Julieta Martínez,A,2025-07-11 17:59:11
3146,diaz.ezequiel7@example.org,Ezequiel Díaz,A,2025-07-11 18:37:14
3147,milagros_gutierrez@example.org,Milagros Gutiérrez,A,2025-07-12 12:58:23
3148,lucia_diaz2006@example.com,Lucía Díaz,A,2025-07-12 21:34:40
3149,luciana.morales58@example.org,Luciana Morales,A,2025-07-12 21:56:17
3150,santiago_lopez98@example.org,Santiago López,A,2025-07-13 07:53:33
3151,alejandro.juarez@example.com,Alejandro Juárez,A,2025-07-13 09:39:45
3152,rocioromero@example.net,Rocío Romero,A,2025-07-13 11:38:58
3153,rios.santiago27@example.org,Santiago Ríos,A,2025-07-13 12:33:58
3154,scastro49@example.net,Sofía Castro,A,2025-07-13 14:32:30
3155,lgonzalez22@example.net,Lucas González,A,2025-07-14 07:44:28
3156,facundo.gimenez97@example.com,Facundo Giménez,A,2025-07-14 17:02:37
3157,matiasperalta4@example.com,Matías Peralta,A,2025-07-14 20:06:51
3158,victoria_ferreyra2005@example.com,Victoria Ferreyra,A,2025-07-15 10:16:17
3159,sofiamoreno2003@example.com,Sofía Moreno,A,2025-07-15 11:47:20
3160,belen.ledesma@example.net,Belén Ledesma,A,2025-07-15 16:33:17
3161,leandrotorres79@example.com,Leandro Torres,A,2025-07-15 17:58:01
3162,rocio_aguirre@example.net,Rocío Aguirre,A,2025-07-16 13:04:11
3163,lucas_molina@example.org,Lucas Molina,A,2025-07-17 03:45:13
3164,ojeda.rocio50@example.com,Rocío Ojeda,A,2025-07-17 11:02:20
3165,flores.tomas13@example.org,Tomás Flores,A,2025-07-17 19:37:00
3166,hernan_ponce87@example.com,Hernán Ponce,A,2025-07-17 22:26:34
3167,agustinaruiz53@example.org,Agustina Ruiz,A,2025-07-18 11:16:42
3168,martina.rodriguez1999@example.com,Martina Rodríguez,A,2025-07-18 12:12:19
3169,julieta_medina63@example.net,Julieta Medina,A,2025-07-18 12:32:33
3170,ramirososa@example.com,Ramiro Sosa,A,2025-07-18 14:42:32
3171,atorres76@example.org,Antonella Torres,A,2025-07-18 20:23:16
3172,silvina.gutierrez25@example.org,Silvina Gutiérrez,A,2025-07-19 15:56:42
3173,belen.carrizo@example.com,Belén Carrizo,A,2025-07-19 18:49:44
3174,paula_ponce2003@example.net,Paula Ponce,A,2025-07-19 21:39:10
3175,emiliano_moreno1972@example.net,Emiliano Moreno,A,2025-07-19 23:12:11
3176,rominajuarez18@example.com,Romina Juárez,A,2025-07-20 08:04:43
3177,gimenez.daniela1966@example.org,Daniela Giménez,A,2025-07-20 19:55:25
3178,camila.suarez29@example.net,Camila Suárez,A,2025-07-20 20:03:56
3179,aguirre.daniela1979@example.org,Daniela Aguirre,A,2025-07-21 14:57:52
3180,quiroga.milagros1999@example.org,Milagros Quiroga,A,2025-07-21 18:15:58
3181,cmorales90@example.com,Camila Morales,A,2025-07-21 21:05:59
3182,rodriguez.emiliano1979@example.org,Emiliano Rodríguez,A,2025-07-22 16:44:34
3183,sosa.florencia1973@example.net,Florencia Sosa,A,2025-07-22 18:49:00
3184,gabriel.rojas@example.org,Gabriel Rojas,A,2025-07-22 20:56:08
3185,molina.victoria1976@example.org,Victoria Molina,A,2025-07-23 00:29:52
3186,sebastian.gutierrez63@example.com,Sebastián Gutiérrez,A,2025-07-23 15:04:36
3187,nicolas.alvarez@example.org,Nicolás Álvarez,A,2025-07-23 18:00:02
3188,agustina.ledesma83@example.org,Agustina Ledesma,A,2025-07-23 18:04:24
3189,belen_aguirre2002@example.net,Belén Aguirre,A,2025-07-23 19:07:27
3190,martin.dominguez1985@example.org,Martín Domínguez,A,2025-07-23 23:49:25
3191,gonzalo_gomez@example.net,Gonzalo Gómez,A,2025-07-24 14:55:07
3192,trios82@example.net,Tomás Ríos,A,2025-07-24 17:52:34
3193,moreno.camila@example.net,Camila Moreno,A,2025-07-25 10:28:00
3194,hernan_nunez@example.org,Hernán Núñez,A,2025-07-25 16:42:07
3195,ralvarez2003@example.org,Ramiro Álvarez,A,2025-07-25 16:51:15
3196,facundomoreno@example.org,Facundo Moreno,A,2025-07-25 20:06:02
3197,juanalvarez@example.org,Juan Álvarez,A,2025-07-26 13:52:58
3198,gomez.nicolas@example.com,Nicolás Gómez,A,2025-07-26 20:01:57
3199,milagros.dominguez@example.com,Milagros Domínguez,A,2025-07-26 22:17:12
3200,diegoromero61@example.com,Diego Romero,A,2025-07-28 03:02:03
3201,leandro.ojeda94@example.com,Leandro Ojeda,A,2025-07-28 11:03:47
3202,sdiaz1984@example.org,Silvina Díaz,A,2025-07-28 15:38:16
3203,paula_gimenez@example.net,Paula Giménez,A,2025-07-28 16:05:14
3204,rojas.silvina2000@example.com,Silvina Rojas,A,2025-07-28 18:02:45
3205,agustina.pereyra@example.org,Agustina Pereyra,A,2025-07-28 18:04:17
3206,gimenez.diego77@example.net,Diego Giménez,A,2025-07-28 18:32:59
3207,juan.gimenez1968@example.net,Juan Giménez,A,2025-07-28 18:48:15
3208,hfernandez@example.net,Hernán Fernández,A,2025-07-28 19:41:32
3209,catalina.ruiz7@example.com,Catalina Ruiz,A,2025-07-29 12:55:19
3210,leandrocastillo26@example.org,Leandro Castillo,A,2025-07-29 17:07:25
3211,luciana.lopez13@example.com,Luciana López,A,2025-07-30 13:14:40
3212,natalia.sosa1970@example.com,Natalia Sosa,A,2025-07-30 14:14:08
3213,mnunez@example.net,Martín Núñez,A,2025-07-31 00:51:43
3214,rcastillo1991@example.com,Rocío Castillo,A,2025-07-31 07:34:10
3215,valentina.lopez@example.org,Valentina López,A,2025-07-31 14:30:27
3216,ledesma.catalina75@example.net,Catalina Ledesma,A,2025-07-31 18:29:44
3217,lucia.herrera@example.org,Lucía Herrera,A,2025-08-01 16:23:48
3218,agustina.ortiz1975@example.net,Agustina Ortiz,A,2025-08-01 20:01:19
3219,torres.gabriel99@example.org,Gabriel Torres,A,2025-08-02 15:29:14
3220,torres.leandro69@example.com,Leandro Torres,A,2025-08-02 18:00:00
3221,florencia.luna@example.com,Florencia Luna,A,2025-08-03 04:50:47
3222,juan_suarez1969@example.com,Juan Suárez,A,2025-08-03 12:02:36
3223,matiasmartinez74@example.net,Matías Martínez,A,2025-08-03 13:47:07
3224,ledesma.romina@example.net,Romina Ledesma,A,2025-08-03 20:51:28
3225,sofiafernandez26@example.net,Sofía Fernández,A,2025-08-04 10:24:53
3226,franco_medina1979@example.com,Franco Medina,A,2025-08-04 18:30:37
3227,mcastillo@example.org,Matías Castillo,A,2025-08-04 18:34:17
3228,gomez.silvina72@example.com,Silvina Gómez,A,2025-08-04 18:37:51
3229,catalina.rodriguez59@example.net,Catalina Rodríguez,A,2025-08-04 19:16:52
3230,fernandez.silvina19@example.com,Silvina Fernández,A,2025-08-04 20:25:13
3231,erios@example.org,Ezequiel Ríos,A,2025-08-04 22:32:50
3232,ldiaz@example.com,Lucía Díaz,A,2025-08-05 11:06:12
3233,sosa.sebastian@example.org,Sebastián Sosa,A,2025-08-05 12:46:33
3234,hernan_castillo8@example.org,Hernán Castillo,A,2025-08-05 14:18:28
3235,sgodoy@example.org,Silvina Godoy,A,2025-08-05 17:46:56
3236,mateonunez@example.com,Mateo Núñez,A,2025-08-06 00:35:22
3237,agustina.castillo54@example.com,Agustina Castillo,A,2025-08-06 00:46:51
3238,ezequiel.godoy@example.net,Ezequiel Godoy,A,2025-08-06 03:17:32
3239,sebastian.sosa15@example.org,Sebastián Sosa,A,2025-08-06 10:32:35
3240,gabriel.lopez1966@example.org,Gabriel López,A,2025-08-06 20:38:52
3241,medina.benjamin@example.org,Benjamín Medina,A,2025-08-06 20:40:02
3242,ffernandez33@example.net,Florencia Fernández,A,2025-08-06 23:26:27
3243,martinojeda64@example.org,Martín Ojeda,A,2025-08-07 12:19:55
3244,federico_gutierrez@example.com,Federico Gutiérrez,A,2025-08-07 16:19:54
3245,valentina_castro@example.com,Valentina Castro,A,2025-08-07 17:59:52
3246,agustinasosa@example.com,Agustina Sosa,A,2025-08-07 19:19:57
3247,belen.gomez@example.net,Belén Gómez,A,2025-08-07 20:19:10
3248,msilva26@example.com,Martina Silva,A,2025-08-07 23:35:31
3249,alejandromorales2006@example.net,Alejandro Morales,A,2025-08-08 21:24:03
3250,micaelaalvarez1981@example.net,Micaela Álvarez,A,2025-08-09 05:42:32
3251,diego_sanchez@example.net,Diego Sánchez,A,2025-08-09 13:02:08
3252,gabrielponce@example.com,Gabriel Ponce,A,2025-08-10 10:56:17
3253,nicolas.rodriguez1998@example.com,Nicolás Rodríguez,A,2025-08-10 11:04:42
3254,gonzalo.martinez@example.org,Gonzalo Martínez,A,2025-08-10 12:14:18
3255,smedina@example.org,Silvina Medina,A,2025-08-10 17:03:59
3256,rominadominguez1991@example.net,Romina Domínguez,A,2025-08-10 19:02:52
3257,tpereyra@example.org,Tomás Pereyra,A,2025-08-10 19:04:53
3258,alejandrocastillo98@example.com,Alejandro Castillo,A,2025-08-10 19:16:34
3259,ramirez.ezequiel@example.net,Ezequiel Ramírez,A,2025-08-10 21:47:57
3260,joaquingodoy@example.net,Joaquín Godoy,A,2025-08-11 00:22:04
3261,franco.gonzalez60@example.org,Franco González,A,2025-08-11 12:37:57
3262,brenda.diaz71@example.org,Brenda Díaz,A,2025-08-11 19:39:56
3263,ezequiel_aguirre2003@example.net,Ezequiel Aguirre,A,2025-08-11 23:01:52
3264,luciana_silva@example.com,Luciana Silva,A,2025-08-12 06:45:51
3265,juarez.martin1984@example.com,Martín Juárez,A,2025-08-12 10:24:18
3266,ramiro_juarez@example.com,Ramiro Juárez,A,2025-08-12 11:23:42
3267,juarez.micaela@example.org,Micaela Juárez,A,2025-08-12 12:35:08
3268,vacosta5@example.com,Victoria Acosta,A,2025-08-12 19:23:40
3269,victoria_munoz@example.com,Victoria Muñoz,A,2025-08-12 22:26:50
3270,julietarojas@example.org,Julieta Rojas,A,2025-08-13 14:23:12
3271,lrojas24@example.org,Lucas Rojas,A,2025-08-13 17:27:20
3272,milagroscastro2@example.net,Milagros Castro,A,2025-08-13 18:21:33
3273,paula.nunez3@example.com,Paula Núñez,A,2025-08-13 20:27:43
3274,bruiz1986@example.com,Brenda Ruiz,A,2025-08-14 07:37:15
3275,mferreyra22@example.org,María Ferreyra,A,2025-08-14 08:27:02
3276,ssanchez1966@example.net,Sebastián Sánchez,A,2025-08-14 10:06:31
3277,bgomez62@example.net,Benjamín Gómez,A,2025-08-14 14:35:55
3278,rocioferreyra1990@example.org,Rocío Ferreyra,A,2025-08-14 17:10:22
3279,rios.romina1990@example.net,Romina Ríos,A,2025-08-15 11:27:48
3280,matias.lopez1997@example.net,Matías López,A,2025-08-15 15:44:04
3281,hernan.ruiz60@example.com,Hernán Ruiz,A,2025-08-15 15:53:53
3282,camilaledesma1982@example.com,Camila Ledesma,A,2025-08-15 22:53:42
3283,santiago_ruiz@example.org,Santiago Ruiz,A,2025-08-16 13:42:33
3284,lucia_suarez@example.net,Lucía Suárez,A,2025-08-16 14:25:00
3285,santiago_vega1977@example.net,Santiago Vega,A,2025-08-16 15:58:47
3286,nataliaaguirre@example.net,Natalia Aguirre,A,2025-08-16 17:43:58
3287,antonella.munoz74@example.com,Antonella Muñoz,A,2025-08-16 18:59:12
3288,tomassuarez@example.net,Tomás Suárez,A,2025-08-16 20:00:11
3289,carolinaortiz@example.org,Carolina Ortiz,A,2025-08-16 21:01:37
3290,peralta.sebastian@example.com,Sebastián Peralta,A,2025-08-17 13:17:12
3291,ponce.facundo60@example.com,Facundo Ponce,A,2025-08-17 18:32:04
3292,danielarodriguez1984@example.org,Daniela Rodríguez,A,2025-08-17 19:40:21
3293,lbenitez1988@example.com,Lucía Benítez,A,2025-08-18 20:04:28
3294,camila.diaz1998@example.org,Camila Díaz,A,2025-08-18 20:15:33
3295,juan_flores1995@example.org,Juan Flores,A,2025-08-18 20:55:35
3296,federico.suarez@example.com,Federico Suárez,A,2025-08-18 21:22:34
3297,joaquin.diaz33@example.org,Joaquín Díaz,A,2025-08-18 21:26:25
3298,bjuarez1980@example.net,Belén Juárez,A,2025-08-18 21:28:44
3299,brenda_ponce1979@example.net,Brenda Ponce,A,2025-08-18 21:53:38
3300,gabrielperalta89@example.com,Gabriel Peralta,A,2025-08-19 15:07:33
3301,micaela_diaz41@example.com,Micaela Díaz,A,2025-08-19 15:53:30
3302,valentina.dominguez1999@example.net,Valentina Domínguez,A,2025-08-19 20:12:04
3303,benjamin.ramirez@example.com,Benjamín Ramírez,A,2025-08-20 11:37:48
3304,paula_torres1965@example.com,Paula Torres,A,2025-08-20 11:59:20
3305,quiroga.luciana43@example.net,Luciana Quiroga,A,2025-08-20 13:43:57
3306,godoy.victoria69@example.net,Victoria Godoy,A,2025-08-21 07:43:20
3307,victoria_acosta@example.org,Victoria Acosta,A,2025-08-21 09:34:26
3308,facundo.diaz1982@example.net,Facundo Díaz,A,2025-08-21 10:12:53
3309,facundogodoy@example.net,Facundo Godoy,A,2025-08-21 11:08:04
3310,silva.camila@example.com,Camila Silva,A,2025-08-21 14:46:20
3311,molina.sofia43@example.net,Sofía Molina,A,2025-08-21 18:27:08
3312,luciana_morales65@example.org,Luciana Morales,A,2025-08-22 12:45:50
3313,rojas.florencia1974@example.net,Florencia Rojas,A,2025-08-22 17:43:12
3314,anaromero@example.net,Ana Romero,A,2025-08-22 18:09:49
3315,alejandroherrera2005@example.net,Alejandro Herrera,A,2025-08-22 20:43:41
3316,cgimenez24@example.com,Catalina Giménez,A,2025-08-23 11:22:05
3317,cdiaz45@example.org,Carolina Díaz,A,2025-08-23 11:27:25
3318,rponce@example.org,Romina Ponce,A,2025-08-23 14:33:55
3319,catalinabenitez1974@example.net,Catalina Benítez,A,2025-08-23 21:19:15
3320,carolina_juarez@example.net,Carolina Juárez,A,2025-08-24 03:36:25
3321,alejandro.cabrera68@example.com,Alejandro Cabrera,A,2025-08-24 11:12:18
3322,florenciamedina@example.com,Florencia Medina,A,2025-08-24 14:50:23
3323,silvinarojas1995@example.com,Silvina Rojas,A,2025-08-24 20:19:29
3324,juan.garcia2000@example.net,Juan García,A,2025-08-24 21:56:11
3325,rocio.ruiz61@example.com,Rocío Ruiz,A,2025-08-25 12:52:11
3326,sgarcia1996@example.com,Sofía García,A,2025-08-25 13:31:39
3327,mflores@example.net,Matías Flores,A,2025-08-25 13:39:14
3328,diego_peralta1983@example.org,Diego Peralta,A,2025-08-25 16:54:46
3329,nnunez@example.net,Nicolás Núñez,A,2025-08-25 21:24:21
3330,vperalta@example.com,Valentina Peralta,A,2025-08-26 10:29:52
3331,sebastian.lopez@example.org,Sebastián López,A,2025-08-26 10:40:44
3332,herrera.rocio1972@example.net,Rocío Herrera,A,2025-08-26 10:45:52
3333,joaquinrodriguez@example.com,Joaquín Rodríguez,A,2025-08-26 18:27:40
3334,santiago_ledesma2004@example.org,Santiago Ledesma,A,2025-08-26 21:06:16
3335,munoz.lucas@example.net,Lucas Muñoz,A,2025-08-26 21:53:31
3336,mruiz1967@example.net,Milagros Ruiz,A,2025-08-26 23:49:45
3337,herrera.luciana2002@example.org,Luciana Herrera,A,2025-08-27 15:32:30
3338,gonzalo.romero@example.net,Gonzalo Romero,A,2025-08-27 16:18:56
3339,jcarrizo1968@example.org,Julieta Carrizo,A,2025-08-27 17:37:52
3340,vega.romina@example.net,Romina Vega,A,2025-08-27 18:10:55
3341,ezequielsanchez1996@example.net,Ezequiel Sánchez,A,2025-08-27 19:14:43
3342,hernan_ramirez99@example.net,Hernán Ramírez,A,2025-08-27 20:04:03
3343,franco.morales@example.com,Franco Morales,A,2025-08-28 04:37:28
3344,benjamin_ramirez34@example.net,Benjamín Ramírez,A,2025-08-28 12:22:38
3345,munoz.valentina2002@example.net,Valentina Muñoz,A,2025-08-28 19:41:10
3346,sebastian_garcia23@example.org,Sebastián García,A,2025-08-28 20:36:30
3347,lucianadiaz@example.com,Luciana Díaz,A,2025-08-28 22:21:08
3348,cgutierrez12@example.net,Camila Gutiérrez,A,2025-08-29 11:02:31
3349,pablo_peralta@example.org,Pablo Peralta,A,2025-08-29 13:13:07
3350,hernan_cabrera1995@example.net,Hernán Cabrera,A,2025-08-29 19:08:10
3351,santiago_sanchez1974@example.net,Santiago Sánchez,A,2025-08-30 11:11:29
3352,rodriguez.santiago@example.com,Santiago Rodríguez,A,2025-08-30 11:49:40
3353,dmunoz53@example.org,Daniela Muñoz,A,2025-08-30 17:47:39
3354,valentina.sosa2006@example.net,Valentina Sosa,A,2025-08-30 18:37:44
3355,sponce1968@example.org,Sofía Ponce,A,2025-08-30 20:15:37
3356,lmedina@example.com,Lucía Medina,A,2025-08-31 08:35:11
3357,jperez@example.org,Julieta Pérez,A,2025-08-31 08:38:58
3358,silva.benjamin93@example.com,Benjamín Silva,A,2025-08-31 14:40:32
3359,alejandro_moreno1991@example.net,Alejandro Moreno,A,2025-08-31 16:57:55
3360,lucia.gimenez1981@example.net,Lucía Giménez,A,2025-08-31 18:20:53
3361,peralta.brenda20@example.net,Brenda Peralta,A,2025-09-01 00:34:02
3362,nicolastorres43@example.org,Nicolás Torres,A,2025-09-01 19:26:06
3363,diego.ponce@example.net,Diego Ponce,A,2025-09-01 23:44:22
3364,julietacastillo@example.org,Julieta Castillo,A,2025-09-02 00:42:50
3365,torres.rocio2000@example.net,Rocío Torres,A,2025-09-02 12:32:10
3366,epereyra1998@example.net,Emiliano Pereyra,A,2025-09-02 23:10:49
3367,federico_sosa1998@example.net,Federico Sosa,A,2025-09-03 00:23:43
3368,pablomunoz1974@example.com,Pablo Muñoz,A,2025-09-03 14:04:19
3369,brojas@example.org,Belén Rojas,A,2025-09-03 20:23:01
3370,nicolas.peralta1969@example.org,Nicolás Peralta,A,2025-09-03 22:01:28
3371,gonzalo_flores1974@example.org,Gonzalo Flores,A,2025-09-03 22:10:07
3372,ezequiel.aguirre@example.com,Ezequiel Aguirre,A,2025-09-04 10:03:25
3373,pereyra.belen29@example.com,Belén Pereyra,A,2025-09-04 14:42:42
3374,mateo_ortiz@example.net,Mateo Ortiz,A,2025-09-04 19:34:14
3375,tomasmolina21@example.org,Tomás Molina,A,2025-09-04 20:07:01
3376,ignacioflores1993@example.com,Ignacio Flores,A,2025-09-05 12:42:44
3377,matias.ramirez44@example.net,Matías Ramírez,A,2025-09-05 13:37:09
3378,lucas.gonzalez@example.net,Lucas González,A,2025-09-05 17:10:31
3379,lucia_nunez1987@example.com,Lucía Núñez,A,2025-09-05 20:30:52
3380,taguirre18@example.net,Tomás Aguirre,A,2025-09-06 05:24:49
3381,maria_quiroga@example.net,María Quiroga,A,2025-09-06 10:09:37
3382,diegoluna1980@example.org,Diego Luna,A,2025-09-06 13:47:12
3383,brenda_ponce@example.org,Brenda Ponce,A,2025-09-06 14:40:20
3384,gabriel.gimenez1978@example.com,Gabriel Giménez,A,2025-09-06 14:42:48
3385,sofia_nunez@example.org,Sofía Núñez,A,2025-09-06 17:40:57
3386,victoria.juarez@example.org,Victoria Juárez,A,2025-09-06 17:45:18
3387,mariaojeda20@example.org,María Ojeda,A,2025-09-06 17:52:06
3388,silva.lucia2001@example.org,Lucía Silva,A,2025-09-06 17:53:01
3389,rodriguez.carolina1982@example.org,Carolina Rodríguez,A,2025-09-07 02:07:08
3390,diego_martinez35@example.com,Diego Martínez,A,2025-09-07 20:25:54
3391,castillo.luciana@example.org,Luciana Castillo,A,2025-09-08 10:07:56
3392,rominanunez@example.com,Romina Núñez,A,2025-09-08 18:16:16
3393,lucasferreyra1981@example.org,Lucas Ferreyra,A,2025-09-08 18:16:58
3394,facundo.romero54@example.net,Facundo Romero,A,2025-09-08 20:45:01
3395,matiasgodoy50@example.org,Matías Godoy,A,2025-09-08 22:08:22
3396,carolina_morales45@example.com,Carolina Morales,A,2025-09-08 23:23:48
3397,dsanchez86@example.net,Diego Sánchez,A,2025-09-09 12:04:03
3398,flores.carolina74@example.com,Carolina Flores,A,2025-09-09 13:39:27
3399,emilianomoreno@example.net,Emiliano Moreno,A,2025-09-09 20:20:09
3400,benjaminojeda1992@example.org,Benjamín Ojeda,A,2025-09-09 20:35:58
3401,spereyra@example.org,Santiago Pereyra,A,2025-09-10 07:22:01
3402,tomas_suarez76@example.org,Tomás Suárez,A,2025-09-10 10:57:05
3403,camila.dominguez1997@example.org,Camila Domínguez,A,2025-09-10 13:35:30
3404,rocio.acosta87@example.org,Rocío Acosta,A,2025-09-11 01:51:31
3405,santiago_diaz1979@example.com,Santiago Díaz,A,2025-09-11 13:46:55
3406,mateo.gonzalez47@example.org,Mateo González,A,2025-09-11 20:50:35
3407,vluna1991@example.com,Valentina Luna,A,2025-09-12 06:10:08
3408,rocio_perez30@example.net,Rocío Pérez,A,2025-09-12 15:54:37
3409,ponce.antonella47@example.org,Antonella Ponce,A,2025-09-12 18:15:33
3410,eponce41@example.net,Ezequiel Ponce,A,2025-09-12 19:44:36
3411,camilatorres@example.com,Camila Torres,A,2025-09-12 22:56:24
3412,paula_godoy34@example.com,Paula Godoy,A,2025-09-13 12:48:57
3413,gonzalez.gabriel61@example.net,Gabriel González,A,2025-09-13 14:39:02
3414,sofia_romero@example.net,Sofía Romero,A,2025-09-14 10:18:04
3415,silvina_torres2003@example.org,Silvina Torres,A,2025-09-14 12:07:22
3416,fflores96@example.net,Franco Flores,A,2025-09-15 02:49:40
3417,santiago.silva1977@example.com,Santiago Silva,A,2025-09-15 10:20:11
3418,lsanchez2002@example.com,Lucas Sánchez,A,2025-09-16 13:10:46
3419,mrios23@example.com,Milagros Ríos,A,2025-09-16 16:14:59
3420,agustinaquiroga@example.org,Agustina Quiroga,A,2025-09-16 19:47:00
3421,martinaojeda2002@example.org,Martina Ojeda,A,2025-09-17 20:39:43
3422,milagrosmedina1966@example.net,Milagros Medina,A,2025-09-18 13:45:14
3423,daniela_godoy1986@example.com,Daniela Godoy,A,2025-09-18 14:49:20
3424,herrera.florencia10@example.org,Florencia Herrera,A,2025-09-18 19:37:29
3425,antonellarios52@example.net,Antonella Ríos,A,2025-09-19 17:09:16
3426,camila.gomez1990@example.com,Camila Gómez,A,2025-09-19 18:43:48
3427,aguirre.luciana1976@example.net,Luciana Aguirre,A,2025-09-19 20:11:39
3428,ledesma.paula@example.com,Paula Ledesma,A,2025-09-20 18:56:04
3429,pquiroga@example.org,Paula Quiroga,A,2025-09-20 22:22:30
3430,snunez84@example.com,Sofía Núñez,A,2025-09-21 10:36:38
3431,agustina_ojeda1985@example.com,Agustina Ojeda,A,2025-09-21 23:30:00
3432,lgodoy26@example.net,Lucía Godoy,A,2025-09-22 08:43:26
3433,vnunez1967@example.com,Valentina Núñez,A,2025-09-22 13:03:06
3434,benitez.martina@example.com,Martina Benítez,A,2025-09-22 13:14:05
3435,joaquin_medina1@example.org,Joaquín Medina,A,2025-09-22 13:56:35
3436,molina.antonella96@example.net,Antonella Molina,A,2025-09-22 16:11:35
3437,vega.victoria@example.org,Victoria Vega,A,2025-09-22 18:13:09
3438,antonella_diaz8@example.org,Antonella Díaz,A,2025-09-23 15:05:41
3439,jsuarez66@example.com,Julieta Suárez,A,2025-09-23 15:47:04
3440,daniela_godoy91@example.com,Daniela Godoy,A,2025-09-23 17:03:38
3441,mvega1990@example.org,Mateo Vega,A,2025-09-23 19:35:59
3442,benjaminbenitez24@example.net,Benjamín Benítez,A,2025-09-23 20:37:15
3443,mdiaz@example.org,María Díaz,A,2025-09-24 00:57:34
3444,benjamin.rojas1976@example.org,Benjamín Rojas,A,2025-09-24 14:59:13
3445,malvarez@example.net,Milagros Álvarez,A,2025-09-24 16:35:31
3446,vega.daniela1985@example.org,Daniela Vega,A,2025-09-25 14:29:32
3447,eflores@example.org,Emiliano Flores,A,2025-09-25 16:38:50
3448,camiladiaz@example.net,Camila Díaz,A,2025-09-26 01:15:08
3449,paula_quiroga73@example.org,Paula Quiroga,A,2025-09-26 14:39:56
3450,brenda.morales1969@example.net,Brenda Morales,A,2025-09-26 16:28:37
3451,natalia.ledesma@example.net,Natalia Ledesma,A,2025-09-26 16:51:23
3452,csuarez@example.net,Carolina Suárez,A,2025-09-26 21:09:41
3453,santiago_quiroga@example.org,Santiago Quiroga,A,2025-09-26 22:59:21
3454,ezequiel.moreno1989@example.com,Ezequiel Moreno,A,2025-09-26 23:11:20
3455,daniela.godoy@example.org,Daniela Godoy,A,2025-09-27 09:16:29
3456,nicolas_ojeda@example.org,Nicolás Ojeda,A,2025-09-27 12:58:18
3457,fvega@example.com,Facundo Vega,A,2025-09-27 14:01:21
3458,martina.ruiz39@example.net,Martina Ruiz,A,2025-09-27 17:04:13
3459,emiliano.silva50@example.org,Emiliano Silva,A,2025-09-27 18:09:50
3460,acosta.catalina1998@example.com,Catalina Acosta,A,2025-09-27 18:18:28
3461,julieta.sanchez1993@example.com,Julieta Sánchez,A,2025-09-28 14:22:36
3462,benjamin_sosa60@example.net,Benjamín Sosa,A,2025-09-28 20:27:00
3463,cmorales@example.org,Catalina Morales,A,2025-09-29 10:06:04
3464,rocioacosta1978@example.net,Rocío Acosta,A,2025-09-29 14:02:38
3465,federicosuarez29@example.net,Federico Suárez,A,2025-09-29 14:55:25
3466,joaquin.ramirez33@example.net,Joaquín Ramírez,A,2025-09-29 17:56:02
3467,facundo_torres2000@example.net,Facundo Torres,A,2025-09-30 09:30:45
3468,benitez.martina79@example.net,Martina Benítez,A,2025-09-30 09:56:14
3469,valentina_juarez39@example.net,Valentina Juárez,A,2025-09-30 12:58:09
3470,agomez@example.org,Ana Gómez,A,2025-09-30 18:06:30
3471,martin.aguirre21@example.net,Martín Aguirre,A,2025-09-30 19:24:30
