nps_id,customer_id,channel_id,score,comment,responded_at,response_date
13000000000,,2,9,"Excelente botella, mantiene la temperatura",2024-01-03 10:01:03,2024-01-03
13000000001,568,2,10,,2024-01-04 12:50:43,2024-01-04
13000000002,332,2,8,Podría mejorar el empaque,2024-01-04 17:03:45,2024-01-04
13000000003,662,2,10,Muy buena atención en la tienda,2024-01-05 11:33:47,2024-01-05
13000000004,37,2,10,,2024-01-07 10:00:00,2024-01-07
13000000005,233,2,10,,2024-01-07 13:50:10,2024-01-07
13000000006,71,2,7,,2024-01-09 11:17:22,2024-01-09
13000000007,429,2,10,Muy buena atención en la tienda,2024-01-09 14:50:17,2024-01-09
13000000008,500,2,6,La tapa pierde líquido,2024-01-09 16:41:33,2024-01-09
13000000009,341,2,8,,2024-01-09 20:04:20,2024-01-09
13000000010,456,2,10,,2024-01-10 10:54:52,2024-01-10
13000000011,679,2,7,"Correcto, sin sorpresas",2024-01-10 21:08:21,2024-01-10
13000000012,206,1,10,Muy conforme con la calidad,2024-01-11 04:55:11,2024-01-11
13000000013,398,1,9,Entrega rápida y producto excelente,2024-01-11 11:25:51,2024-01-11
13000000014,,2,8,"Correcto, sin sorpresas",2024-01-12 05:11:44,2024-01-12
13000000015,542,1,8,La entrega podría ser más rápida,2024-01-12 10:05:52,2024-01-12
13000000016,657,1,7,,2024-01-12 10:12:31,2024-01-12
13000000017,425,1,10,Volvería a comprar,2024-01-12 12:11:53,2024-01-12
13000000018,434,2,7,,2024-01-12 12:56:47,2024-01-12
13000000019,322,1,6,Llegó con la caja dañada,2024-01-12 16:48:44,2024-01-12
13000000020,608,2,10,Muy buena atención en la tienda,2024-01-12 22:01:13,2024-01-12
13000000021,651,1,10,Todo perfecto,2024-01-13 17:45:38,2024-01-13
13000000022,379,2,10,Volvería a comprar,2024-01-14 10:15:53,2024-01-14
13000000023,441,2,10,"Excelente botella, mantiene la temperatura",2024-01-14 11:24:49,2024-01-14
13000000024,347,2,10,Todo perfecto,2024-01-14 11:27:27,2024-01-14
13000000025,8,2,9,,2024-01-14 12:00:27,2024-01-14
13000000026,567,1,8,Podría mejorar el empaque,2024-01-15 10:11:21,2024-01-15
13000000027,154,1,9,Volvería a comprar,2024-01-15 11:12:59,2024-01-15
13000000028,666,1,10,,2024-01-16 11:12:19,2024-01-16
13000000029,152,1,8,,2024-01-16 11:25:14,2024-01-16
13000000030,215,2,8,,2024-01-16 13:33:23,2024-01-16
13000000031,477,2,10,Volvería a comprar,2024-01-16 14:08:40,2024-01-16
13000000032,380,1,7,La entrega podría ser más rápida,2024-01-16 14:58:12,2024-01-16
13000000033,502,1,10,Todo perfecto,2024-01-16 20:22:32,2024-01-16
13000000034,521,1,8,,2024-01-16 21:42:49,2024-01-16
13000000035,235,1,9,Entrega rápida y producto excelente,2024-01-16 23:24:04,2024-01-16
13000000036,61,1,7,,2024-01-17 11:59:01,2024-01-17
13000000037,454,2,4,Tuve que devolverlo,2024-01-17 15:41:06,2024-01-17
13000000038,482,1,10,,2024-01-17 16:35:02,2024-01-17
13000000039,188,2,9,,2024-01-18 11:59:13,2024-01-18
13000000040,678,1,10,,2024-01-18 14:49:13,2024-01-18
13000000041,121,2,8,Podría mejorar el empaque,2024-01-18 16:22:53,2024-01-18
13000000042,294,1,5,Llegó con la caja dañada,2024-01-18 16:34:37,2024-01-18
13000000043,235,2,9,"Excelente botella, mantiene la temperatura",2024-01-18 18:04:37,2024-01-18
13000000044,438,1,10,"Excelente botella, mantiene la temperatura",2024-01-18 22:18:05,2024-01-18
13000000045,11,1,7,Me gustaría más variedad de colores,2024-01-18 23:09:08,2024-01-18
13000000046,96,2,10,Muy buena atención en la tienda,2024-01-19 10:12:09,2024-01-19
13000000047,159,1,10,,2024-01-19 10:32:22,2024-01-19
13000000048,46,1,7,"Buen producto, un poco caro",2024-01-19 15:21:23,2024-01-19
13000000049,275,1,7,,2024-01-19 21:34:59,2024-01-19
13000000050,577,1,6,,2024-01-20 00:39:27,2024-01-20
13000000051,28,1,9,Volvería a comprar,2024-01-20 01:55:11,2024-01-20
13000000052,103,2,8,,2024-01-20 02:20:13,2024-01-20
13000000053,729,2,4,Tuve que devolverlo,2024-01-20 19:27:06,2024-01-20
13000000054,450,2,9,Muy buena atención en la tienda,2024-01-21 03:41:20,2024-01-21
13000000055,568,2,9,,2024-01-21 11:31:48,2024-01-21
13000000056,223,2,9,,2024-01-22 05:03:50,2024-01-22
13000000057,570,1,8,La entrega podría ser más rápida,2024-01-22 11:53:35,2024-01-22
13000000058,249,1,8,"Buen producto, un poco caro",2024-01-22 14:08:05,2024-01-22
13000000059,676,1,8,Podría mejorar el empaque,2024-01-23 04:04:36,2024-01-23
13000000060,403,1,6,Tuve que devolverlo,2024-01-23 09:13:07,2024-01-23
13000000061,177,2,9,Muy buena atención en la tienda,2024-01-23 14:40:51,2024-01-23
13000000062,,1,10,Entrega rápida y producto excelente,2024-01-23 17:30:51,2024-01-23
13000000063,502,2,10,,2024-01-24 11:27:04,2024-01-24
13000000064,704,1,8,,2024-01-24 12:20:15,2024-01-24
13000000065,59,1,8,La entrega podría ser más rápida,2024-01-25 02:20:16,2024-01-25
13000000066,350,1,10,,2024-01-25 10:22:50,2024-01-25
13000000067,749,2,9,Muy buena atención en la tienda,2024-01-25 12:27:53,2024-01-25
13000000068,,2,6,Tuve que esperar mucho en la caja,2024-01-25 15:08:37,2024-01-25
13000000069,,1,10,Volvería a comprar,2024-01-25 21:15:16,2024-01-25
13000000070,492,2,10,Muy buena atención en la tienda,2024-01-26 02:00:01,2024-01-26
13000000071,705,1,7,,2024-01-26 12:53:07,2024-01-26
13000000072,687,1,5,Tardó mucho más de lo esperado,2024-01-26 14:22:17,2024-01-26
13000000073,510,1,6,Llegó con la caja dañada,2024-01-26 18:48:16,2024-01-26
13000000074,540,2,7,,2024-01-27 10:50:54,2024-01-27
13000000075,273,2,6,La tapa pierde líquido,2024-01-27 16:52:04,2024-01-27
13000000076,203,2,10,,2024-01-28 13:15:40,2024-01-28
13000000077,9,1,8,La entrega podría ser más rápida,2024-01-28 18:46:29,2024-01-28
13000000078,712,1,8,La entrega podría ser más rápida,2024-01-29 10:07:41,2024-01-29
13000000079,467,1,10,Muy conforme con la calidad,2024-01-29 18:51:58,2024-01-29
13000000080,88,1,6,,2024-01-30 02:27:03,2024-01-30
13000000081,451,2,8,"Correcto, sin sorpresas",2024-01-30 11:50:10,2024-01-30
13000000082,761,2,9,,2024-01-30 12:40:44,2024-01-30
13000000083,733,1,10,,2024-01-31 19:37:36,2024-01-31
13000000084,281,1,9,,2024-01-31 20:20:45,2024-01-31
13000000085,335,1,9,Todo perfecto,2024-02-01 06:43:35,2024-02-01
13000000086,,2,9,,2024-02-01 10:12:43,2024-02-01
13000000087,641,2,10,,2024-02-01 11:46:02,2024-02-01
13000000088,471,2,10,,2024-02-01 18:52:34,2024-02-01
13000000089,771,2,6,,2024-02-01 20:10:08,2024-02-01
13000000090,648,1,7,,2024-02-01 22:07:45,2024-02-01
13000000091,7,1,7,"Buen producto, un poco caro",2024-02-02 10:35:29,2024-02-02
13000000092,269,1,10,,2024-02-02 12:22:34,2024-02-02
13000000093,731,1,5,No cumplió mis expectativas,2024-02-02 18:53:56,2024-02-02
13000000094,75,2,9,Muy buena atención en la tienda,2024-02-03 01:28:50,2024-02-03
13000000095,213,2,10,,2024-02-03 12:35:38,2024-02-03
13000000096,233,1,7,La entrega podría ser más rápida,2024-02-03 12:44:15,2024-02-03
13000000097,538,2,9,Muy buena atención en la tienda,2024-02-03 13:11:17,2024-02-03
13000000098,283,1,9,,2024-02-03 13:17:02,2024-02-03
13000000099,585,2,9,,2024-02-03 23:30:08,2024-02-03
13000000100,87,2,9,Todo perfecto,2024-02-04 01:50:17,2024-02-04
13000000101,551,2,8,"Correcto, sin sorpresas",2024-02-04 12:34:48,2024-02-04
13000000102,539,2,9,,2024-02-04 16:08:35,2024-02-04
13000000103,267,2,6,Llegó con la caja dañada,2024-02-05 11:54:40,2024-02-05
13000000104,741,1,5,Llegó con la caja dañada,2024-02-05 15:34:59,2024-02-05
13000000105,305,1,8,,2024-02-06 19:30:22,2024-02-06
13000000106,759,1,10,,2024-02-07 17:00:02,2024-02-07
13000000107,755,1,6,,2024-02-07 21:56:00,2024-02-07
13000000108,404,1,8,,2024-02-07 22:42:02,2024-02-07
13000000109,338,2,10,Muy conforme con la calidad,2024-02-07 23:59:48,2024-02-07
13000000110,111,2,9,,2024-02-08 11:08:17,2024-02-08
13000000111,76,2,8,,2024-02-08 13:09:46,2024-02-08
13000000112,513,1,7,Me gustaría más variedad de colores,2024-02-08 15:32:58,2024-02-08
13000000113,751,1,6,No cumplió mis expectativas,2024-02-08 19:47:24,2024-02-08
13000000114,67,1,10,Entrega rápida y producto excelente,2024-02-09 11:35:45,2024-02-09
13000000115,378,1,10,Entrega rápida y producto excelente,2024-02-09 12:54:23,2024-02-09
13000000116,118,1,6,,2024-02-09 20:51:36,2024-02-09
13000000117,586,1,8,,2024-02-09 21:33:10,2024-02-09
13000000118,565,2,8,"Correcto, sin sorpresas",2024-02-10 09:47:17,2024-02-10
13000000119,453,2,7,,2024-02-10 16:15:08,2024-02-10
13000000120,79,2,6,La tapa pierde líquido,2024-02-10 16:42:58,2024-02-10
13000000121,307,2,10,,2024-02-11 10:00:00,2024-02-11
13000000122,555,2,7,"Buen producto, un poco caro",2024-02-11 15:48:42,2024-02-11
13000000123,,2,8,"Correcto, sin sorpresas",2024-02-12 00:17:55,2024-02-12
13000000124,179,1,5,La tapa pierde líquido,2024-02-12 12:43:12,2024-02-12
13000000125,116,1,10,,2024-02-12 18:22:35,2024-02-12
13000000126,289,1,10,"Excelente botella, mantiene la temperatura",2024-02-12 22:21:52,2024-02-12
13000000127,394,1,6,No cumplió mis expectativas,2024-02-13 10:41:22,2024-02-13
13000000128,790,1,10,,2024-02-13 12:15:44,2024-02-13
13000000129,347,1,7,La entrega podría ser más rápida,2024-02-13 12:24:36,2024-02-13
13000000130,605,2,4,La tapa pierde líquido,2024-02-14 10:07:58,2024-02-14
13000000131,783,1,8,La entrega podría ser más rápida,2024-02-14 10:38:18,2024-02-14
13000000132,787,1,9,Entrega rápida y producto excelente,2024-02-14 12:37:18,2024-02-14
13000000133,791,1,9,Volvería a comprar,2024-02-14 12:59:45,2024-02-14
13000000134,,2,8,"Correcto, sin sorpresas",2024-02-14 14:39:45,2024-02-14
13000000135,775,1,7,"Correcto, sin sorpresas",2024-02-14 16:12:39,2024-02-14
13000000136,399,1,9,,2024-02-14 21:43:05,2024-02-14
13000000137,559,2,8,Me gustaría más variedad de colores,2024-02-14 23:51:42,2024-02-14
13000000138,521,1,10,Volvería a comprar,2024-02-15 13:32:21,2024-02-15
13000000139,461,1,8,Podría mejorar el empaque,2024-02-15 14:18:55,2024-02-15
13000000140,788,1,7,La entrega podría ser más rápida,2024-02-16 04:51:41,2024-02-16
13000000141,,1,8,La entrega podría ser más rápida,2024-02-16 12:26:38,2024-02-16
13000000142,617,2,5,Tuve que esperar mucho en la caja,2024-02-16 17:37:30,2024-02-16
13000000143,299,1,10,"Excelente botella, mantiene la temperatura",2024-02-16 20:28:01,2024-02-16
13000000144,815,2,8,Podría mejorar el empaque,2024-02-17 01:36:26,2024-02-17
13000000145,607,1,8,,2024-02-17 05:03:16,2024-02-17
13000000146,782,1,8,La entrega podría ser más rápida,2024-02-17 11:34:52,2024-02-17
13000000147,5,1,8,,2024-02-18 05:19:18,2024-02-18
13000000148,475,2,9,Muy buena atención en la tienda,2024-02-18 10:04:26,2024-02-18
13000000149,175,2,8,"Buen producto, un poco caro",2024-02-18 12:05:12,2024-02-18
13000000150,153,2,9,Muy buena atención en la tienda,2024-02-18 13:47:43,2024-02-18
13000000151,448,2,6,La tapa pierde líquido,2024-02-18 20:59:42,2024-02-18
13000000152,152,1,10,Entrega rápida y producto excelente,2024-02-19 14:11:27,2024-02-19
13000000153,754,2,8,,2024-02-20 11:18:14,2024-02-20
13000000154,112,1,9,Entrega rápida y producto excelente,2024-02-20 14:46:22,2024-02-20
13000000155,187,2,8,,2024-02-20 15:01:43,2024-02-20
13000000156,838,2,10,Muy buena atención en la tienda,2024-02-20 15:31:24,2024-02-20
13000000157,658,1,9,Entrega rápida y producto excelente,2024-02-20 22:49:40,2024-02-20
13000000158,,2,8,Podría mejorar el empaque,2024-02-20 23:27:07,2024-02-20
13000000159,630,1,10,Entrega rápida y producto excelente,2024-02-21 00:16:38,2024-02-21
13000000160,4,1,6,La tapa pierde líquido,2024-02-21 05:08:40,2024-02-21
13000000161,804,1,8,,2024-02-21 07:02:57,2024-02-21
13000000162,842,2,10,Volvería a comprar,2024-02-21 18:01:59,2024-02-21
13000000163,182,1,9,,2024-02-21 18:34:38,2024-02-21
13000000164,834,2,7,,2024-02-21 21:49:23,2024-02-21
13000000165,640,1,10,,2024-02-22 03:06:14,2024-02-22
13000000166,256,2,10,,2024-02-22 11:26:48,2024-02-22
13000000167,426,2,9,Muy buena atención en la tienda,2024-02-22 13:54:24,2024-02-22
13000000168,850,2,10,Muy buena atención en la tienda,2024-02-22 13:58:05,2024-02-22
13000000169,482,1,9,Entrega rápida y producto excelente,2024-02-22 15:16:47,2024-02-22
13000000170,278,1,9,Entrega rápida y producto excelente,2024-02-23 11:06:41,2024-02-23
13000000171,572,1,7,La entrega podría ser más rápida,2024-02-23 14:34:41,2024-02-23
13000000172,45,1,4,Llegó con la caja dañada,2024-02-23 19:29:03,2024-02-23
13000000173,805,1,9,Todo perfecto,2024-02-23 21:07:24,2024-02-23
13000000174,857,2,8,"Correcto, sin sorpresas",2024-02-24 17:57:04,2024-02-24
13000000175,266,2,9,Volvería a comprar,2024-02-24 21:55:31,2024-02-24
13000000176,463,2,9,Muy buena atención en la tienda,2024-02-25 13:19:30,2024-02-25
13000000177,287,2,5,No cumplió mis expectativas,2024-02-25 16:09:41,2024-02-25
13000000178,319,2,7,,2024-02-25 17:15:31,2024-02-25
13000000179,755,1,6,Llegó con la caja dañada,2024-02-26 14:23:15,2024-02-26
13000000180,70,1,8,La entrega podría ser más rápida,2024-02-26 14:30:17,2024-02-26
13000000181,477,2,8,Podría mejorar el empaque,2024-02-26 18:17:04,2024-02-26
13000000182,418,2,10,Todo perfecto,2024-02-27 10:22:43,2024-02-27
13000000183,105,1,10,"Excelente botella, mantiene la temperatura",2024-02-27 10:33:34,2024-02-27
13000000184,201,1,8,Podría mejorar el empaque,2024-02-27 13:03:03,2024-02-27
13000000185,346,1,10,Entrega rápida y producto excelente,2024-02-27 21:15:28,2024-02-27
13000000186,882,2,8,Me gustaría más variedad de colores,2024-02-28 12:03:21,2024-02-28
13000000187,681,1,10,Muy conforme con la calidad,2024-02-28 13:07:42,2024-02-28
13000000188,713,1,5,No cumplió mis expectativas,2024-02-28 17:24:03,2024-02-28
13000000189,517,2,10,,2024-02-29 01:47:19,2024-02-29
13000000190,347,1,10,,2024-02-29 03:16:21,2024-02-29
13000000191,260,1,8,,2024-02-29 06:02:28,2024-02-29
13000000192,106,1,5,,2024-02-29 10:28:31,2024-02-29
13000000193,445,2,10,Muy buena atención en la tienda,2024-02-29 10:37:57,2024-02-29
13000000194,524,1,8,"Correcto, sin sorpresas",2024-02-29 16:29:08,2024-02-29
13000000195,703,1,8,,2024-02-29 17:06:22,2024-02-29
13000000196,473,1,6,Llegó con la caja dañada,2024-02-29 17:14:51,2024-02-29
13000000197,756,1,10,Entrega rápida y producto excelente,2024-02-29 17:33:54,2024-02-29
13000000198,186,2,8,Podría mejorar el empaque,2024-02-29 18:28:12,2024-02-29
13000000199,155,1,9,Entrega rápida y producto excelente,2024-02-29 20:25:25,2024-02-29
13000000200,434,2,7,,2024-02-29 23:56:57,2024-02-29
13000000201,7,1,10,Entrega rápida y producto excelente,2024-03-01 02:24:30,2024-03-01
13000000202,542,1,10,,2024-03-01 02:30:44,2024-03-01
13000000203,835,1,9,,2024-03-01 10:01:28,2024-03-01
13000000204,254,1,10,,2024-03-01 10:33:33,2024-03-01
13000000205,269,1,8,,2024-03-01 10:58:23,2024-03-01
13000000206,139,1,8,,2024-03-01 14:36:27,2024-03-01
13000000207,502,2,10,,2024-03-01 20:02:56,2024-03-01
13000000208,771,2,8,Podría mejorar el empaque,2024-03-02 12:01:27,2024-03-02
13000000209,127,2,5,Tuve que devolverlo,2024-03-02 14:29:40,2024-03-02
13000000210,261,2,9,,2024-03-02 19:11:35,2024-03-02
13000000211,419,2,10,Muy buena atención en la tienda,2024-03-02 23:03:22,2024-03-02
13000000212,801,2,9,,2024-03-03 04:23:07,2024-03-03
13000000213,280,2,8,Podría mejorar el empaque,2024-03-03 18:06:47,2024-03-03
13000000214,212,2,9,Muy buena atención en la tienda,2024-03-03 23:00:07,2024-03-03
13000000215,320,2,10,Muy buena atención en la tienda,2024-03-04 03:20:11,2024-03-04
13000000216,28,1,5,Tardó mucho más de lo esperado,2024-03-04 21:15:10,2024-03-04
13000000217,822,1,6,,2024-03-05 03:06:05,2024-03-05
13000000218,243,1,7,La entrega podría ser más rápida,2024-03-05 05:35:58,2024-03-05
13000000219,585,2,10,,2024-03-05 12:27:44,2024-03-05
13000000220,281,1,10,"Excelente botella, mantiene la temperatura",2024-03-05 14:05:02,2024-03-05
13000000221,744,1,8,La entrega podría ser más rápida,2024-03-05 15:07:26,2024-03-05
13000000222,519,2,7,,2024-03-05 20:25:35,2024-03-05
13000000223,547,1,8,La entrega podría ser más rápida,2024-03-06 00:20:37,2024-03-06
13000000224,432,2,10,"Excelente botella, mantiene la temperatura",2024-03-06 05:03:26,2024-03-06
13000000225,800,1,8,Podría mejorar el empaque,2024-03-06 09:49:13,2024-03-06
13000000226,725,1,5,La tapa pierde líquido,2024-03-06 13:38:00,2024-03-06
13000000227,55,1,7,La entrega podría ser más rápida,2024-03-06 15:43:47,2024-03-06
13000000228,509,1,9,Entrega rápida y producto excelente,2024-03-06 17:41:15,2024-03-06
13000000229,381,1,5,No cumplió mis expectativas,2024-03-07 00:04:35,2024-03-07
13000000230,674,1,10,Muy conforme con la calidad,2024-03-07 04:02:40,2024-03-07
13000000231,523,1,10,Todo perfecto,2024-03-07 10:05:51,2024-03-07
13000000232,513,1,7,"Correcto, sin sorpresas",2024-03-07 13:14:14,2024-03-07
13000000233,143,2,10,Muy conforme con la calidad,2024-03-07 13:29:23,2024-03-07
13000000234,,1,3,La tapa pierde líquido,2024-03-07 13:46:11,2024-03-07
13000000235,741,2,9,Muy buena atención en la tienda,2024-03-07 20:11:21,2024-03-07
13000000236,82,1,8,,2024-03-07 22:43:27,2024-03-07
13000000237,671,1,10,Entrega rápida y producto excelente,2024-03-08 02:36:49,2024-03-08
13000000238,889,1,9,Entrega rápida y producto excelente,2024-03-08 10:14:13,2024-03-08
13000000239,451,2,8,,2024-03-08 11:55:28,2024-03-08
13000000240,203,2,10,,2024-03-08 15:14:22,2024-03-08
13000000241,361,1,9,"Excelente botella, mantiene la temperatura",2024-03-08 16:17:44,2024-03-08
13000000242,248,1,9,,2024-03-08 16:50:25,2024-03-08
13000000243,149,1,10,,2024-03-08 18:35:32,2024-03-08
13000000244,878,1,10,Entrega rápida y producto excelente,2024-03-08 19:15:06,2024-03-08
13000000245,337,2,5,No cumplió mis expectativas,2024-03-08 21:22:12,2024-03-08
13000000246,871,1,10,,2024-03-08 23:39:04,2024-03-08
13000000247,,2,8,"Buen producto, un poco caro",2024-03-09 01:21:23,2024-03-09
13000000248,927,2,8,,2024-03-09 11:44:24,2024-03-09
13000000249,366,1,5,La tapa pierde líquido,2024-03-09 16:42:55,2024-03-09
13000000250,931,2,9,Volvería a comprar,2024-03-09 18:02:45,2024-03-09
13000000251,163,2,7,,2024-03-09 22:48:30,2024-03-09
13000000252,545,2,8,"Correcto, sin sorpresas",2024-03-10 10:35:27,2024-03-10
13000000253,883,2,10,Muy buena atención en la tienda,2024-03-10 15:05:15,2024-03-10
13000000254,379,2,4,Poco stock en la tienda,2024-03-10 21:56:33,2024-03-10
13000000255,439,2,8,Podría mejorar el empaque,2024-03-11 10:05:06,2024-03-11
13000000256,436,1,10,Entrega rápida y producto excelente,2024-03-11 10:31:51,2024-03-11
13000000257,872,1,10,,2024-03-11 11:57:35,2024-03-11
13000000258,742,1,10,Entrega rápida y producto excelente,2024-03-11 13:00:02,2024-03-11
13000000259,29,1,8,,2024-03-11 15:36:44,2024-03-11
13000000260,287,2,8,,2024-03-12 11:05:52,2024-03-12
13000000261,65,1,4,No cumplió mis expectativas,2024-03-12 12:26:13,2024-03-12
13000000262,885,1,8,"Correcto, sin sorpresas",2024-03-12 12:31:49,2024-03-12
13000000263,30,1,10,Entrega rápida y producto excelente,2024-03-12 12:44:13,2024-03-12
13000000264,915,1,10,,2024-03-12 13:46:50,2024-03-12
13000000265,433,1,10,Entrega rápida y producto excelente,2024-03-12 15:43:17,2024-03-12
13000000266,675,1,10,,2024-03-12 21:38:12,2024-03-12
13000000267,876,1,5,,2024-03-13 01:31:21,2024-03-13
13000000268,,1,7,,2024-03-13 02:08:40,2024-03-13
13000000269,501,2,9,Todo perfecto,2024-03-13 05:27:41,2024-03-13
13000000270,898,1,9,Entrega rápida y producto excelente,2024-03-13 10:11:59,2024-03-13
13000000271,900,2,9,,2024-03-13 10:16:05,2024-03-13
13000000272,544,2,9,Volvería a comprar,2024-03-13 19:24:09,2024-03-13
13000000273,416,1,7,,2024-03-14 04:26:14,2024-03-14
13000000274,893,1,9,,2024-03-14 11:03:30,2024-03-14
13000000275,953,2,7,,2024-03-14 13:42:44,2024-03-14
13000000276,922,1,10,Entrega rápida y producto excelente,2024-03-14 14:57:00,2024-03-14
13000000277,69,1,7,,2024-03-14 15:13:27,2024-03-14
13000000278,255,1,5,No cumplió mis expectativas,2024-03-14 16:12:33,2024-03-14
13000000279,114,2,5,La tapa pierde líquido,2024-03-14 20:39:07,2024-03-14
13000000280,341,1,8,,2024-03-14 21:10:47,2024-03-14
13000000281,43,1,8,,2024-03-14 21:20:24,2024-03-14
13000000282,208,1,8,Podría mejorar el empaque,2024-03-14 22:03:01,2024-03-14
13000000283,222,1,8,Podría mejorar el empaque,2024-03-15 01:16:23,2024-03-15
13000000284,913,1,9,,2024-03-15 10:03:42,2024-03-15
13000000285,291,2,8,"Buen producto, un poco caro",2024-03-15 10:48:14,2024-03-15
13000000286,421,1,10,Entrega rápida y producto excelente,2024-03-15 17:02:00,2024-03-15
13000000287,835,2,8,Podría mejorar el empaque,2024-03-15 17:39:06,2024-03-15
13000000288,553,1,10,Entrega rápida y producto excelente,2024-03-15 21:08:51,2024-03-15
13000000289,245,2,8,Me gustaría más variedad de colores,2024-03-17 12:30:42,2024-03-17
13000000290,600,2,5,No cumplió mis expectativas,2024-03-17 12:39:30,2024-03-17
13000000291,962,2,9,"Excelente botella, mantiene la temperatura",2024-03-17 22:54:12,2024-03-17
13000000292,571,2,8,Me gustaría más variedad de colores,2024-03-18 15:50:06,2024-03-18
13000000293,905,1,1,Tardó mucho más de lo esperado,2024-03-18 16:23:30,2024-03-18
13000000294,968,2,8,Podría mejorar el empaque,2024-03-19 14:37:51,2024-03-19
13000000295,327,2,9,Muy buena atención en la tienda,2024-03-19 16:07:12,2024-03-19
13000000296,697,1,6,Tardó mucho más de lo esperado,2024-03-19 18:20:13,2024-03-19
13000000297,942,1,9,,2024-03-20 13:01:19,2024-03-20
13000000298,921,2,8,,2024-03-20 14:44:52,2024-03-20
13000000299,18,1,9,"Excelente botella, mantiene la temperatura",2024-03-20 15:01:14,2024-03-20
13000000300,176,1,8,,2024-03-20 21:43:18,2024-03-20
13000000301,399,1,5,Llegó con la caja dañada,2024-03-21 01:00:54,2024-03-21
13000000302,672,1,7,Podría mejorar el empaque,2024-03-21 05:47:01,2024-03-21
13000000303,972,2,10,,2024-03-21 11:57:44,2024-03-21
13000000304,943,1,7,,2024-03-21 14:57:10,2024-03-21
13000000305,264,2,9,Muy buena atención en la tienda,2024-03-21 17:20:19,2024-03-21
13000000306,718,2,7,,2024-03-21 19:44:31,2024-03-21
13000000307,516,2,10,,2024-03-22 01:39:09,2024-03-22
13000000308,671,1,10,,2024-03-22 10:16:26,2024-03-22
13000000309,,2,6,,2024-03-22 10:40:14,2024-03-22
13000000310,605,2,8,,2024-03-22 11:16:42,2024-03-22
13000000311,116,1,10,Todo perfecto,2024-03-22 13:32:10,2024-03-22
13000000312,496,1,6,Llegó con la caja dañada,2024-03-22 15:26:52,2024-03-22
13000000313,396,1,10,Todo perfecto,2024-03-22 21:24:52,2024-03-22
13000000314,482,1,9,,2024-03-22 22:11:43,2024-03-22
13000000315,268,1,8,La entrega podría ser más rápida,2024-03-22 22:18:53,2024-03-22
13000000316,,2,8,,2024-03-23 04:10:28,2024-03-23
13000000317,373,1,7,Me gustaría más variedad de colores,2024-03-23 04:31:10,2024-03-23
13000000318,689,2,4,Tuve que devolverlo,2024-03-24 06:54:02,2024-03-24
13000000319,987,2,8,,2024-03-24 16:35:05,2024-03-24
13000000320,376,2,7,"Correcto, sin sorpresas",2024-03-24 18:17:16,2024-03-24
13000000321,955,1,8,,2024-03-25 10:29:50,2024-03-25
13000000322,,1,7,,2024-03-26 13:52:19,2024-03-26
13000000323,797,1,7,La entrega podría ser más rápida,2024-03-26 13:55:45,2024-03-26
13000000324,965,1,9,Entrega rápida y producto excelente,2024-03-26 14:45:48,2024-03-26
13000000325,118,1,9,Entrega rápida y producto excelente,2024-03-26 18:47:17,2024-03-26
13000000326,92,1,8,La entrega podría ser más rápida,2024-03-26 20:06:52,2024-03-26
13000000327,706,1,9,Entrega rápida y producto excelente,2024-03-27 01:04:13,2024-03-27
13000000328,46,1,9,Muy conforme con la calidad,2024-03-27 01:44:06,2024-03-27
13000000329,260,1,9,Entrega rápida y producto excelente,2024-03-27 11:31:39,2024-03-27
13000000330,967,1,4,Llegó con la caja dañada,2024-03-27 17:33:02,2024-03-27
13000000331,960,1,7,La entrega podría ser más rápida,2024-03-27 17:57:15,2024-03-27
13000000332,139,1,6,Llegó con la caja dañada,2024-03-28 00:53:00,2024-03-28
13000000333,270,1,8,,2024-03-28 01:39:38,2024-03-28
13000000334,964,1,7,La entrega podría ser más rápida,2024-03-28 10:29:53,2024-03-28
13000000335,423,1,7,"Correcto, sin sorpresas",2024-03-28 11:34:22,2024-03-28
13000000336,140,1,8,,2024-03-28 14:17:00,2024-03-28
13000000337,,1,6,No cumplió mis expectativas,2024-03-28 14:18:11,2024-03-28
13000000338,1004,2,10,Muy conforme con la calidad,2024-03-29 11:27:10,2024-03-29
13000000339,969,1,10,"Excelente botella, mantiene la temperatura",2024-03-29 19:02:40,2024-03-29
13000000340,,2,8,,2024-03-30 20:58:41,2024-03-30
13000000341,1010,2,9,,2024-03-30 21:20:47,2024-03-30
13000000342,510,2,5,Poco stock en la tienda,2024-03-31 04:05:25,2024-03-31
13000000343,619,2,9,Muy buena atención en la tienda,2024-03-31 14:05:08,2024-03-31
13000000344,1015,2,9,Todo perfecto,2024-03-31 14:48:26,2024-03-31
13000000345,569,1,8,"Correcto, sin sorpresas",2024-04-01 14:32:31,2024-04-01
13000000346,977,1,10,Entrega rápida y producto excelente,2024-04-02 10:05:09,2024-04-02
13000000347,299,1,8,La entrega podría ser más rápida,2024-04-02 12:15:03,2024-04-02
13000000348,983,1,6,,2024-04-02 12:31:36,2024-04-02
13000000349,976,1,6,No cumplió mis expectativas,2024-04-02 13:47:50,2024-04-02
13000000350,157,1,10,,2024-04-02 15:56:51,2024-04-02
13000000351,660,2,6,No cumplió mis expectativas,2024-04-03 11:16:57,2024-04-03
13000000352,973,1,7,"Correcto, sin sorpresas",2024-04-03 11:43:56,2024-04-03
13000000353,285,2,7,Me gustaría más variedad de colores,2024-04-03 12:22:35,2024-04-03
13000000354,567,1,8,La entrega podría ser más rápida,2024-04-03 14:25:22,2024-04-03
13000000355,759,1,10,,2024-04-03 15:41:46,2024-04-03
13000000356,469,1,7,,2024-04-03 17:27:57,2024-04-03
13000000357,7,1,7,"Buen producto, un poco caro",2024-04-04 10:37:36,2024-04-04
13000000358,579,1,2,Tuve que devolverlo,2024-04-04 13:05:24,2024-04-04
13000000359,231,1,10,Entrega rápida y producto excelente,2024-04-04 17:25:46,2024-04-04
13000000360,693,2,6,Tuve que esperar mucho en la caja,2024-04-04 17:28:49,2024-04-04
13000000361,166,1,8,,2024-04-04 20:35:58,2024-04-04
13000000362,196,2,8,,2024-04-05 14:31:00,2024-04-05
13000000363,227,1,10,,2024-04-06 06:22:24,2024-04-06
13000000364,132,2,8,"Correcto, sin sorpresas",2024-04-06 10:26:43,2024-04-06
13000000365,345,2,9,,2024-04-07 12:29:10,2024-04-07
13000000366,1036,2,9,Muy conforme con la calidad,2024-04-07 13:02:34,2024-04-07
13000000367,320,2,10,Muy buena atención en la tienda,2024-04-07 14:07:10,2024-04-07
13000000368,566,1,9,,2024-04-08 17:12:59,2024-04-08
13000000369,135,1,7,La entrega podría ser más rápida,2024-04-08 18:35:46,2024-04-08
13000000370,3,1,7,"Correcto, sin sorpresas",2024-04-08 21:13:06,2024-04-08
13000000371,49,1,8,,2024-04-09 06:23:19,2024-04-09
13000000372,747,1,10,Entrega rápida y producto excelente,2024-04-09 06:31:23,2024-04-09
13000000373,388,2,7,,2024-04-09 11:48:59,2024-04-09
13000000374,296,1,6,Llegó con la caja dañada,2024-04-09 12:35:55,2024-04-09
13000000375,1008,1,8,,2024-04-09 12:50:25,2024-04-09
13000000376,1041,2,9,,2024-04-09 13:32:16,2024-04-09
13000000377,,2,10,,2024-04-09 14:38:32,2024-04-09
13000000378,338,1,9,,2024-04-09 18:38:44,2024-04-09
13000000379,912,1,8,La entrega podría ser más rápida,2024-04-09 22:29:24,2024-04-09
13000000380,716,1,10,Entrega rápida y producto excelente,2024-04-10 11:38:39,2024-04-10
13000000381,1016,1,8,La entrega podría ser más rápida,2024-04-10 12:08:35,2024-04-10
13000000382,996,1,8,"Correcto, sin sorpresas",2024-04-10 12:16:38,2024-04-10
13000000383,226,1,9,,2024-04-10 12:44:26,2024-04-10
13000000384,706,1,10,Entrega rápida y producto excelente,2024-04-10 12:48:03,2024-04-10
13000000385,987,2,10,,2024-04-10 12:59:52,2024-04-10
13000000386,797,1,9,Muy conforme con la calidad,2024-04-10 13:23:55,2024-04-10
13000000387,177,2,8,"Correcto, sin sorpresas",2024-04-10 16:14:31,2024-04-10
13000000388,1018,1,10,Muy conforme con la calidad,2024-04-11 06:48:09,2024-04-11
13000000389,778,2,9,Muy buena atención en la tienda,2024-04-11 14:01:32,2024-04-11
13000000390,686,2,10,Muy buena atención en la tienda,2024-04-11 15:05:38,2024-04-11
13000000391,1052,2,5,Tuve que esperar mucho en la caja,2024-04-11 17:46:10,2024-04-11
13000000392,1,1,6,,2024-04-11 20:48:09,2024-04-11
13000000393,1027,1,10,Volvería a comprar,2024-04-11 21:32:28,2024-04-11
13000000394,845,1,8,La entrega podría ser más rápida,2024-04-11 22:34:45,2024-04-11
13000000395,399,1,5,La tapa pierde líquido,2024-04-12 11:34:36,2024-04-12
13000000396,682,2,7,"Buen producto, un poco caro",2024-04-12 14:37:10,2024-04-12
13000000397,717,1,8,,2024-04-12 14:37:17,2024-04-12
13000000398,1023,1,10,,2024-04-12 15:23:07,2024-04-12
13000000399,783,1,8,,2024-04-12 16:21:34,2024-04-12
13000000400,509,1,8,,2024-04-12 18:47:41,2024-04-12
13000000401,493,2,7,Me gustaría más variedad de colores,2024-04-13 14:04:48,2024-04-13
13000000402,,2,8,"Buen producto, un poco caro",2024-04-14 14:53:01,2024-04-14
13000000403,1064,2,8,"Buen producto, un poco caro",2024-04-14 23:43:31,2024-04-14
13000000404,707,2,7,"Buen producto, un poco caro",2024-04-15 04:53:16,2024-04-15
13000000405,923,1,7,La entrega podría ser más rápida,2024-04-15 11:26:22,2024-04-15
13000000406,739,1,8,,2024-04-15 13:16:43,2024-04-15
13000000407,121,2,10,"Excelente botella, mantiene la temperatura",2024-04-15 13:56:15,2024-04-15
13000000408,484,1,6,Llegó con la caja dañada,2024-04-16 07:39:29,2024-04-16
13000000409,862,2,3,,2024-04-16 11:29:07,2024-04-16
13000000410,38,2,8,Podría mejorar el empaque,2024-04-16 11:31:37,2024-04-16
13000000411,441,2,9,Todo perfecto,2024-04-16 12:56:33,2024-04-16
13000000412,816,1,6,No cumplió mis expectativas,2024-04-16 17:39:12,2024-04-16
13000000413,270,1,9,,2024-04-16 23:38:10,2024-04-16
13000000414,84,1,4,Llegó con la caja dañada,2024-04-17 05:53:05,2024-04-17
13000000415,980,1,7,Podría mejorar el empaque,2024-04-17 10:24:46,2024-04-17
13000000416,245,2,7,,2024-04-17 16:53:21,2024-04-17
13000000417,411,1,9,Entrega rápida y producto excelente,2024-04-17 17:47:53,2024-04-17
13000000418,1030,1,8,Me gustaría más variedad de colores,2024-04-17 19:15:15,2024-04-17
13000000419,249,1,9,,2024-04-18 02:53:35,2024-04-18
13000000420,460,1,6,,2024-04-18 09:37:07,2024-04-18
13000000421,27,1,7,La entrega podría ser más rápida,2024-04-18 10:49:12,2024-04-18
13000000422,1039,1,10,Entrega rápida y producto excelente,2024-04-18 10:50:29,2024-04-18
13000000423,373,1,8,,2024-04-18 11:18:28,2024-04-18
13000000424,909,1,10,Muy conforme con la calidad,2024-04-18 11:19:58,2024-04-18
13000000425,924,2,10,,2024-04-18 11:25:33,2024-04-18
13000000426,711,1,8,,2024-04-18 11:44:24,2024-04-18
13000000427,871,1,8,,2024-04-18 12:25:13,2024-04-18
13000000428,10,1,10,Entrega rápida y producto excelente,2024-04-18 12:32:17,2024-04-18
13000000429,888,1,7,Me gustaría más variedad de colores,2024-04-18 12:49:04,2024-04-18
13000000430,85,1,10,Todo perfecto,2024-04-18 12:58:11,2024-04-18
13000000431,295,2,7,La entrega podría ser más rápida,2024-04-18 18:24:10,2024-04-18
13000000432,205,2,8,,2024-04-19 04:35:42,2024-04-19
13000000433,1045,1,8,Podría mejorar el empaque,2024-04-19 07:10:48,2024-04-19
13000000434,279,1,7,,2024-04-19 12:02:26,2024-04-19
13000000435,800,1,6,Tardó mucho más de lo esperado,2024-04-19 21:27:32,2024-04-19
13000000436,907,1,8,Me gustaría más variedad de colores,2024-04-20 01:12:05,2024-04-20
13000000437,516,2,10,Muy buena atención en la tienda,2024-04-20 12:12:41,2024-04-20
13000000438,871,2,7,,2024-04-20 12:56:16,2024-04-20
13000000439,162,2,7,"Correcto, sin sorpresas",2024-04-20 17:24:54,2024-04-20
13000000440,12,1,8,La entrega podría ser más rápida,2024-04-21 06:44:49,2024-04-21
13000000441,895,2,10,Todo perfecto,2024-04-21 10:11:36,2024-04-21
13000000442,641,2,9,,2024-04-21 18:34:31,2024-04-21
13000000443,874,1,7,,2024-04-22 10:05:33,2024-04-22
13000000444,636,1,9,"Excelente botella, mantiene la temperatura",2024-04-22 13:35:30,2024-04-22
13000000445,982,1,10,,2024-04-22 14:07:07,2024-04-22
13000000446,681,1,8,,2024-04-22 14:14:28,2024-04-22
13000000447,823,1,10,,2024-04-22 16:50:01,2024-04-22
13000000448,515,1,8,"Buen producto, un poco caro",2024-04-23 13:45:26,2024-04-23
13000000449,635,1,9,Entrega rápida y producto excelente,2024-04-23 15:13:19,2024-04-23
13000000450,861,1,7,La entrega podría ser más rápida,2024-04-23 15:56:41,2024-04-23
13000000451,454,2,8,,2024-04-23 16:07:48,2024-04-23
13000000452,261,2,9,Muy conforme con la calidad,2024-04-23 18:04:41,2024-04-23
13000000453,700,1,9,,2024-04-23 22:25:16,2024-04-23
13000000454,771,2,10,,2024-04-24 04:53:32,2024-04-24
13000000455,375,1,5,Tuve que devolverlo,2024-04-24 15:38:29,2024-04-24
13000000456,1089,2,9,,2024-04-25 02:43:00,2024-04-25
13000000457,313,1,5,No cumplió mis expectativas,2024-04-25 07:56:09,2024-04-25
13000000458,277,1,6,Llegó con la caja dañada,2024-04-25 10:08:29,2024-04-25
13000000459,1060,1,10,Entrega rápida y producto excelente,2024-04-26 11:58:03,2024-04-26
13000000460,306,2,5,Poco stock en la tienda,2024-04-26 14:28:13,2024-04-26
13000000461,826,1,10,Entrega rápida y producto excelente,2024-04-26 20:49:53,2024-04-26
13000000462,1103,2,8,"Buen producto, un poco caro",2024-04-27 07:12:23,2024-04-27
13000000463,495,2,10,Volvería a comprar,2024-04-27 13:48:19,2024-04-27
13000000464,199,2,10,Muy conforme con la calidad,2024-04-27 14:01:53,2024-04-27
13000000465,1014,2,8,"Correcto, sin sorpresas",2024-04-27 18:07:09,2024-04-27
13000000466,930,1,6,Llegó con la caja dañada,2024-04-29 12:43:34,2024-04-29
13000000467,951,1,6,Llegó con la caja dañada,2024-04-30 10:50:43,2024-04-30
13000000468,1052,2,9,Muy conforme con la calidad,2024-04-30 13:37:45,2024-04-30
13000000469,1122,2,9,,2024-05-01 12:54:55,2024-05-01
13000000470,327,2,9,Muy buena atención en la tienda,2024-05-01 15:09:45,2024-05-01
13000000471,411,1,10,Entrega rápida y producto excelente,2024-05-01 22:24:19,2024-05-01
13000000472,883,2,9,,2024-05-02 01:47:16,2024-05-02
13000000473,916,1,8,,2024-05-02 03:31:54,2024-05-02
13000000474,1096,1,8,,2024-05-02 11:03:13,2024-05-02
13000000475,688,1,7,"Correcto, sin sorpresas",2024-05-02 12:09:05,2024-05-02
13000000476,1087,1,6,Llegó con la caja dañada,2024-05-02 22:48:09,2024-05-02
13000000477,83,1,7,,2024-05-03 00:27:20,2024-05-03
13000000478,615,1,7,"Buen producto, un poco caro",2024-05-03 00:43:38,2024-05-03
13000000479,1090,1,10,Todo perfecto,2024-05-03 08:30:05,2024-05-03
13000000480,63,1,10,Todo perfecto,2024-05-03 12:05:34,2024-05-03
13000000481,351,1,8,,2024-05-03 15:12:34,2024-05-03
13000000482,289,1,8,La entrega podría ser más rápida,2024-05-03 23:20:53,2024-05-03
13000000483,655,2,6,Tuve que esperar mucho en la caja,2024-05-04 12:53:17,2024-05-04
13000000484,304,2,6,,2024-05-05 13:32:41,2024-05-05
13000000485,1131,2,10,Todo perfecto,2024-05-05 21:53:12,2024-05-05
13000000486,907,2,8,Podría mejorar el empaque,2024-05-06 09:45:50,2024-05-06
13000000487,944,1,8,,2024-05-07 10:11:39,2024-05-07
13000000488,1102,1,7,,2024-05-07 11:04:26,2024-05-07
13000000489,622,1,4,,2024-05-07 13:51:37,2024-05-07
13000000490,756,1,9,Volvería a comprar,2024-05-07 16:24:01,2024-05-07
13000000491,846,1,10,Entrega rápida y producto excelente,2024-05-07 16:24:32,2024-05-07
13000000492,546,1,3,No cumplió mis expectativas,2024-05-07 16:50:35,2024-05-07
13000000493,110,1,9,Entrega rápida y producto excelente,2024-05-07 20:20:00,2024-05-07
13000000494,1099,1,8,,2024-05-07 21:53:36,2024-05-07
13000000495,6,1,7,Podría mejorar el empaque,2024-05-08 01:21:21,2024-05-08
13000000496,198,2,7,,2024-05-08 13:13:12,2024-05-08
13000000497,602,2,10,,2024-05-08 20:01:35,2024-05-08
13000000498,1144,2,4,La tapa pierde líquido,2024-05-09 11:21:08,2024-05-09
13000000499,1117,1,9,Todo perfecto,2024-05-09 16:34:35,2024-05-09
13000000500,1114,1,8,,2024-05-09 20:22:25,2024-05-09
13000000501,996,1,9,Todo perfecto,2024-05-09 20:30:27,2024-05-09
13000000502,410,1,7,,2024-05-10 06:22:09,2024-05-10
13000000503,,1,10,,2024-05-10 07:39:13,2024-05-10
13000000504,,1,4,Llegó con la caja dañada,2024-05-11 07:09:07,2024-05-11
13000000505,1151,2,10,Muy buena atención en la tienda,2024-05-11 10:09:31,2024-05-11
13000000506,1059,2,7,,2024-05-11 12:14:16,2024-05-11
13000000507,646,2,10,Muy buena atención en la tienda,2024-05-11 12:27:51,2024-05-11
13000000508,493,2,8,"Correcto, sin sorpresas",2024-05-11 13:22:05,2024-05-11
13000000509,877,2,10,Muy buena atención en la tienda,2024-05-12 06:06:29,2024-05-12
13000000510,1156,2,8,Podría mejorar el empaque,2024-05-12 10:09:40,2024-05-12
13000000511,585,2,10,Muy buena atención en la tienda,2024-05-13 02:38:05,2024-05-13
13000000512,706,1,10,Todo perfecto,2024-05-13 13:43:06,2024-05-13
13000000513,284,1,5,No cumplió mis expectativas,2024-05-13 13:53:28,2024-05-13
13000000514,702,1,3,El envío demoró y nadie me avisó,2024-05-13 14:17:12,2024-05-13
13000000515,369,1,8,,2024-05-13 14:41:14,2024-05-13
13000000516,626,1,9,,2024-05-13 15:25:35,2024-05-13
13000000517,135,2,10,,2024-05-13 17:29:36,2024-05-13
13000000518,237,1,7,,2024-05-13 18:42:25,2024-05-13
13000000519,1021,1,9,Entrega rápida y producto excelente,2024-05-13 18:48:54,2024-05-13
13000000520,464,1,10,,2024-05-13 20:09:35,2024-05-13
13000000521,1165,2,10,,2024-05-14 15:47:41,2024-05-14
13000000522,,1,6,Llegó con la caja dañada,2024-05-15 00:45:22,2024-05-15
13000000523,630,1,7,"Buen producto, un poco caro",2024-05-15 02:59:09,2024-05-15
13000000524,420,1,7,,2024-05-15 04:29:48,2024-05-15
13000000525,,1,7,,2024-05-15 14:16:15,2024-05-15
13000000526,1135,1,10,,2024-05-15 15:01:28,2024-05-15
13000000527,1176,2,8,Podría mejorar el empaque,2024-05-15 22:16:25,2024-05-15
13000000528,1041,2,10,"Excelente botella, mantiene la temperatura",2024-05-15 23:13:06,2024-05-15
13000000529,384,1,6,Tardó mucho más de lo esperado,2024-05-15 23:15:02,2024-05-15
13000000530,783,1,8,,2024-05-15 23:19:14,2024-05-15
13000000531,956,1,10,Todo perfecto,2024-05-16 05:18:35,2024-05-16
13000000532,148,2,10,Muy buena atención en la tienda,2024-05-16 14:58:03,2024-05-16
13000000533,11,1,8,,2024-05-16 19:01:28,2024-05-16
13000000534,887,2,10,Muy buena atención en la tienda,2024-05-16 20:52:47,2024-05-16
13000000535,1192,2,10,"Excelente botella, mantiene la temperatura",2024-05-17 10:07:15,2024-05-17
13000000536,1084,1,7,"Buen producto, un poco caro",2024-05-17 12:47:35,2024-05-17
13000000537,999,1,8,La entrega podría ser más rápida,2024-05-17 16:14:04,2024-05-17
13000000538,799,2,10,,2024-05-18 10:30:30,2024-05-18
13000000539,1195,2,10,,2024-05-19 01:19:49,2024-05-19
13000000540,916,1,10,"Excelente botella, mantiene la temperatura",2024-05-19 12:08:21,2024-05-19
13000000541,925,2,10,Muy conforme con la calidad,2024-05-19 15:49:04,2024-05-19
13000000542,1083,2,8,,2024-05-21 10:42:00,2024-05-21
13000000543,518,1,8,"Buen producto, un poco caro",2024-05-21 11:07:19,2024-05-21
13000000544,,2,8,"Correcto, sin sorpresas",2024-05-21 15:50:30,2024-05-21
13000000545,1149,1,9,"Excelente botella, mantiene la temperatura",2024-05-22 11:31:01,2024-05-22
13000000546,215,1,9,Entrega rápida y producto excelente,2024-05-23 10:39:04,2024-05-23
13000000547,,1,10,Entrega rápida y producto excelente,2024-05-23 11:23:58,2024-05-23
13000000548,111,2,8,,2024-05-23 12:43:10,2024-05-23
13000000549,491,2,8,Me gustaría más variedad de colores,2024-05-23 13:17:23,2024-05-23
13000000550,451,2,9,,2024-05-23 15:16:24,2024-05-23
13000000551,1078,1,8,La entrega podría ser más rápida,2024-05-23 18:07:17,2024-05-23
13000000552,1162,1,8,"Buen producto, un poco caro",2024-05-23 20:06:03,2024-05-23
13000000553,591,2,10,Volvería a comprar,2024-05-23 21:37:43,2024-05-23
13000000554,679,2,7,Podría mejorar el empaque,2024-05-24 10:24:59,2024-05-24
13000000555,1161,1,10,"Excelente botella, mantiene la temperatura",2024-05-24 14:03:05,2024-05-24
13000000556,915,1,7,,2024-05-24 15:56:51,2024-05-24
13000000557,770,1,9,,2024-05-24 16:35:12,2024-05-24
13000000558,539,2,6,Tuve que esperar mucho en la caja,2024-05-24 17:38:27,2024-05-24
13000000559,515,2,10,Muy buena atención en la tienda,2024-05-25 05:46:24,2024-05-25
13000000560,396,1,10,,2024-05-25 08:28:42,2024-05-25
13000000561,292,2,10,Muy buena atención en la tienda,2024-05-25 16:00:01,2024-05-25
13000000562,1221,2,8,,2024-05-25 21:40:05,2024-05-25
13000000563,1226,2,6,Poco stock en la tienda,2024-05-26 10:33:59,2024-05-26
13000000564,1163,1,8,"Correcto, sin sorpresas",2024-05-27 10:29:30,2024-05-27
13000000565,509,1,7,,2024-05-27 11:37:11,2024-05-27
13000000566,454,2,10,,2024-05-28 10:39:35,2024-05-28
13000000567,1171,1,10,Entrega rápida y producto excelente,2024-05-28 11:00:09,2024-05-28
13000000568,447,1,10,Entrega rápida y producto excelente,2024-05-28 11:13:24,2024-05-28
13000000569,837,1,10,Todo perfecto,2024-05-28 12:49:48,2024-05-28
13000000570,27,1,8,La entrega podría ser más rápida,2024-05-28 13:12:10,2024-05-28
13000000571,560,2,10,Muy conforme con la calidad,2024-05-28 13:20:23,2024-05-28
13000000572,72,1,7,La entrega podría ser más rápida,2024-05-28 14:30:57,2024-05-28
13000000573,698,2,10,Muy buena atención en la tienda,2024-05-28 14:39:31,2024-05-28
13000000574,1191,1,9,,2024-05-28 14:44:24,2024-05-28
13000000575,644,1,9,Entrega rápida y producto excelente,2024-05-28 15:31:57,2024-05-28
13000000576,34,1,9,,2024-05-28 17:28:34,2024-05-28
13000000577,840,1,9,Entrega rápida y producto excelente,2024-05-28 18:17:37,2024-05-28
13000000578,154,1,4,Tardó mucho más de lo esperado,2024-05-28 20:49:57,2024-05-28
13000000579,47,1,9,,2024-05-29 10:11:59,2024-05-29
13000000580,675,1,10,,2024-05-29 10:33:28,2024-05-29
13000000581,125,1,6,,2024-05-29 12:41:05,2024-05-29
13000000582,425,1,5,No cumplió mis expectativas,2024-05-29 14:02:17,2024-05-29
13000000583,486,1,8,La entrega podría ser más rápida,2024-05-29 14:31:17,2024-05-29
13000000584,136,2,10,,2024-05-29 15:04:55,2024-05-29
13000000585,1147,2,7,,2024-05-29 20:48:58,2024-05-29
13000000586,,1,10,Entrega rápida y producto excelente,2024-05-29 20:54:46,2024-05-29
13000000587,106,1,8,,2024-05-30 01:32:21,2024-05-30
13000000588,923,1,5,,2024-05-30 02:09:01,2024-05-30
13000000589,1061,2,6,Tuve que esperar mucho en la caja,2024-05-30 10:02:40,2024-05-30
13000000590,1169,1,5,Tardó mucho más de lo esperado,2024-05-30 10:38:28,2024-05-30
13000000591,388,2,7,"Buen producto, un poco caro",2024-05-30 11:08:05,2024-05-30
13000000592,1051,2,10,Volvería a comprar,2024-05-30 13:20:20,2024-05-30
13000000593,427,1,10,Entrega rápida y producto excelente,2024-05-30 13:24:36,2024-05-30
13000000594,841,2,6,,2024-05-30 14:53:28,2024-05-30
13000000595,894,1,9,,2024-05-30 17:17:59,2024-05-30
13000000596,,1,7,La entrega podría ser más rápida,2024-05-30 19:00:54,2024-05-30
13000000597,470,1,8,La entrega podría ser más rápida,2024-05-30 19:15:30,2024-05-30
13000000598,1168,1,8,La entrega podría ser más rápida,2024-05-30 23:47:27,2024-05-30
13000000599,93,2,8,"Correcto, sin sorpresas",2024-05-31 00:43:42,2024-05-31
13000000600,344,1,7,,2024-05-31 11:49:44,2024-05-31
13000000601,848,2,8,,2024-05-31 13:36:50,2024-05-31
13000000602,64,1,8,La entrega podría ser más rápida,2024-05-31 18:31:57,2024-05-31
13000000603,127,2,8,,2024-06-01 12:16:43,2024-06-01
13000000604,1034,2,7,"Correcto, sin sorpresas",2024-06-01 17:06:22,2024-06-01
13000000605,1250,2,10,Muy buena atención en la tienda,2024-06-01 17:22:08,2024-06-01
13000000606,213,2,10,,2024-06-02 13:42:21,2024-06-02
13000000607,882,2,9,Muy buena atención en la tienda,2024-06-02 18:22:02,2024-06-02
13000000608,718,1,7,,2024-06-03 15:31:06,2024-06-03
13000000609,,1,7,,2024-06-03 15:56:28,2024-06-03
13000000610,1052,2,10,Muy buena atención en la tienda,2024-06-03 16:03:17,2024-06-03
13000000611,166,1,10,"Excelente botella, mantiene la temperatura",2024-06-03 23:25:07,2024-06-03
13000000612,484,1,10,Entrega rápida y producto excelente,2024-06-04 10:23:34,2024-06-04
13000000613,469,1,4,Llegó con la caja dañada,2024-06-04 10:32:44,2024-06-04
13000000614,801,2,10,Muy buena atención en la tienda,2024-06-04 16:21:59,2024-06-04
13000000615,1261,2,10,Volvería a comprar,2024-06-05 00:27:39,2024-06-05
13000000616,490,1,6,Llegó con la caja dañada,2024-06-05 06:08:27,2024-06-05
13000000617,69,1,5,,2024-06-05 10:06:50,2024-06-05
13000000618,757,2,10,Todo perfecto,2024-06-05 22:12:00,2024-06-05
13000000619,1211,1,7,,2024-06-06 02:37:10,2024-06-06
13000000620,587,2,9,,2024-06-06 05:40:48,2024-06-06
13000000621,,1,10,Entrega rápida y producto excelente,2024-06-06 08:57:48,2024-06-06
13000000622,1228,1,10,Todo perfecto,2024-06-06 10:20:29,2024-06-06
13000000623,651,1,10,,2024-06-06 10:52:14,2024-06-06
13000000624,1038,1,8,,2024-06-06 11:37:21,2024-06-06
13000000625,288,1,8,La entrega podría ser más rápida,2024-06-06 13:35:44,2024-06-06
13000000626,160,2,4,,2024-06-06 15:14:49,2024-06-06
13000000627,1165,1,6,Llegó con la caja dañada,2024-06-06 15:16:52,2024-06-06
13000000628,404,1,9,Volvería a comprar,2024-06-06 17:34:08,2024-06-06
13000000629,150,1,9,Todo perfecto,2024-06-06 18:49:27,2024-06-06
13000000630,812,1,5,No cumplió mis expectativas,2024-06-06 23:24:29,2024-06-06
13000000631,1218,1,6,,2024-06-07 00:45:02,2024-06-07
13000000632,987,2,10,,2024-06-07 15:38:44,2024-06-07
13000000633,,2,8,Podría mejorar el empaque,2024-06-07 15:54:41,2024-06-07
13000000634,708,1,8,,2024-06-07 23:54:37,2024-06-07
13000000635,871,2,6,No cumplió mis expectativas,2024-06-08 01:35:22,2024-06-08
13000000636,952,1,5,Llegó con la caja dañada,2024-06-08 07:02:08,2024-06-08
13000000637,1282,2,8,,2024-06-08 13:14:23,2024-06-08
13000000638,925,2,7,,2024-06-09 10:38:25,2024-06-09
13000000639,,2,10,,2024-06-09 15:45:37,2024-06-09
13000000640,805,2,8,,2024-06-10 00:57:19,2024-06-10
13000000641,1151,2,8,"Correcto, sin sorpresas",2024-06-11 10:02:10,2024-06-11
13000000642,155,1,9,"Excelente botella, mantiene la temperatura",2024-06-11 13:25:26,2024-06-11
13000000643,1175,1,10,,2024-06-12 00:10:22,2024-06-12
13000000644,1252,1,9,Entrega rápida y producto excelente,2024-06-12 10:38:55,2024-06-12
13000000645,87,2,8,Podría mejorar el empaque,2024-06-12 11:22:53,2024-06-12
13000000646,656,2,7,Me gustaría más variedad de colores,2024-06-12 15:12:17,2024-06-12
13000000647,466,1,10,Todo perfecto,2024-06-12 15:25:38,2024-06-12
13000000648,628,2,8,,2024-06-12 17:39:58,2024-06-12
13000000649,1307,2,8,"Buen producto, un poco caro",2024-06-12 20:42:18,2024-06-12
13000000650,1259,1,10,"Excelente botella, mantiene la temperatura",2024-06-13 01:07:18,2024-06-13
13000000651,861,1,10,Entrega rápida y producto excelente,2024-06-13 01:37:25,2024-06-13
13000000652,430,2,8,Podría mejorar el empaque,2024-06-13 03:10:44,2024-06-13
13000000653,480,1,10,"Excelente botella, mantiene la temperatura",2024-06-13 05:25:44,2024-06-13
13000000654,1002,1,7,,2024-06-13 07:13:08,2024-06-13
13000000655,981,2,7,,2024-06-13 10:08:42,2024-06-13
13000000656,1248,1,5,,2024-06-13 18:06:54,2024-06-13
13000000657,1310,2,6,,2024-06-13 20:15:22,2024-06-13
13000000658,435,2,7,Me gustaría más variedad de colores,2024-06-14 10:19:08,2024-06-14
13000000659,847,1,8,"Buen producto, un poco caro",2024-06-14 11:41:15,2024-06-14
13000000660,510,2,10,,2024-06-14 15:17:37,2024-06-14
13000000661,586,2,10,Muy buena atención en la tienda,2024-06-14 16:02:45,2024-06-14
13000000662,1321,2,6,No cumplió mis expectativas,2024-06-14 22:03:00,2024-06-14
13000000663,1322,2,8,Me gustaría más variedad de colores,2024-06-15 01:07:47,2024-06-15
13000000664,754,2,9,,2024-06-15 12:00:52,2024-06-15
13000000665,1326,2,9,"Excelente botella, mantiene la temperatura",2024-06-15 15:01:14,2024-06-15
13000000666,442,2,9,,2024-06-15 16:27:10,2024-06-15
13000000667,1324,2,6,La tapa pierde líquido,2024-06-15 16:28:19,2024-06-15
13000000668,580,2,9,Muy conforme con la calidad,2024-06-15 17:26:04,2024-06-15
13000000669,,2,10,Muy buena atención en la tienda,2024-06-15 17:33:52,2024-06-15
13000000670,594,2,10,,2024-06-15 20:20:42,2024-06-15
13000000671,194,2,10,"Excelente botella, mantiene la temperatura",2024-06-16 03:39:28,2024-06-16
13000000672,1254,1,10,"Excelente botella, mantiene la temperatura",2024-06-16 14:07:50,2024-06-16
13000000673,250,2,8,"Buen producto, un poco caro",2024-06-16 15:55:40,2024-06-16
13000000674,230,2,9,,2024-06-16 23:21:18,2024-06-16
13000000675,1332,2,8,"Correcto, sin sorpresas",2024-06-17 02:00:09,2024-06-17
13000000676,1093,1,6,Tardó mucho más de lo esperado,2024-06-17 10:01:29,2024-06-17
13000000677,1267,1,7,,2024-06-17 10:44:47,2024-06-17
13000000678,1274,1,7,,2024-06-17 15:59:56,2024-06-17
13000000679,1286,1,10,Muy conforme con la calidad,2024-06-18 10:17:09,2024-06-18
13000000680,567,1,9,,2024-06-18 13:51:52,2024-06-18
13000000681,956,1,8,,2024-06-18 15:25:24,2024-06-18
13000000682,1270,1,8,La entrega podría ser más rápida,2024-06-18 20:14:50,2024-06-18
13000000683,693,2,10,"Excelente botella, mantiene la temperatura",2024-06-18 21:12:35,2024-06-18
13000000684,42,1,7,,2024-06-19 10:41:34,2024-06-19
13000000685,1287,1,10,Entrega rápida y producto excelente,2024-06-19 11:03:06,2024-06-19
13000000686,783,1,10,Entrega rápida y producto excelente,2024-06-19 12:16:45,2024-06-19
13000000687,473,1,8,"Buen producto, un poco caro",2024-06-19 12:43:58,2024-06-19
13000000688,1275,1,7,La entrega podría ser más rápida,2024-06-19 13:20:07,2024-06-19
13000000689,1293,1,10,Volvería a comprar,2024-06-19 14:18:09,2024-06-19
13000000690,995,1,8,,2024-06-19 20:11:34,2024-06-19
13000000691,1278,1,7,"Correcto, sin sorpresas",2024-06-20 04:19:38,2024-06-20
13000000692,366,1,9,Todo perfecto,2024-06-20 13:58:36,2024-06-20
13000000693,733,1,7,La entrega podría ser más rápida,2024-06-20 16:29:58,2024-06-20
13000000694,163,2,7,,2024-06-20 18:00:41,2024-06-20
13000000695,106,1,10,Todo perfecto,2024-06-20 19:04:14,2024-06-20
13000000696,827,1,6,Llegó con la caja dañada,2024-06-20 21:03:46,2024-06-20
13000000697,313,1,1,,2024-06-21 00:26:27,2024-06-21
13000000698,333,1,10,,2024-06-21 04:07:33,2024-06-21
13000000699,507,1,8,,2024-06-21 11:26:28,2024-06-21
13000000700,722,2,6,Tuve que esperar mucho en la caja,2024-06-21 12:00:46,2024-06-21
13000000701,697,1,9,,2024-06-21 12:10:39,2024-06-21
13000000702,324,1,8,La entrega podría ser más rápida,2024-06-21 12:19:37,2024-06-21
13000000703,468,1,7,,2024-06-21 15:29:56,2024-06-21
13000000704,1144,1,7,,2024-06-21 20:42:20,2024-06-21
13000000705,1194,1,9,,2024-06-21 22:53:59,2024-06-21
13000000706,639,1,7,Podría mejorar el empaque,2024-06-22 03:14:04,2024-06-22
13000000707,,2,9,Muy buena atención en la tienda,2024-06-22 10:39:27,2024-06-22
13000000708,1121,2,9,Todo perfecto,2024-06-22 12:50:42,2024-06-22
13000000709,1064,2,10,Muy buena atención en la tienda,2024-06-22 19:26:49,2024-06-22
13000000710,1283,2,7,"Correcto, sin sorpresas",2024-06-23 22:57:14,2024-06-23
13000000711,886,1,7,La entrega podría ser más rápida,2024-06-24 10:38:15,2024-06-24
13000000712,997,1,10,,2024-06-24 11:19:45,2024-06-24
13000000713,832,1,8,"Correcto, sin sorpresas",2024-06-24 14:06:31,2024-06-24
13000000714,1305,1,7,,2024-06-24 15:01:23,2024-06-24
13000000715,420,1,9,"Excelente botella, mantiene la temperatura",2024-06-24 20:05:41,2024-06-24
13000000716,336,1,8,,2024-06-24 20:48:29,2024-06-24
13000000717,1323,1,9,Entrega rápida y producto excelente,2024-06-25 13:08:39,2024-06-25
13000000718,479,1,8,,2024-06-25 13:18:27,2024-06-25
13000000719,1337,1,10,Entrega rápida y producto excelente,2024-06-25 16:54:05,2024-06-25
13000000720,1314,1,9,Entrega rápida y producto excelente,2024-06-25 17:22:21,2024-06-25
13000000721,1058,1,7,La entrega podría ser más rápida,2024-06-25 17:58:28,2024-06-25
13000000722,1221,2,9,"Excelente botella, mantiene la temperatura",2024-06-25 19:09:12,2024-06-25
13000000723,1296,2,8,,2024-06-25 23:08:10,2024-06-25
13000000724,505,1,6,No cumplió mis expectativas,2024-06-26 10:14:40,2024-06-26
13000000725,157,1,10,Volvería a comprar,2024-06-26 12:01:35,2024-06-26
13000000726,851,1,9,Entrega rápida y producto excelente,2024-06-26 15:51:09,2024-06-26
13000000727,268,1,6,Llegó con la caja dañada,2024-06-26 17:57:54,2024-06-26
13000000728,104,1,10,Muy conforme con la calidad,2024-06-26 20:08:05,2024-06-26
13000000729,143,1,10,Entrega rápida y producto excelente,2024-06-27 11:26:01,2024-06-27
13000000730,284,1,8,,2024-06-27 12:24:41,2024-06-27
13000000731,1313,1,9,,2024-06-27 12:31:49,2024-06-27
13000000732,71,2,8,,2024-06-27 14:44:20,2024-06-27
13000000733,254,1,8,,2024-06-27 15:34:27,2024-06-27
13000000734,1348,1,8,,2024-06-27 15:57:28,2024-06-27
13000000735,235,2,10,Todo perfecto,2024-06-27 17:51:47,2024-06-27
13000000736,745,2,10,Muy buena atención en la tienda,2024-06-27 20:10:45,2024-06-27
13000000737,826,1,10,Entrega rápida y producto excelente,2024-06-27 22:03:31,2024-06-27
13000000738,122,1,10,Volvería a comprar,2024-06-27 23:33:38,2024-06-27
13000000739,1163,1,8,"Correcto, sin sorpresas",2024-06-28 12:00:43,2024-06-28
13000000740,1358,1,7,"Correcto, sin sorpresas",2024-06-28 12:46:23,2024-06-28
13000000741,242,2,8,,2024-06-28 13:05:46,2024-06-28
13000000742,1346,1,10,,2024-06-28 14:45:38,2024-06-28
13000000743,447,1,8,La entrega podría ser más rápida,2024-06-28 15:49:56,2024-06-28
13000000744,45,1,10,Entrega rápida y producto excelente,2024-06-28 21:54:22,2024-06-28
13000000745,299,1,7,La entrega podría ser más rápida,2024-06-29 01:00:30,2024-06-29
13000000746,1350,1,8,La entrega podría ser más rápida,2024-06-29 02:13:46,2024-06-29
13000000747,432,2,9,Muy buena atención en la tienda,2024-06-29 03:37:29,2024-06-29
13000000748,753,2,8,,2024-06-29 19:26:18,2024-06-29
13000000749,1290,2,7,,2024-06-30 00:17:41,2024-06-30
13000000750,141,2,7,Me gustaría más variedad de colores,2024-06-30 11:15:30,2024-06-30
13000000751,424,2,9,Muy buena atención en la tienda,2024-06-30 23:03:33,2024-06-30
13000000752,628,2,8,"Buen producto, un poco caro",2024-07-01 12:53:35,2024-07-01
13000000753,44,1,7,"Correcto, sin sorpresas",2024-07-01 13:19:16,2024-07-01
13000000754,269,1,10,Entrega rápida y producto excelente,2024-07-03 14:11:46,2024-07-03
13000000755,1369,1,7,,2024-07-03 17:51:40,2024-07-03
13000000756,38,2,9,,2024-07-03 22:44:43,2024-07-03
13000000757,64,1,8,,2024-07-04 13:57:03,2024-07-04
13000000758,,2,10,Muy buena atención en la tienda,2024-07-04 16:48:03,2024-07-04
13000000759,706,1,10,,2024-07-05 05:15:32,2024-07-05
13000000760,513,1,5,,2024-07-05 08:09:14,2024-07-05
13000000761,1383,1,3,No cumplió mis expectativas,2024-07-05 11:42:58,2024-07-05
13000000762,960,1,10,,2024-07-05 12:25:27,2024-07-05
13000000763,154,1,10,"Excelente botella, mantiene la temperatura",2024-07-05 12:44:51,2024-07-05
13000000764,1375,1,10,,2024-07-05 15:58:30,2024-07-05
13000000765,486,2,10,,2024-07-06 11:10:15,2024-07-06
13000000766,544,2,7,,2024-07-06 11:59:51,2024-07-06
13000000767,,2,10,Muy conforme con la calidad,2024-07-06 14:20:37,2024-07-06
13000000768,1334,2,6,Poco stock en la tienda,2024-07-06 15:01:08,2024-07-06
13000000769,1044,2,9,,2024-07-07 12:15:11,2024-07-07
13000000770,332,2,6,La tapa pierde líquido,2024-07-08 02:10:18,2024-07-08
13000000771,422,2,10,,2024-07-08 11:15:26,2024-07-08
13000000772,1002,1,7,,2024-07-08 12:51:59,2024-07-08
13000000773,,1,8,Me gustaría más variedad de colores,2024-07-08 13:21:25,2024-07-08
13000000774,438,1,10,Volvería a comprar,2024-07-09 00:21:04,2024-07-09
13000000775,1386,1,7,,2024-07-09 10:24:27,2024-07-09
13000000776,9,1,8,,2024-07-09 11:56:32,2024-07-09
13000000777,582,1,10,,2024-07-09 21:32:14,2024-07-09
13000000778,1384,1,8,,2024-07-10 04:03:17,2024-07-10
13000000779,427,2,10,Muy buena atención en la tienda,2024-07-10 11:50:46,2024-07-10
13000000780,1235,2,9,,2024-07-10 16:02:40,2024-07-10
13000000781,344,1,8,,2024-07-11 01:18:47,2024-07-11
13000000782,577,1,6,La tapa pierde líquido,2024-07-12 11:24:58,2024-07-12
13000000783,425,1,7,La entrega podría ser más rápida,2024-07-12 15:16:20,2024-07-12
13000000784,1439,2,9,Muy buena atención en la tienda,2024-07-12 19:23:51,2024-07-12
13000000785,750,2,9,Muy buena atención en la tienda,2024-07-13 04:44:09,2024-07-13
13000000786,1131,2,8,"Buen producto, un poco caro",2024-07-13 22:34:36,2024-07-13
13000000787,749,2,8,,2024-07-15 02:29:18,2024-07-15
13000000788,484,1,8,Me gustaría más variedad de colores,2024-07-15 19:55:18,2024-07-15
13000000789,1302,1,4,,2024-07-16 11:27:07,2024-07-16
13000000790,356,1,6,El envío demoró y nadie me avisó,2024-07-17 13:03:53,2024-07-17
13000000791,333,1,6,Tardó mucho más de lo esperado,2024-07-17 15:34:35,2024-07-17
13000000792,1010,2,10,,2024-07-17 17:20:52,2024-07-17
13000000793,75,2,10,,2024-07-17 20:40:40,2024-07-17
13000000794,1397,1,5,,2024-07-18 02:49:15,2024-07-18
13000000795,846,1,10,Entrega rápida y producto excelente,2024-07-18 04:33:51,2024-07-18
13000000796,1333,2,9,Muy buena atención en la tienda,2024-07-18 10:00:00,2024-07-18
13000000797,1271,1,6,Llegó con la caja dañada,2024-07-18 12:07:44,2024-07-18
13000000798,1273,1,9,Entrega rápida y producto excelente,2024-07-18 17:41:40,2024-07-18
13000000799,1215,2,9,,2024-07-19 06:53:03,2024-07-19
13000000800,1143,1,6,El envío demoró y nadie me avisó,2024-07-19 09:23:19,2024-07-19
13000000801,11,1,6,,2024-07-19 10:37:13,2024-07-19
13000000802,,1,10,,2024-07-19 10:39:10,2024-07-19
13000000803,441,2,8,Me gustaría más variedad de colores,2024-07-19 12:34:09,2024-07-19
13000000804,1106,2,8,,2024-07-19 12:57:39,2024-07-19
13000000805,159,1,10,Volvería a comprar,2024-07-19 16:19:00,2024-07-19
13000000806,1398,1,6,Tardó mucho más de lo esperado,2024-07-19 21:51:28,2024-07-19
13000000807,1415,1,8,"Buen producto, un poco caro",2024-07-19 23:07:26,2024-07-19
13000000808,925,2,8,,2024-07-20 08:35:11,2024-07-20
13000000809,718,2,6,La tapa pierde líquido,2024-07-21 10:08:26,2024-07-21
13000000810,1135,2,10,,2024-07-21 12:11:59,2024-07-21
13000000811,1466,2,8,Podría mejorar el empaque,2024-07-21 15:50:41,2024-07-21
13000000812,1472,2,7,,2024-07-21 17:25:46,2024-07-21
13000000813,1207,2,3,Tuve que devolverlo,2024-07-21 23:31:58,2024-07-21
13000000814,430,2,6,La tapa pierde líquido,2024-07-22 01:25:56,2024-07-22
13000000815,459,2,5,No cumplió mis expectativas,2024-07-22 13:35:01,2024-07-22
13000000816,259,1,4,Tardó mucho más de lo esperado,2024-07-23 11:25:45,2024-07-23
13000000817,1477,2,9,"Excelente botella, mantiene la temperatura",2024-07-23 19:06:01,2024-07-23
13000000818,394,1,4,No cumplió mis expectativas,2024-07-23 20:11:27,2024-07-23
13000000819,938,1,4,El envío demoró y nadie me avisó,2024-07-23 21:10:03,2024-07-23
13000000820,1425,1,9,,2024-07-24 01:29:47,2024-07-24
13000000821,395,2,10,"Excelente botella, mantiene la temperatura",2024-07-24 07:28:26,2024-07-24
13000000822,1348,1,10,Volvería a comprar,2024-07-24 15:51:13,2024-07-24
13000000823,1481,2,6,Poco stock en la tienda,2024-07-24 16:14:59,2024-07-24
13000000824,233,2,9,Todo perfecto,2024-07-24 21:08:47,2024-07-24
13000000825,502,1,3,Tardó mucho más de lo esperado,2024-07-25 06:10:25,2024-07-25
13000000826,896,2,10,Muy buena atención en la tienda,2024-07-25 10:10:38,2024-07-25
13000000827,1437,1,4,Tuve que devolverlo,2024-07-25 11:14:50,2024-07-25
13000000828,189,1,7,La entrega podría ser más rápida,2024-07-25 12:36:42,2024-07-25
13000000829,355,1,9,Muy conforme con la calidad,2024-07-25 18:03:11,2024-07-25
13000000830,1197,2,5,No cumplió mis expectativas,2024-07-26 13:45:50,2024-07-26
13000000831,344,2,8,Me gustaría más variedad de colores,2024-07-26 16:21:44,2024-07-26
13000000832,1436,1,7,La entrega podría ser más rápida,2024-07-27 02:11:58,2024-07-27
13000000833,1491,2,8,Me gustaría más variedad de colores,2024-07-27 12:22:39,2024-07-27
13000000834,338,2,7,,2024-07-27 13:40:06,2024-07-27
13000000835,1494,2,10,"Excelente botella, mantiene la temperatura",2024-07-28 10:06:42,2024-07-28
13000000836,1493,2,10,Todo perfecto,2024-07-28 11:27:59,2024-07-28
13000000837,686,2,9,Muy buena atención en la tienda,2024-07-28 12:25:25,2024-07-28
13000000838,1488,2,10,,2024-07-28 17:24:52,2024-07-28
13000000839,1131,2,9,,2024-07-29 03:22:45,2024-07-29
13000000840,1495,2,10,Todo perfecto,2024-07-29 04:24:15,2024-07-29
13000000841,994,2,8,Me gustaría más variedad de colores,2024-07-29 12:46:53,2024-07-29
13000000842,918,1,10,,2024-07-30 12:55:12,2024-07-30
13000000843,790,1,7,,2024-07-30 14:51:02,2024-07-30
13000000844,1454,1,10,,2024-07-30 15:13:23,2024-07-30
13000000845,176,1,4,El envío demoró y nadie me avisó,2024-07-31 03:45:10,2024-07-31
13000000846,100,1,1,,2024-07-31 13:54:17,2024-07-31
13000000847,167,1,1,Tardó mucho más de lo esperado,2024-07-31 18:33:01,2024-07-31
13000000848,,2,10,Volvería a comprar,2024-07-31 21:22:50,2024-07-31
13000000849,1444,1,9,Todo perfecto,2024-08-01 09:41:52,2024-08-01
13000000850,124,1,9,,2024-08-01 11:28:45,2024-08-01
13000000851,601,2,10,Muy conforme con la calidad,2024-08-01 15:55:44,2024-08-01
13000000852,1225,1,8,La entrega podría ser más rápida,2024-08-02 01:13:26,2024-08-02
13000000853,475,2,10,Todo perfecto,2024-08-02 10:10:59,2024-08-02
13000000854,462,2,8,,2024-08-02 12:28:12,2024-08-02
13000000855,1519,2,10,,2024-08-02 19:18:14,2024-08-02
13000000856,586,1,5,Tardó mucho más de lo esperado,2024-08-02 22:58:01,2024-08-02
13000000857,628,2,10,Muy buena atención en la tienda,2024-08-03 13:32:35,2024-08-03
13000000858,115,1,10,Todo perfecto,2024-08-03 18:31:10,2024-08-03
13000000859,1310,2,7,Me gustaría más variedad de colores,2024-08-04 10:05:39,2024-08-04
13000000860,1343,2,9,Muy buena atención en la tienda,2024-08-04 10:36:42,2024-08-04
13000000861,1532,2,6,Poco stock en la tienda,2024-08-04 14:03:26,2024-08-04
13000000862,1533,2,8,"Correcto, sin sorpresas",2024-08-05 17:16:14,2024-08-05
13000000863,1455,1,5,El envío demoró y nadie me avisó,2024-08-05 18:15:45,2024-08-05
13000000864,613,2,4,Llegó con la caja dañada,2024-08-06 11:01:51,2024-08-06
13000000865,320,2,10,"Excelente botella, mantiene la temperatura",2024-08-06 12:27:46,2024-08-06
13000000866,458,2,8,,2024-08-07 12:22:43,2024-08-07
13000000867,77,1,8,,2024-08-07 14:01:12,2024-08-07
13000000868,192,1,3,No cumplió mis expectativas,2024-08-07 15:15:17,2024-08-07
13000000869,1484,1,9,,2024-08-07 19:16:14,2024-08-07
13000000870,615,1,5,Llegó con la caja dañada,2024-08-07 22:56:00,2024-08-07
13000000871,1464,1,5,Llegó con la caja dañada,2024-08-07 23:53:28,2024-08-07
13000000872,1544,2,10,Todo perfecto,2024-08-08 03:17:13,2024-08-08
13000000873,1492,1,8,Me gustaría más variedad de colores,2024-08-08 15:11:25,2024-08-08
13000000874,1508,2,8,"Buen producto, un poco caro",2024-08-08 16:24:47,2024-08-08
13000000875,1487,1,10,,2024-08-08 19:25:45,2024-08-08
13000000876,531,1,5,Llegó con la caja dañada,2024-08-08 19:35:19,2024-08-08
13000000877,982,1,6,,2024-08-09 11:47:07,2024-08-09
13000000878,885,1,8,La entrega podría ser más rápida,2024-08-09 11:58:32,2024-08-09
13000000879,437,2,5,El envío demoró y nadie me avisó,2024-08-09 14:48:41,2024-08-09
13000000880,652,1,9,Entrega rápida y producto excelente,2024-08-09 18:45:21,2024-08-09
13000000881,515,2,10,,2024-08-09 20:40:38,2024-08-09
13000000882,598,2,7,"Correcto, sin sorpresas",2024-08-09 21:01:44,2024-08-09
13000000883,1505,2,9,Muy buena atención en la tienda,2024-08-10 07:56:07,2024-08-10
13000000884,1493,2,8,,2024-08-10 15:27:20,2024-08-10
13000000885,925,2,8,,2024-08-10 17:40:44,2024-08-10
13000000886,163,1,8,"Correcto, sin sorpresas",2024-08-10 19:47:35,2024-08-10
13000000887,1439,2,9,"Excelente botella, mantiene la temperatura",2024-08-11 11:38:53,2024-08-11
13000000888,321,2,9,"Excelente botella, mantiene la temperatura",2024-08-11 14:40:14,2024-08-11
13000000889,466,2,10,Muy conforme con la calidad,2024-08-11 15:21:07,2024-08-11
13000000890,375,1,3,El envío demoró y nadie me avisó,2024-08-12 12:01:57,2024-08-12
13000000891,1005,2,10,Todo perfecto,2024-08-12 14:05:55,2024-08-12
13000000892,593,1,0,,2024-08-13 07:24:07,2024-08-13
13000000893,852,1,7,La entrega podría ser más rápida,2024-08-13 15:55:01,2024-08-13
13000000894,333,1,4,El envío demoró y nadie me avisó,2024-08-13 17:31:52,2024-08-13
13000000895,1502,1,8,La entrega podría ser más rápida,2024-08-13 17:40:17,2024-08-13
13000000896,38,2,9,Todo perfecto,2024-08-14 04:30:57,2024-08-14
13000000897,287,1,2,Llegó con la caja dañada,2024-08-14 11:46:06,2024-08-14
13000000898,,2,9,Muy conforme con la calidad,2024-08-14 16:23:39,2024-08-14
13000000899,973,1,6,,2024-08-14 18:51:14,2024-08-14
13000000900,785,1,10,,2024-08-14 21:39:29,2024-08-14
13000000901,159,1,9,Entrega rápida y producto excelente,2024-08-14 23:19:22,2024-08-14
13000000902,793,1,7,La entrega podría ser más rápida,2024-08-15 10:31:03,2024-08-15
13000000903,1509,1,8,"Correcto, sin sorpresas",2024-08-15 15:11:36,2024-08-15
13000000904,1501,1,7,"Correcto, sin sorpresas",2024-08-15 15:32:25,2024-08-15
13000000905,173,1,6,,2024-08-16 06:56:44,2024-08-16
13000000906,1148,2,8,,2024-08-16 11:01:33,2024-08-16
13000000907,1517,1,7,,2024-08-16 11:21:34,2024-08-16
13000000908,728,1,4,El envío demoró y nadie me avisó,2024-08-16 14:12:01,2024-08-16
13000000909,1579,2,9,Muy buena atención en la tienda,2024-08-16 14:44:59,2024-08-16
13000000910,1134,2,9,Muy conforme con la calidad,2024-08-16 15:47:31,2024-08-16
13000000911,1187,1,8,Podría mejorar el empaque,2024-08-16 16:06:53,2024-08-16
13000000912,713,1,10,,2024-08-16 21:30:05,2024-08-16
13000000913,291,2,8,,2024-08-17 00:16:42,2024-08-17
13000000914,803,1,6,,2024-08-17 01:57:35,2024-08-17
13000000915,1535,1,6,,2024-08-17 03:03:26,2024-08-17
13000000916,907,2,7,"Buen producto, un poco caro",2024-08-17 12:11:57,2024-08-17
13000000917,1305,2,9,,2024-08-17 12:31:36,2024-08-17
13000000918,1100,2,10,Volvería a comprar,2024-08-17 17:38:07,2024-08-17
13000000919,1467,2,9,Muy conforme con la calidad,2024-08-18 15:07:54,2024-08-18
13000000920,1584,2,8,Me gustaría más variedad de colores,2024-08-18 16:54:44,2024-08-18
13000000921,1113,2,9,,2024-08-19 14:33:08,2024-08-19
13000000922,1510,1,6,No cumplió mis expectativas,2024-08-19 15:48:53,2024-08-19
13000000923,,1,8,"Buen producto, un poco caro",2024-08-19 15:52:55,2024-08-19
13000000924,1239,1,0,Tuve que devolverlo,2024-08-19 19:59:15,2024-08-19
13000000925,762,2,8,,2024-08-20 10:44:20,2024-08-20
13000000926,1213,1,3,El envío demoró y nadie me avisó,2024-08-21 06:18:22,2024-08-21
13000000927,849,1,9,Entrega rápida y producto excelente,2024-08-21 14:19:34,2024-08-21
13000000928,1235,2,9,Muy buena atención en la tienda,2024-08-21 16:31:59,2024-08-21
13000000929,1530,2,5,El envío demoró y nadie me avisó,2024-08-22 06:20:40,2024-08-22
13000000930,1534,1,4,Tardó mucho más de lo esperado,2024-08-22 14:09:28,2024-08-22
13000000931,1553,1,7,La entrega podría ser más rápida,2024-08-22 18:51:09,2024-08-22
13000000932,68,1,9,"Excelente botella, mantiene la temperatura",2024-08-23 07:51:11,2024-08-23
13000000933,999,1,4,Llegó con la caja dañada,2024-08-23 11:24:35,2024-08-23
13000000934,1607,2,10,Volvería a comprar,2024-08-23 13:55:16,2024-08-23
13000000935,169,1,10,Todo perfecto,2024-08-23 19:31:45,2024-08-23
13000000936,1322,2,10,,2024-08-24 06:58:13,2024-08-24
13000000937,141,2,9,,2024-08-24 11:36:20,2024-08-24
13000000938,665,2,5,Tuve que devolverlo,2024-08-24 15:27:36,2024-08-24
13000000939,1616,2,7,,2024-08-24 20:15:52,2024-08-24
13000000940,1619,2,10,Muy buena atención en la tienda,2024-08-24 22:14:07,2024-08-24
13000000941,538,2,8,,2024-08-26 07:06:10,2024-08-26
13000000942,,1,4,Llegó con la caja dañada,2024-08-26 10:51:30,2024-08-26
13000000943,663,1,6,La tapa pierde líquido,2024-08-27 07:42:58,2024-08-27
13000000944,490,1,9,"Excelente botella, mantiene la temperatura",2024-08-27 13:14:42,2024-08-27
13000000945,179,1,6,Llegó con la caja dañada,2024-08-27 20:46:41,2024-08-27
13000000946,1450,1,4,,2024-08-28 00:34:43,2024-08-28
13000000947,1223,1,0,No cumplió mis expectativas,2024-08-28 03:04:32,2024-08-28
13000000948,1415,1,9,Entrega rápida y producto excelente,2024-08-28 03:27:32,2024-08-28
13000000949,715,1,10,Entrega rápida y producto excelente,2024-08-28 10:02:49,2024-08-28
13000000950,1459,1,8,La entrega podría ser más rápida,2024-08-28 12:44:44,2024-08-28
13000000951,1523,2,7,Me gustaría más variedad de colores,2024-08-28 19:58:22,2024-08-28
13000000952,1627,2,10,Muy buena atención en la tienda,2024-08-29 08:10:18,2024-08-29
13000000953,1458,2,8,"Buen producto, un poco caro",2024-08-29 10:05:58,2024-08-29
13000000954,328,1,5,Llegó con la caja dañada,2024-08-29 11:02:01,2024-08-29
13000000955,690,1,10,,2024-08-29 11:28:06,2024-08-29
13000000956,515,2,8,Podría mejorar el empaque,2024-08-29 12:00:22,2024-08-29
13000000957,652,1,5,No cumplió mis expectativas,2024-08-29 12:32:18,2024-08-29
13000000958,1077,1,6,El envío demoró y nadie me avisó,2024-08-29 13:15:29,2024-08-29
13000000959,196,2,10,Todo perfecto,2024-08-29 16:48:10,2024-08-29
13000000960,1414,1,6,Llegó con la caja dañada,2024-08-29 19:46:54,2024-08-29
13000000961,789,1,5,El envío demoró y nadie me avisó,2024-08-29 22:10:46,2024-08-29
13000000962,626,1,5,Tardó mucho más de lo esperado,2024-08-30 00:04:45,2024-08-30
13000000963,1568,1,7,,2024-08-30 01:48:48,2024-08-30
13000000964,1377,2,10,Muy buena atención en la tienda,2024-08-30 10:01:18,2024-08-30
13000000965,831,1,8,La entrega podría ser más rápida,2024-08-30 10:48:43,2024-08-30
13000000966,1580,1,7,,2024-08-30 14:55:08,2024-08-30
13000000967,602,1,6,Tardó mucho más de lo esperado,2024-08-30 20:09:55,2024-08-30
13000000968,553,1,6,Tardó mucho más de lo esperado,2024-08-30 23:53:59,2024-08-30
13000000969,376,2,9,,2024-09-01 00:44:07,2024-09-01
13000000970,1640,2,8,,2024-09-01 00:52:05,2024-09-01
13000000971,127,2,7,,2024-09-01 10:16:58,2024-09-01
13000000972,1647,2,9,Muy buena atención en la tienda,2024-09-01 11:05:47,2024-09-01
13000000973,1648,2,10,Muy buena atención en la tienda,2024-09-01 20:36:35,2024-09-01
13000000974,1059,2,10,,2024-09-02 01:48:32,2024-09-02
13000000975,763,2,10,Muy conforme con la calidad,2024-09-02 04:42:28,2024-09-02
13000000976,1577,1,8,Podría mejorar el empaque,2024-09-02 13:24:44,2024-09-02
13000000977,1110,1,6,Llegó con la caja dañada,2024-09-02 13:47:13,2024-09-02
13000000978,20,1,9,Volvería a comprar,2024-09-02 14:56:48,2024-09-02
13000000979,1582,1,3,Tuve que devolverlo,2024-09-02 16:57:51,2024-09-02
13000000980,978,1,6,El envío demoró y nadie me avisó,2024-09-02 17:05:04,2024-09-02
13000000981,1404,1,3,Tardó mucho más de lo esperado,2024-09-02 20:10:10,2024-09-02
13000000982,77,1,8,Me gustaría más variedad de colores,2024-09-02 21:27:20,2024-09-02
13000000983,876,1,3,,2024-09-03 07:39:56,2024-09-03
13000000984,1281,2,8,La entrega podría ser más rápida,2024-09-03 11:57:29,2024-09-03
13000000985,1656,2,6,Poco stock en la tienda,2024-09-03 12:30:55,2024-09-03
13000000986,882,2,10,,2024-09-03 16:05:15,2024-09-03
13000000987,1148,2,8,Podría mejorar el empaque,2024-09-03 17:35:54,2024-09-03
13000000988,1180,1,5,,2024-09-03 19:40:52,2024-09-03
13000000989,1655,2,10,Muy conforme con la calidad,2024-09-03 21:19:36,2024-09-03
13000000990,1443,2,8,Podría mejorar el empaque,2024-09-04 01:44:28,2024-09-04
13000000991,885,1,7,Me gustaría más variedad de colores,2024-09-04 02:58:23,2024-09-04
13000000992,1347,1,4,No cumplió mis expectativas,2024-09-04 10:26:20,2024-09-04
13000000993,1558,2,10,,2024-09-04 11:55:18,2024-09-04
13000000994,1599,1,5,Tuve que devolverlo,2024-09-05 06:13:56,2024-09-05
13000000995,296,1,5,Llegó con la caja dañada,2024-09-05 10:06:54,2024-09-05
13000000996,1598,1,7,,2024-09-05 14:05:13,2024-09-05
13000000997,1597,2,6,,2024-09-05 15:30:11,2024-09-05
13000000998,1232,1,5,Tardó mucho más de lo esperado,2024-09-05 19:11:28,2024-09-05
13000000999,76,2,6,Tuve que esperar mucho en la caja,2024-09-05 21:40:36,2024-09-05
13000001000,1395,2,8,"Correcto, sin sorpresas",2024-09-06 01:18:49,2024-09-06
13000001001,1012,1,8,,2024-09-06 10:35:11,2024-09-06
13000001002,1606,1,2,No cumplió mis expectativas,2024-09-06 12:42:26,2024-09-06
13000001003,1610,1,5,No cumplió mis expectativas,2024-09-06 13:15:36,2024-09-06
13000001004,644,1,6,Llegó con la caja dañada,2024-09-06 13:51:41,2024-09-06
13000001005,901,2,10,Muy conforme con la calidad,2024-09-06 17:29:37,2024-09-06
13000001006,44,1,6,Llegó con la caja dañada,2024-09-06 19:18:30,2024-09-06
13000001007,1624,1,7,La entrega podría ser más rápida,2024-09-06 21:21:43,2024-09-06
13000001008,1388,1,6,El envío demoró y nadie me avisó,2024-09-06 23:40:37,2024-09-06
13000001009,602,2,9,Muy buena atención en la tienda,2024-09-07 05:22:13,2024-09-07
13000001010,,1,10,Entrega rápida y producto excelente,2024-09-07 07:35:47,2024-09-07
13000001011,1403,2,8,"Buen producto, un poco caro",2024-09-07 10:36:26,2024-09-07
13000001012,1021,2,10,Muy buena atención en la tienda,2024-09-07 11:45:36,2024-09-07
13000001013,1605,1,6,,2024-09-07 18:42:17,2024-09-07
13000001014,722,2,7,,2024-09-08 01:51:20,2024-09-08
13000001015,1155,2,8,,2024-09-08 04:34:57,2024-09-08
13000001016,1524,1,3,,2024-09-09 20:39:55,2024-09-09
13000001017,754,2,8,,2024-09-10 02:17:03,2024-09-10
13000001018,1528,1,4,El envío demoró y nadie me avisó,2024-09-10 10:38:22,2024-09-10
13000001019,1336,1,2,Tuve que devolverlo,2024-09-10 12:10:19,2024-09-10
13000001020,927,2,8,,2024-09-10 14:18:06,2024-09-10
13000001021,1422,1,5,Tardó mucho más de lo esperado,2024-09-10 14:34:30,2024-09-10
13000001022,1676,2,10,"Excelente botella, mantiene la temperatura",2024-09-10 17:17:28,2024-09-10
13000001023,716,1,10,Entrega rápida y producto excelente,2024-09-10 20:52:09,2024-09-10
13000001024,1512,2,4,Poco stock en la tienda,2024-09-11 10:00:19,2024-09-11
13000001025,1452,2,4,,2024-09-11 10:22:31,2024-09-11
13000001026,1450,1,7,La entrega podría ser más rápida,2024-09-11 13:08:40,2024-09-11
13000001027,753,2,8,"Buen producto, un poco caro",2024-09-11 15:20:52,2024-09-11
13000001028,1375,1,6,No cumplió mis expectativas,2024-09-11 16:18:52,2024-09-11
13000001029,1541,1,8,,2024-09-11 17:13:39,2024-09-11
13000001030,516,1,9,,2024-09-11 20:26:40,2024-09-11
13000001031,1650,1,8,,2024-09-11 23:04:13,2024-09-11
13000001032,1632,1,8,,2024-09-12 06:09:45,2024-09-12
13000001033,1611,1,8,Podría mejorar el empaque,2024-09-12 07:16:45,2024-09-12
13000001034,791,1,7,Me gustaría más variedad de colores,2024-09-12 10:47:55,2024-09-12
13000001035,874,1,10,Muy conforme con la calidad,2024-09-12 12:20:04,2024-09-12
13000001036,1249,1,4,La tapa pierde líquido,2024-09-12 12:33:32,2024-09-12
13000001037,632,1,5,Tardó mucho más de lo esperado,2024-09-12 14:11:38,2024-09-12
13000001038,681,1,7,La entrega podría ser más rápida,2024-09-12 14:26:18,2024-09-12
13000001039,1689,2,7,,2024-09-12 14:54:49,2024-09-12
13000001040,1637,1,8,Podría mejorar el empaque,2024-09-12 16:06:15,2024-09-12
13000001041,1622,1,4,El envío demoró y nadie me avisó,2024-09-12 16:15:29,2024-09-12
13000001042,142,1,5,Tardó mucho más de lo esperado,2024-09-12 19:56:07,2024-09-12
13000001043,42,1,8,,2024-09-13 00:56:44,2024-09-13
13000001044,944,1,8,,2024-09-13 01:07:12,2024-09-13
13000001045,1652,1,10,Entrega rápida y producto excelente,2024-09-13 10:06:45,2024-09-13
13000001046,886,1,5,Llegó con la caja dañada,2024-09-13 11:09:29,2024-09-13
13000001047,1695,2,10,Volvería a comprar,2024-09-13 13:45:11,2024-09-13
13000001048,1479,1,9,Volvería a comprar,2024-09-13 13:52:17,2024-09-13
13000001049,1504,1,9,Todo perfecto,2024-09-13 14:02:12,2024-09-13
13000001050,1629,1,2,El envío demoró y nadie me avisó,2024-09-13 14:16:50,2024-09-13
13000001051,1641,1,10,Entrega rápida y producto excelente,2024-09-13 15:03:25,2024-09-13
13000001052,73,1,10,,2024-09-13 16:43:44,2024-09-13
13000001053,1051,1,8,,2024-09-13 18:37:24,2024-09-13
13000001054,652,1,7,Podría mejorar el empaque,2024-09-13 18:51:46,2024-09-13
13000001055,1659,1,7,La entrega podría ser más rápida,2024-09-13 22:56:22,2024-09-13
13000001056,502,1,7,,2024-09-14 07:12:20,2024-09-14
13000001057,1472,2,8,,2024-09-14 12:51:34,2024-09-14
13000001058,900,2,6,No cumplió mis expectativas,2024-09-15 00:04:54,2024-09-15
13000001059,1613,2,9,Todo perfecto,2024-09-15 12:58:26,2024-09-15
13000001060,1282,2,9,Muy buena atención en la tienda,2024-09-16 07:36:50,2024-09-16
13000001061,784,1,1,Tuve que devolverlo,2024-09-16 12:41:02,2024-09-16
13000001062,1633,1,2,El envío demoró y nadie me avisó,2024-09-16 13:20:13,2024-09-16
13000001063,1506,1,1,Llegó con la caja dañada,2024-09-16 13:40:48,2024-09-16
13000001064,883,1,5,El envío demoró y nadie me avisó,2024-09-16 16:30:21,2024-09-16
13000001065,948,1,9,,2024-09-17 11:56:48,2024-09-17
13000001066,732,2,5,Tuve que devolverlo,2024-09-17 17:17:47,2024-09-17
13000001067,1003,1,10,Entrega rápida y producto excelente,2024-09-17 20:44:11,2024-09-17
13000001068,1241,2,8,,2024-09-17 23:08:11,2024-09-17
13000001069,1497,2,5,Llegó con la caja dañada,2024-09-18 01:09:43,2024-09-18
13000001070,,1,10,Entrega rápida y producto excelente,2024-09-18 02:18:36,2024-09-18
13000001071,233,1,5,La tapa pierde líquido,2024-09-18 11:58:37,2024-09-18
13000001072,1670,1,9,Todo perfecto,2024-09-18 14:21:07,2024-09-18
13000001073,257,1,10,Muy conforme con la calidad,2024-09-18 15:38:48,2024-09-18
13000001074,1162,1,10,Entrega rápida y producto excelente,2024-09-18 17:42:45,2024-09-18
13000001075,487,2,9,Todo perfecto,2024-09-18 18:00:57,2024-09-18
13000001076,1674,1,6,No cumplió mis expectativas,2024-09-18 18:40:49,2024-09-18
13000001077,1638,1,7,,2024-09-19 02:19:34,2024-09-19
13000001078,58,1,7,La entrega podría ser más rápida,2024-09-19 10:22:15,2024-09-19
13000001079,1678,1,10,,2024-09-19 14:08:57,2024-09-19
13000001080,27,1,10,Muy conforme con la calidad,2024-09-19 22:57:34,2024-09-19
13000001081,1684,1,9,"Excelente botella, mantiene la temperatura",2024-09-20 00:52:01,2024-09-20
13000001082,742,1,7,,2024-09-20 10:04:39,2024-09-20
13000001083,543,1,10,"Excelente botella, mantiene la temperatura",2024-09-20 10:06:04,2024-09-20
13000001084,1692,1,7,La entrega podría ser más rápida,2024-09-20 10:45:15,2024-09-20
13000001085,1685,1,9,Entrega rápida y producto excelente,2024-09-20 11:25:03,2024-09-20
13000001086,1528,1,8,Podría mejorar el empaque,2024-09-20 15:10:57,2024-09-20
13000001087,1271,1,10,,2024-09-20 15:31:30,2024-09-20
13000001088,388,2,9,Muy buena atención en la tienda,2024-09-20 17:05:44,2024-09-20
13000001089,45,1,8,La entrega podría ser más rápida,2024-09-20 22:49:18,2024-09-20
13000001090,586,2,10,Muy buena atención en la tienda,2024-09-21 07:20:01,2024-09-21
13000001091,1296,2,7,,2024-09-21 08:39:17,2024-09-21
13000001092,1340,1,10,Todo perfecto,2024-09-21 17:38:26,2024-09-21
13000001093,273,2,9,Muy conforme con la calidad,2024-09-22 13:27:50,2024-09-22
13000001094,1694,1,8,Me gustaría más variedad de colores,2024-09-23 12:25:36,2024-09-23
13000001095,63,1,7,"Buen producto, un poco caro",2024-09-23 13:12:30,2024-09-23
13000001096,630,2,9,Volvería a comprar,2024-09-24 10:08:52,2024-09-24
13000001097,1352,1,9,Entrega rápida y producto excelente,2024-09-24 11:46:12,2024-09-24
13000001098,1268,2,5,La tapa pierde líquido,2024-09-24 12:59:11,2024-09-24
13000001099,1519,2,7,Podría mejorar el empaque,2024-09-24 15:09:36,2024-09-24
13000001100,829,2,9,,2024-09-24 15:18:46,2024-09-24
13000001101,1747,2,8,,2024-09-24 19:25:35,2024-09-24
13000001102,1020,1,6,Tuve que devolverlo,2024-09-25 05:36:49,2024-09-25
13000001103,1244,1,8,La entrega podría ser más rápida,2024-09-25 10:47:48,2024-09-25
13000001104,1749,2,9,,2024-09-25 11:23:47,2024-09-25
13000001105,1637,1,10,"Excelente botella, mantiene la temperatura",2024-09-25 11:38:20,2024-09-25
13000001106,425,1,9,Entrega rápida y producto excelente,2024-09-25 11:52:37,2024-09-25
13000001107,1705,1,10,Entrega rápida y producto excelente,2024-09-25 12:00:05,2024-09-25
13000001108,435,2,9,Todo perfecto,2024-09-25 13:06:08,2024-09-25
13000001109,15,1,9,,2024-09-25 17:44:43,2024-09-25
13000001110,1713,1,9,,2024-09-25 18:59:26,2024-09-25
13000001111,177,2,9,Todo perfecto,2024-09-25 19:11:33,2024-09-25
13000001112,1708,1,9,,2024-09-26 01:47:37,2024-09-26
13000001113,1702,1,10,"Excelente botella, mantiene la temperatura",2024-09-26 04:21:24,2024-09-26
13000001114,1563,2,6,,2024-09-26 05:27:07,2024-09-26
13000001115,1429,1,9,,2024-09-26 06:27:12,2024-09-26
13000001116,1588,1,8,"Buen producto, un poco caro",2024-09-26 10:46:29,2024-09-26
13000001117,871,2,10,Muy buena atención en la tienda,2024-09-26 12:41:29,2024-09-26
13000001118,1345,1,10,,2024-09-26 13:26:43,2024-09-26
13000001119,1717,1,6,Llegó con la caja dañada,2024-09-26 16:23:02,2024-09-26
13000001120,542,2,10,"Excelente botella, mantiene la temperatura",2024-09-26 16:35:20,2024-09-26
13000001121,546,2,10,Muy buena atención en la tienda,2024-09-26 16:56:46,2024-09-26
13000001122,1399,1,8,La entrega podría ser más rápida,2024-09-26 18:07:32,2024-09-26
13000001123,1707,1,7,La entrega podría ser más rápida,2024-09-26 18:13:57,2024-09-26
13000001124,507,1,7,,2024-09-26 19:28:42,2024-09-26
13000001125,69,1,8,,2024-09-26 19:35:09,2024-09-26
13000001126,1239,1,7,La entrega podría ser más rápida,2024-09-27 08:44:47,2024-09-27
13000001127,536,2,10,Muy buena atención en la tienda,2024-09-27 17:30:57,2024-09-27
13000001128,1064,2,8,,2024-09-27 23:47:34,2024-09-27
13000001129,1760,2,9,Muy conforme con la calidad,2024-09-28 00:48:18,2024-09-28
13000001130,851,1,8,"Buen producto, un poco caro",2024-09-28 11:34:02,2024-09-28
13000001131,1493,2,9,Todo perfecto,2024-09-29 12:16:42,2024-09-29
13000001132,1763,2,10,,2024-09-29 12:18:04,2024-09-29
13000001133,853,2,10,Muy buena atención en la tienda,2024-09-29 13:14:07,2024-09-29
13000001134,,2,7,,2024-09-29 21:27:03,2024-09-29
13000001135,1715,1,8,"Buen producto, un poco caro",2024-09-30 11:39:28,2024-09-30
13000001136,1238,1,8,,2024-09-30 21:12:09,2024-09-30
13000001137,1723,1,5,Tuve que devolverlo,2024-10-01 12:35:56,2024-10-01
13000001138,1725,1,9,Entrega rápida y producto excelente,2024-10-01 13:31:22,2024-10-01
13000001139,101,2,10,,2024-10-01 15:22:59,2024-10-01
13000001140,1327,2,7,"Buen producto, un poco caro",2024-10-01 17:05:21,2024-10-01
13000001141,849,1,9,,2024-10-02 01:14:47,2024-10-02
13000001142,1736,1,7,"Correcto, sin sorpresas",2024-10-02 06:35:19,2024-10-02
13000001143,510,1,8,La entrega podría ser más rápida,2024-10-02 12:30:24,2024-10-02
13000001144,878,1,9,Entrega rápida y producto excelente,2024-10-02 15:24:13,2024-10-02
13000001145,1226,2,9,Muy conforme con la calidad,2024-10-02 15:26:45,2024-10-02
13000001146,1632,1,8,,2024-10-02 18:58:00,2024-10-02
13000001147,247,1,6,La tapa pierde líquido,2024-10-03 01:05:12,2024-10-03
13000001148,1045,2,6,,2024-10-03 06:43:50,2024-10-03
13000001149,935,1,9,Entrega rápida y producto excelente,2024-10-03 09:55:22,2024-10-03
13000001150,1332,2,7,Podría mejorar el empaque,2024-10-03 10:48:48,2024-10-03
13000001151,1743,1,9,,2024-10-03 10:57:41,2024-10-03
13000001152,1339,1,8,,2024-10-03 12:52:30,2024-10-03
13000001153,1744,1,7,,2024-10-03 14:04:15,2024-10-03
13000001154,1459,2,8,,2024-10-03 17:19:47,2024-10-03
13000001155,375,1,8,,2024-10-03 21:04:22,2024-10-03
13000001156,1223,1,10,Todo perfecto,2024-10-04 13:32:24,2024-10-04
13000001157,728,2,7,,2024-10-04 13:39:09,2024-10-04
13000001158,719,1,9,Entrega rápida y producto excelente,2024-10-04 17:15:26,2024-10-04
13000001159,1640,2,9,,2024-10-04 17:53:33,2024-10-04
13000001160,1318,2,10,Muy buena atención en la tienda,2024-10-05 12:28:20,2024-10-05
13000001161,1408,1,8,"Buen producto, un poco caro",2024-10-05 15:26:48,2024-10-05
13000001162,1585,2,9,,2024-10-06 08:37:00,2024-10-06
13000001163,626,1,10,Entrega rápida y producto excelente,2024-10-07 11:11:09,2024-10-07
13000001164,1322,1,8,La entrega podría ser más rápida,2024-10-07 11:46:58,2024-10-07
13000001165,1755,1,8,La entrega podría ser más rápida,2024-10-07 16:02:09,2024-10-07
13000001166,1054,1,10,,2024-10-07 17:14:01,2024-10-07
13000001167,1194,1,7,"Buen producto, un poco caro",2024-10-08 10:45:15,2024-10-08
13000001168,1756,1,10,Entrega rápida y producto excelente,2024-10-08 17:37:17,2024-10-08
13000001169,185,1,9,Entrega rápida y producto excelente,2024-10-09 18:40:39,2024-10-09
13000001170,203,2,8,,2024-10-10 13:15:31,2024-10-10
13000001171,1076,1,7,,2024-10-10 14:45:48,2024-10-10
13000001172,1451,1,9,Entrega rápida y producto excelente,2024-10-10 19:08:33,2024-10-10
13000001173,359,1,9,Entrega rápida y producto excelente,2024-10-10 20:29:30,2024-10-10
13000001174,284,1,7,,2024-10-10 21:27:31,2024-10-10
13000001175,852,1,8,Podría mejorar el empaque,2024-10-10 22:14:49,2024-10-10
13000001176,1269,2,7,,2024-10-11 06:44:04,2024-10-11
13000001177,65,1,7,,2024-10-11 21:37:30,2024-10-11
13000001178,1278,1,7,,2024-10-12 03:13:21,2024-10-12
13000001179,1807,2,7,,2024-10-12 11:17:38,2024-10-12
13000001180,1281,2,7,,2024-10-12 20:36:03,2024-10-12
13000001181,1818,2,10,,2024-10-13 11:41:28,2024-10-13
13000001182,1671,2,6,Tuve que esperar mucho en la caja,2024-10-13 13:40:15,2024-10-13
13000001183,1820,2,10,Volvería a comprar,2024-10-13 22:11:01,2024-10-13
13000001184,1774,1,10,Entrega rápida y producto excelente,2024-10-14 10:21:30,2024-10-14
13000001185,1816,2,10,Muy buena atención en la tienda,2024-10-14 15:59:49,2024-10-14
13000001186,1486,1,9,Todo perfecto,2024-10-15 02:40:49,2024-10-15
13000001187,1511,1,7,,2024-10-15 15:21:54,2024-10-15
13000001188,526,1,7,Me gustaría más variedad de colores,2024-10-15 16:35:30,2024-10-15
13000001189,1390,1,8,,2024-10-16 10:13:46,2024-10-16
13000001190,1360,1,8,,2024-10-16 11:38:43,2024-10-16
13000001191,1783,1,10,,2024-10-16 13:00:51,2024-10-16
13000001192,1488,2,9,,2024-10-16 19:28:47,2024-10-16
13000001193,1304,2,9,Muy buena atención en la tienda,2024-10-16 22:11:57,2024-10-16
13000001194,1793,1,8,,2024-10-16 22:33:38,2024-10-16
13000001195,215,2,9,Muy buena atención en la tienda,2024-10-17 16:16:58,2024-10-17
13000001196,1839,2,7,Podría mejorar el empaque,2024-10-17 19:51:30,2024-10-17
13000001197,556,1,6,,2024-10-18 11:06:21,2024-10-18
13000001198,1263,2,9,,2024-10-18 12:02:21,2024-10-18
13000001199,1384,1,6,No cumplió mis expectativas,2024-10-18 13:19:59,2024-10-18
13000001200,162,2,9,,2024-10-18 13:56:23,2024-10-18
13000001201,1110,1,7,"Correcto, sin sorpresas",2024-10-18 14:04:08,2024-10-18
13000001202,426,2,6,No cumplió mis expectativas,2024-10-18 16:24:05,2024-10-18
13000001203,1001,1,9,Entrega rápida y producto excelente,2024-10-18 19:00:28,2024-10-18
13000001204,871,2,7,Me gustaría más variedad de colores,2024-10-19 02:32:59,2024-10-19
13000001205,,1,10,,2024-10-19 05:49:51,2024-10-19
13000001206,1662,2,10,"Excelente botella, mantiene la temperatura",2024-10-19 11:07:22,2024-10-19
13000001207,1759,2,7,"Correcto, sin sorpresas",2024-10-19 15:57:53,2024-10-19
13000001208,1494,2,8,,2024-10-20 03:55:51,2024-10-20
13000001209,1308,2,5,La tapa pierde líquido,2024-10-20 12:09:14,2024-10-20
13000001210,1492,1,10,Entrega rápida y producto excelente,2024-10-22 10:22:34,2024-10-22
13000001211,458,1,9,Muy conforme con la calidad,2024-10-22 11:08:58,2024-10-22
13000001212,1468,2,8,,2024-10-22 11:15:29,2024-10-22
13000001213,77,1,8,,2024-10-22 11:18:11,2024-10-22
13000001214,1465,1,10,Todo perfecto,2024-10-22 13:41:23,2024-10-22
13000001215,1795,1,8,,2024-10-22 13:53:40,2024-10-22
13000001216,1400,2,10,Muy conforme con la calidad,2024-10-22 14:27:11,2024-10-22
13000001217,1345,1,10,Entrega rápida y producto excelente,2024-10-22 16:49:43,2024-10-22
13000001218,1109,1,10,Volvería a comprar,2024-10-22 20:13:53,2024-10-22
13000001219,1517,1,6,El envío demoró y nadie me avisó,2024-10-23 02:17:33,2024-10-23
13000001220,593,1,8,La entrega podría ser más rápida,2024-10-23 04:01:04,2024-10-23
13000001221,1215,1,10,Muy conforme con la calidad,2024-10-23 04:01:36,2024-10-23
13000001222,1825,1,10,Entrega rápida y producto excelente,2024-10-23 05:52:57,2024-10-23
13000001223,,1,7,"Correcto, sin sorpresas",2024-10-23 10:11:04,2024-10-23
13000001224,885,1,4,No cumplió mis expectativas,2024-10-23 10:11:22,2024-10-23
13000001225,770,1,8,,2024-10-23 11:27:27,2024-10-23
13000001226,1311,1,9,Entrega rápida y producto excelente,2024-10-23 11:41:34,2024-10-23
13000001227,1060,1,8,,2024-10-23 11:52:12,2024-10-23
13000001228,1813,1,7,"Correcto, sin sorpresas",2024-10-23 12:46:52,2024-10-23
13000001229,1541,1,10,,2024-10-23 13:16:46,2024-10-23
13000001230,1521,1,10,Entrega rápida y producto excelente,2024-10-23 15:42:44,2024-10-23
13000001231,1806,1,9,Entrega rápida y producto excelente,2024-10-23 17:26:06,2024-10-23
13000001232,1830,1,9,Entrega rápida y producto excelente,2024-10-23 18:02:31,2024-10-23
13000001233,1313,1,5,La tapa pierde líquido,2024-10-23 19:22:10,2024-10-23
13000001234,1168,1,8,"Correcto, sin sorpresas",2024-10-23 22:08:12,2024-10-23
13000001235,671,1,7,La entrega podría ser más rápida,2024-10-24 00:24:24,2024-10-24
13000001236,1504,1,4,Tardó mucho más de lo esperado,2024-10-24 10:35:24,2024-10-24
13000001237,971,1,9,"Excelente botella, mantiene la temperatura",2024-10-24 12:58:41,2024-10-24
13000001238,1861,2,10,Muy buena atención en la tienda,2024-10-24 13:45:28,2024-10-24
13000001239,399,1,10,,2024-10-24 13:48:13,2024-10-24
13000001240,703,1,10,Entrega rápida y producto excelente,2024-10-24 14:11:52,2024-10-24
13000001241,427,1,7,,2024-10-24 19:56:31,2024-10-24
13000001242,1186,1,9,"Excelente botella, mantiene la temperatura",2024-10-24 20:25:59,2024-10-24
13000001243,1863,2,5,No cumplió mis expectativas,2024-10-24 21:33:58,2024-10-24
13000001244,1828,1,8,,2024-10-25 02:42:21,2024-10-25
13000001245,1118,1,5,Tuve que devolverlo,2024-10-25 03:35:07,2024-10-25
13000001246,589,1,10,Entrega rápida y producto excelente,2024-10-25 12:28:14,2024-10-25
13000001247,1827,1,10,Entrega rápida y producto excelente,2024-10-25 12:37:55,2024-10-25
13000001248,46,1,10,,2024-10-26 03:53:28,2024-10-26
13000001249,1493,2,10,,2024-10-26 11:14:47,2024-10-26
13000001250,1261,2,9,Muy buena atención en la tienda,2024-10-27 19:02:34,2024-10-27
13000001251,1149,1,8,La entrega podría ser más rápida,2024-10-28 10:40:12,2024-10-28
13000001252,1841,1,9,,2024-10-28 11:16:37,2024-10-28
13000001253,1047,1,7,"Correcto, sin sorpresas",2024-10-28 13:23:59,2024-10-28
13000001254,1835,1,8,,2024-10-28 16:05:07,2024-10-28
13000001255,1233,1,4,Llegó con la caja dañada,2024-10-28 18:03:45,2024-10-28
13000001256,1246,2,7,Podría mejorar el empaque,2024-10-28 18:14:03,2024-10-28
13000001257,1258,1,8,,2024-10-29 05:16:51,2024-10-29
13000001258,1877,2,9,Muy conforme con la calidad,2024-10-29 10:00:00,2024-10-29
13000001259,1608,1,10,,2024-10-29 18:20:14,2024-10-29
13000001260,1093,1,4,El envío demoró y nadie me avisó,2024-10-29 21:07:33,2024-10-29
13000001261,1484,1,10,"Excelente botella, mantiene la temperatura",2024-10-29 21:47:45,2024-10-29
13000001262,,2,9,Muy buena atención en la tienda,2024-10-30 00:51:46,2024-10-30
13000001263,189,1,9,,2024-10-30 11:46:11,2024-10-30
13000001264,464,1,4,No cumplió mis expectativas,2024-10-30 15:37:41,2024-10-30
13000001265,1138,2,10,Muy buena atención en la tienda,2024-10-30 19:41:41,2024-10-30
13000001266,301,1,8,,2024-10-31 03:34:14,2024-10-31
13000001267,1896,2,10,Muy buena atención en la tienda,2024-10-31 11:17:50,2024-10-31
13000001268,1855,1,9,Entrega rápida y producto excelente,2024-10-31 11:18:02,2024-10-31
13000001269,1571,2,8,Podría mejorar el empaque,2024-10-31 11:42:58,2024-10-31
13000001270,1845,1,8,,2024-10-31 16:18:53,2024-10-31
13000001271,1274,1,8,,2024-10-31 16:56:55,2024-10-31
13000001272,1026,1,7,La entrega podría ser más rápida,2024-10-31 18:43:55,2024-10-31
13000001273,1095,1,7,La entrega podría ser más rápida,2024-11-01 10:44:05,2024-11-01
13000001274,1483,1,10,Entrega rápida y producto excelente,2024-11-01 14:50:45,2024-11-01
13000001275,964,1,7,La entrega podría ser más rápida,2024-11-01 17:55:10,2024-11-01
13000001276,1334,2,7,"Buen producto, un poco caro",2024-11-01 20:21:50,2024-11-01
13000001277,1387,1,8,,2024-11-01 20:23:27,2024-11-01
13000001278,1849,1,8,,2024-11-01 20:49:34,2024-11-01
13000001279,825,2,9,,2024-11-02 03:06:26,2024-11-02
13000001280,754,2,7,,2024-11-02 09:38:10,2024-11-02
13000001281,1654,1,8,,2024-11-02 10:18:28,2024-11-02
13000001282,1900,2,10,Volvería a comprar,2024-11-02 13:15:57,2024-11-02
13000001283,972,2,10,Volvería a comprar,2024-11-03 00:31:45,2024-11-03
13000001284,617,2,8,"Buen producto, un poco caro",2024-11-03 14:25:20,2024-11-03
13000001285,320,2,5,No cumplió mis expectativas,2024-11-03 21:54:39,2024-11-03
13000001286,40,2,7,,2024-11-04 11:43:50,2024-11-04
13000001287,1485,1,6,Tuve que devolverlo,2024-11-04 13:53:14,2024-11-04
13000001288,113,1,10,Muy conforme con la calidad,2024-11-04 19:33:47,2024-11-04
13000001289,536,2,10,Muy buena atención en la tienda,2024-11-05 11:01:37,2024-11-05
13000001290,1169,1,7,,2024-11-05 11:15:53,2024-11-05
13000001291,104,1,9,Todo perfecto,2024-11-05 12:41:51,2024-11-05
13000001292,1912,2,10,Muy buena atención en la tienda,2024-11-05 19:55:02,2024-11-05
13000001293,1083,1,9,,2024-11-06 08:48:22,2024-11-06
13000001294,1002,1,6,No cumplió mis expectativas,2024-11-06 09:46:19,2024-11-06
13000001295,1154,2,8,"Correcto, sin sorpresas",2024-11-06 15:35:18,2024-11-06
13000001296,1329,1,9,,2024-11-06 16:14:00,2024-11-06
13000001297,,1,8,"Buen producto, un poco caro",2024-11-06 17:00:43,2024-11-06
13000001298,1702,1,9,,2024-11-06 19:04:18,2024-11-06
13000001299,739,1,8,"Correcto, sin sorpresas",2024-11-06 20:51:04,2024-11-06
13000001300,1509,1,7,,2024-11-07 00:35:10,2024-11-07
13000001301,1872,1,6,No cumplió mis expectativas,2024-11-07 11:03:56,2024-11-07
13000001302,1359,1,7,Me gustaría más variedad de colores,2024-11-07 11:10:29,2024-11-07
13000001303,1420,1,10,Entrega rápida y producto excelente,2024-11-07 11:36:09,2024-11-07
13000001304,1273,1,10,Todo perfecto,2024-11-07 16:17:55,2024-11-07
13000001305,1930,2,8,,2024-11-07 20:30:38,2024-11-07
13000001306,718,2,8,"Correcto, sin sorpresas",2024-11-08 02:01:10,2024-11-08
13000001307,,2,5,Tuve que devolverlo,2024-11-08 03:40:29,2024-11-08
13000001308,431,2,7,,2024-11-08 14:36:07,2024-11-08
13000001309,1139,2,10,Muy conforme con la calidad,2024-11-09 01:11:30,2024-11-09
13000001310,1776,2,8,,2024-11-09 15:01:14,2024-11-09
13000001311,686,2,10,Muy buena atención en la tienda,2024-11-09 15:14:28,2024-11-09
13000001312,556,2,9,,2024-11-09 19:11:28,2024-11-09
13000001313,750,2,10,,2024-11-10 15:00:17,2024-11-10
13000001314,194,2,9,,2024-11-10 17:13:43,2024-11-10
13000001315,630,1,8,,2024-11-11 11:58:22,2024-11-11
13000001316,487,1,8,,2024-11-11 16:31:23,2024-11-11
13000001317,1842,1,8,Me gustaría más variedad de colores,2024-11-11 18:45:08,2024-11-11
13000001318,1168,1,6,Llegó con la caja dañada,2024-11-11 20:06:57,2024-11-11
13000001319,250,2,9,Muy buena atención en la tienda,2024-11-11 22:36:44,2024-11-11
13000001320,925,2,7,,2024-11-12 11:50:58,2024-11-12
13000001321,1889,1,9,Todo perfecto,2024-11-12 14:09:10,2024-11-12
13000001322,1229,1,6,Llegó con la caja dañada,2024-11-12 17:01:00,2024-11-12
13000001323,849,1,10,Entrega rápida y producto excelente,2024-11-12 17:04:03,2024-11-12
13000001324,1893,1,8,La entrega podría ser más rápida,2024-11-12 20:47:54,2024-11-12
13000001325,457,1,9,,2024-11-12 21:06:45,2024-11-12
13000001326,1704,2,10,"Excelente botella, mantiene la temperatura",2024-11-13 11:12:34,2024-11-13
13000001327,279,1,7,,2024-11-13 12:23:44,2024-11-13
13000001328,996,1,8,La entrega podría ser más rápida,2024-11-13 13:21:44,2024-11-13
13000001329,1841,1,9,Entrega rápida y producto excelente,2024-11-14 11:19:06,2024-11-14
13000001330,1903,1,6,No cumplió mis expectativas,2024-11-14 12:01:45,2024-11-14
13000001331,1669,2,10,Muy conforme con la calidad,2024-11-14 14:12:30,2024-11-14
13000001332,1632,1,10,Volvería a comprar,2024-11-14 15:50:49,2024-11-14
13000001333,1906,2,7,,2024-11-14 17:31:57,2024-11-14
13000001334,1423,1,7,La entrega podría ser más rápida,2024-11-14 19:46:18,2024-11-14
13000001335,1318,1,5,No cumplió mis expectativas,2024-11-15 11:00:42,2024-11-15
13000001336,1706,1,10,Volvería a comprar,2024-11-15 12:19:03,2024-11-15
13000001337,1909,1,7,La entrega podría ser más rápida,2024-11-15 20:40:09,2024-11-15
13000001338,1924,1,10,Muy conforme con la calidad,2024-11-15 23:22:50,2024-11-15
13000001339,473,1,7,La entrega podría ser más rápida,2024-11-16 00:36:31,2024-11-16
13000001340,,1,8,,2024-11-16 06:20:15,2024-11-16
13000001341,1226,2,8,,2024-11-16 10:25:20,2024-11-16
13000001342,1727,2,8,Me gustaría más variedad de colores,2024-11-16 19:34:50,2024-11-16
13000001343,230,2,8,"Correcto, sin sorpresas",2024-11-17 13:04:50,2024-11-17
13000001344,1215,2,9,Muy buena atención en la tienda,2024-11-17 13:21:16,2024-11-17
13000001345,1976,2,10,"Excelente botella, mantiene la temperatura",2024-11-17 14:46:09,2024-11-17
13000001346,1927,1,10,,2024-11-18 10:27:52,2024-11-18
13000001347,1779,1,10,Entrega rápida y producto excelente,2024-11-18 10:47:41,2024-11-18
13000001348,1707,1,7,"Correcto, sin sorpresas",2024-11-18 10:49:11,2024-11-18
13000001349,710,2,8,"Correcto, sin sorpresas",2024-11-18 11:43:22,2024-11-18
13000001350,1180,1,10,Entrega rápida y producto excelente,2024-11-18 11:55:08,2024-11-18
13000001351,1913,1,9,,2024-11-18 13:16:58,2024-11-18
13000001352,1428,1,6,Tuve que devolverlo,2024-11-18 15:25:45,2024-11-18
13000001353,1475,1,9,Entrega rápida y producto excelente,2024-11-18 16:21:01,2024-11-18
13000001354,420,1,7,,2024-11-18 16:23:49,2024-11-18
13000001355,70,1,9,Muy conforme con la calidad,2024-11-18 16:27:35,2024-11-18
13000001356,1929,1,10,,2024-11-18 16:38:17,2024-11-18
13000001357,1547,1,10,Entrega rápida y producto excelente,2024-11-18 22:20:55,2024-11-18
13000001358,1570,1,7,Podría mejorar el empaque,2024-11-19 06:33:09,2024-11-19
13000001359,681,1,9,,2024-11-19 08:37:17,2024-11-19
13000001360,1591,1,9,Entrega rápida y producto excelente,2024-11-19 09:21:49,2024-11-19
13000001361,1919,1,8,Me gustaría más variedad de colores,2024-11-19 11:36:08,2024-11-19
13000001362,169,1,7,,2024-11-19 12:05:32,2024-11-19
13000001363,241,1,7,La entrega podría ser más rápida,2024-11-19 12:30:14,2024-11-19
13000001364,871,1,8,La entrega podría ser más rápida,2024-11-19 15:45:57,2024-11-19
13000001365,373,1,6,Llegó con la caja dañada,2024-11-19 16:12:39,2024-11-19
13000001366,442,2,10,Muy conforme con la calidad,2024-11-19 19:10:09,2024-11-19
13000001367,1646,1,10,,2024-11-19 22:23:20,2024-11-19
13000001368,785,1,9,,2024-11-20 03:01:47,2024-11-20
13000001369,1286,1,8,,2024-11-20 05:04:53,2024-11-20
13000001370,696,1,10,Entrega rápida y producto excelente,2024-11-20 10:20:56,2024-11-20
13000001371,1949,1,7,La entrega podría ser más rápida,2024-11-20 12:28:30,2024-11-20
13000001372,65,1,9,,2024-11-20 12:30:24,2024-11-20
13000001373,1932,1,9,Muy conforme con la calidad,2024-11-20 15:19:45,2024-11-20
13000001374,404,1,8,"Correcto, sin sorpresas",2024-11-20 17:43:21,2024-11-20
13000001375,1121,1,7,La entrega podría ser más rápida,2024-11-20 20:10:03,2024-11-20
13000001376,1182,1,8,"Buen producto, un poco caro",2024-11-21 02:55:05,2024-11-21
13000001377,118,1,10,Entrega rápida y producto excelente,2024-11-21 06:19:56,2024-11-21
13000001378,53,1,9,Volvería a comprar,2024-11-21 10:58:14,2024-11-21
13000001379,1600,1,9,Muy conforme con la calidad,2024-11-21 12:28:41,2024-11-21
13000001380,1592,1,10,"Excelente botella, mantiene la temperatura",2024-11-21 12:32:19,2024-11-21
13000001381,1024,1,9,Entrega rápida y producto excelente,2024-11-21 13:37:21,2024-11-21
13000001382,299,1,10,Entrega rápida y producto excelente,2024-11-21 14:36:44,2024-11-21
13000001383,461,1,5,Llegó con la caja dañada,2024-11-21 14:40:03,2024-11-21
13000001384,1351,1,5,Tardó mucho más de lo esperado,2024-11-21 16:11:25,2024-11-21
13000001385,1940,1,9,Entrega rápida y producto excelente,2024-11-21 17:06:05,2024-11-21
13000001386,984,1,10,Entrega rápida y producto excelente,2024-11-21 20:51:36,2024-11-21
13000001387,1254,1,10,Entrega rápida y producto excelente,2024-11-21 21:10:21,2024-11-21
13000001388,405,1,8,,2024-11-21 22:50:03,2024-11-21
13000001389,1956,1,7,,2024-11-22 00:13:05,2024-11-22
13000001390,339,1,9,Entrega rápida y producto excelente,2024-11-22 02:14:35,2024-11-22
13000001391,1313,1,9,Entrega rápida y producto excelente,2024-11-22 10:28:34,2024-11-22
13000001392,176,1,10,,2024-11-22 11:02:29,2024-11-22
13000001393,1955,1,9,,2024-11-22 21:48:49,2024-11-22
13000001394,1151,2,8,Podría mejorar el empaque,2024-11-22 22:08:35,2024-11-22
13000001395,172,1,7,,2024-11-23 02:24:28,2024-11-23
13000001396,1967,1,8,,2024-11-23 03:58:16,2024-11-23
13000001397,1936,1,10,,2024-11-23 05:43:18,2024-11-23
13000001398,1432,1,7,Me gustaría más variedad de colores,2024-11-23 08:45:53,2024-11-23
13000001399,1941,1,7,La entrega podría ser más rápida,2024-11-23 13:07:55,2024-11-23
13000001400,793,2,5,,2024-11-23 14:03:49,2024-11-23
13000001401,1704,2,9,Todo perfecto,2024-11-24 12:13:36,2024-11-24
13000001402,535,2,8,,2024-11-24 14:48:34,2024-11-24
13000001403,628,2,10,Todo perfecto,2024-11-24 20:15:43,2024-11-24
13000001404,745,2,8,,2024-11-24 20:42:46,2024-11-24
13000001405,1255,2,10,,2024-11-25 01:24:39,2024-11-25
13000001406,1954,1,9,Entrega rápida y producto excelente,2024-11-25 10:17:46,2024-11-25
13000001407,1275,1,6,,2024-11-25 11:49:55,2024-11-25
13000001408,456,1,10,Entrega rápida y producto excelente,2024-11-25 20:27:34,2024-11-25
13000001409,715,1,10,,2024-11-26 00:25:51,2024-11-26
13000001410,1345,1,9,,2024-11-26 00:31:43,2024-11-26
13000001411,1966,1,9,,2024-11-26 00:58:40,2024-11-26
13000001412,1830,1,10,,2024-11-26 03:58:44,2024-11-26
13000001413,595,1,9,"Excelente botella, mantiene la temperatura",2024-11-26 14:02:12,2024-11-26
13000001414,,1,5,Tardó mucho más de lo esperado,2024-11-26 20:32:34,2024-11-26
13000001415,713,1,8,,2024-11-26 20:59:18,2024-11-26
13000001416,639,1,10,Muy conforme con la calidad,2024-11-27 10:22:20,2024-11-27
13000001417,1964,1,9,,2024-11-27 14:19:12,2024-11-27
13000001418,1626,1,5,,2024-11-27 15:11:39,2024-11-27
13000001419,1441,2,6,No cumplió mis expectativas,2024-11-27 20:39:54,2024-11-27
13000001420,1043,1,7,,2024-11-28 08:00:13,2024-11-28
13000001421,1906,1,10,Entrega rápida y producto excelente,2024-11-28 10:36:27,2024-11-28
13000001422,1257,1,9,Entrega rápida y producto excelente,2024-11-28 11:34:09,2024-11-28
13000001423,1610,1,8,La entrega podría ser más rápida,2024-11-28 14:00:34,2024-11-28
13000001424,1361,1,4,Llegó con la caja dañada,2024-11-28 14:04:37,2024-11-28
13000001425,1959,1,7,,2024-11-28 14:27:33,2024-11-28
13000001426,579,1,8,,2024-11-28 15:16:45,2024-11-28
13000001427,350,2,9,Muy buena atención en la tienda,2024-11-28 15:52:59,2024-11-28
13000001428,1855,1,8,,2024-11-28 16:16:11,2024-11-28
13000001429,1486,1,10,"Excelente botella, mantiene la temperatura",2024-11-28 18:44:34,2024-11-28
13000001430,472,2,9,"Excelente botella, mantiene la temperatura",2024-11-29 06:00:45,2024-11-29
13000001431,1589,2,10,"Excelente botella, mantiene la temperatura",2024-11-29 10:49:52,2024-11-29
13000001432,705,1,5,El envío demoró y nadie me avisó,2024-11-29 11:43:49,2024-11-29
13000001433,1975,1,8,La entrega podría ser más rápida,2024-11-29 13:02:44,2024-11-29
13000001434,1878,1,10,,2024-11-29 15:54:13,2024-11-29
13000001435,1994,1,9,,2024-11-29 18:11:27,2024-11-29
13000001436,2026,2,7,,2024-11-29 18:24:03,2024-11-29
13000001437,897,2,9,"Excelente botella, mantiene la temperatura",2024-11-29 19:00:48,2024-11-29
13000001438,2025,2,10,,2024-11-30 01:07:03,2024-11-30
13000001439,270,1,9,Entrega rápida y producto excelente,2024-11-30 10:08:28,2024-11-30
13000001440,488,1,7,,2024-11-30 10:51:54,2024-11-30
13000001441,1015,2,10,Muy buena atención en la tienda,2024-11-30 16:38:17,2024-11-30
13000001442,1839,2,10,,2024-12-01 10:25:04,2024-12-01
13000001443,665,2,10,Muy buena atención en la tienda,2024-12-02 01:14:19,2024-12-02
13000001444,1784,1,10,,2024-12-02 10:51:33,2024-12-02
13000001445,1913,1,1,Tardó mucho más de lo esperado,2024-12-02 11:48:26,2024-12-02
13000001446,644,1,10,Entrega rápida y producto excelente,2024-12-02 12:47:19,2024-12-02
13000001447,1204,1,7,,2024-12-02 13:34:56,2024-12-02
13000001448,,2,5,La tapa pierde líquido,2024-12-02 13:47:21,2024-12-02
13000001449,1989,1,10,,2024-12-02 14:00:11,2024-12-02
13000001450,104,1,6,La tapa pierde líquido,2024-12-02 20:12:36,2024-12-02
13000001451,1997,1,9,Volvería a comprar,2024-12-02 20:37:28,2024-12-02
13000001452,2002,2,10,,2024-12-03 11:59:31,2024-12-03
13000001453,1655,2,7,,2024-12-03 15:16:11,2024-12-03
13000001454,1569,2,10,,2024-12-03 16:31:35,2024-12-03
13000001455,1489,2,7,"Buen producto, un poco caro",2024-12-03 17:53:13,2024-12-03
13000001456,1995,1,7,La entrega podría ser más rápida,2024-12-03 22:42:11,2024-12-03
13000001457,1070,1,10,,2024-12-04 06:38:58,2024-12-04
13000001458,791,1,8,"Correcto, sin sorpresas",2024-12-04 11:09:03,2024-12-04
13000001459,455,2,7,,2024-12-04 12:28:28,2024-12-04
13000001460,1973,1,7,,2024-12-04 16:53:52,2024-12-04
13000001461,1998,1,7,,2024-12-05 01:43:46,2024-12-05
13000001462,526,1,8,,2024-12-05 11:00:46,2024-12-05
13000001463,1187,1,10,Volvería a comprar,2024-12-05 11:47:54,2024-12-05
13000001464,2067,2,7,Me gustaría más variedad de colores,2024-12-05 12:45:52,2024-12-05
13000001465,1086,2,9,Muy buena atención en la tienda,2024-12-05 13:22:59,2024-12-05
13000001466,432,1,9,Volvería a comprar,2024-12-05 19:03:12,2024-12-05
13000001467,,1,8,,2024-12-05 22:26:36,2024-12-05
13000001468,2011,1,8,Me gustaría más variedad de colores,2024-12-06 03:50:35,2024-12-06
13000001469,1493,2,8,,2024-12-06 05:32:15,2024-12-06
13000001470,1267,1,7,,2024-12-06 11:13:04,2024-12-06
13000001471,1465,1,8,,2024-12-06 11:23:57,2024-12-06
13000001472,1377,2,8,Me gustaría más variedad de colores,2024-12-06 13:11:52,2024-12-06
13000001473,1512,1,7,"Buen producto, un poco caro",2024-12-06 13:42:46,2024-12-06
13000001474,566,1,10,Entrega rápida y producto excelente,2024-12-06 16:19:12,2024-12-06
13000001475,1692,2,7,Me gustaría más variedad de colores,2024-12-06 16:49:11,2024-12-06
13000001476,1729,1,10,Entrega rápida y producto excelente,2024-12-06 21:11:30,2024-12-06
13000001477,,2,9,Muy buena atención en la tienda,2024-12-07 14:35:32,2024-12-07
13000001478,2005,1,9,,2024-12-08 00:02:05,2024-12-08
13000001479,882,2,10,,2024-12-08 12:03:40,2024-12-08
13000001480,380,2,6,No cumplió mis expectativas,2024-12-08 12:07:49,2024-12-08
13000001481,1382,2,9,"Excelente botella, mantiene la temperatura",2024-12-08 16:35:42,2024-12-08
13000001482,1820,2,9,,2024-12-08 19:16:15,2024-12-08
13000001483,2073,2,6,Tuve que esperar mucho en la caja,2024-12-09 00:37:09,2024-12-09
13000001484,2006,1,3,Tardó mucho más de lo esperado,2024-12-09 13:50:48,2024-12-09
13000001485,1159,1,10,"Excelente botella, mantiene la temperatura",2024-12-09 15:05:09,2024-12-09
13000001486,1557,1,7,Me gustaría más variedad de colores,2024-12-09 19:57:05,2024-12-09
13000001487,,1,10,Entrega rápida y producto excelente,2024-12-10 00:07:45,2024-12-10
13000001488,84,1,7,"Buen producto, un poco caro",2024-12-10 06:09:30,2024-12-10
13000001489,,1,9,,2024-12-10 10:18:24,2024-12-10
13000001490,,2,9,,2024-12-10 11:19:51,2024-12-10
13000001491,,1,8,La entrega podría ser más rápida,2024-12-10 14:57:43,2024-12-10
13000001492,1834,1,10,,2024-12-10 20:33:52,2024-12-10
13000001493,2018,1,6,La tapa pierde líquido,2024-12-10 22:10:39,2024-12-10
13000001494,1674,1,9,Muy conforme con la calidad,2024-12-10 23:46:34,2024-12-10
13000001495,328,1,8,,2024-12-11 00:47:53,2024-12-11
13000001496,2021,1,7,,2024-12-11 10:00:14,2024-12-11
13000001497,1538,1,10,,2024-12-11 11:11:45,2024-12-11
13000001498,1703,1,9,Volvería a comprar,2024-12-11 12:43:13,2024-12-11
13000001499,2022,1,8,,2024-12-11 12:44:31,2024-12-11
13000001500,2046,1,7,La entrega podría ser más rápida,2024-12-11 14:29:23,2024-12-11
13000001501,1865,1,7,,2024-12-11 23:37:30,2024-12-11
13000001502,740,1,9,Volvería a comprar,2024-12-12 01:30:45,2024-12-12
13000001503,20,1,8,,2024-12-12 05:41:14,2024-12-12
13000001504,2049,1,10,Volvería a comprar,2024-12-12 08:21:49,2024-12-12
13000001505,502,1,9,Volvería a comprar,2024-12-12 10:33:32,2024-12-12
13000001506,1328,1,4,Llegó con la caja dañada,2024-12-12 12:36:13,2024-12-12
13000001507,1291,2,10,Muy buena atención en la tienda,2024-12-12 17:20:03,2024-12-12
13000001508,2050,1,8,Podría mejorar el empaque,2024-12-12 17:27:27,2024-12-12
13000001509,1157,2,8,"Buen producto, un poco caro",2024-12-12 17:51:03,2024-12-12
13000001510,1088,1,10,,2024-12-12 18:16:03,2024-12-12
13000001511,1114,1,6,,2024-12-12 19:50:15,2024-12-12
13000001512,1122,2,10,,2024-12-13 03:39:38,2024-12-13
13000001513,2106,2,10,,2024-12-13 10:29:35,2024-12-13
13000001514,647,2,9,,2024-12-13 10:45:32,2024-12-13
13000001515,1443,2,8,,2024-12-13 12:35:17,2024-12-13
13000001516,182,1,8,,2024-12-13 13:38:51,2024-12-13
13000001517,602,1,8,Me gustaría más variedad de colores,2024-12-13 17:17:06,2024-12-13
13000001518,1430,2,9,Muy buena atención en la tienda,2024-12-13 20:32:46,2024-12-13
13000001519,1931,1,9,,2024-12-13 21:46:03,2024-12-13
13000001520,1668,1,10,Entrega rápida y producto excelente,2024-12-14 00:34:47,2024-12-14
13000001521,2036,1,8,,2024-12-14 05:40:56,2024-12-14
13000001522,1863,2,8,,2024-12-14 10:23:47,2024-12-14
13000001523,1758,2,10,,2024-12-14 11:51:55,2024-12-14
13000001524,1946,1,9,Muy conforme con la calidad,2024-12-14 14:20:01,2024-12-14
13000001525,859,2,10,Muy buena atención en la tienda,2024-12-14 14:53:09,2024-12-14
13000001526,2124,2,7,"Correcto, sin sorpresas",2024-12-14 17:26:06,2024-12-14
13000001527,1089,2,8,,2024-12-14 19:32:31,2024-12-14
13000001528,880,2,9,,2024-12-15 10:18:15,2024-12-15
13000001529,388,2,9,Muy buena atención en la tienda,2024-12-15 16:25:26,2024-12-15
13000001530,640,2,10,"Excelente botella, mantiene la temperatura",2024-12-15 17:25:51,2024-12-15
13000001531,251,2,9,Muy conforme con la calidad,2024-12-16 02:16:39,2024-12-16
13000001532,2068,1,9,,2024-12-16 14:27:45,2024-12-16
13000001533,1852,1,8,Me gustaría más variedad de colores,2024-12-16 15:59:53,2024-12-16
13000001534,,1,7,"Correcto, sin sorpresas",2024-12-16 17:43:37,2024-12-16
13000001535,490,1,10,Entrega rápida y producto excelente,2024-12-17 10:37:47,2024-12-17
13000001536,758,2,10,Muy buena atención en la tienda,2024-12-17 13:48:35,2024-12-17
13000001537,1919,1,9,"Excelente botella, mantiene la temperatura",2024-12-17 14:02:31,2024-12-17
13000001538,1782,2,8,"Buen producto, un poco caro",2024-12-17 14:57:45,2024-12-17
13000001539,423,1,10,Muy conforme con la calidad,2024-12-17 23:01:28,2024-12-17
13000001540,,2,9,Muy buena atención en la tienda,2024-12-17 23:18:53,2024-12-17
13000001541,1725,1,6,,2024-12-18 00:19:02,2024-12-18
13000001542,,2,9,Volvería a comprar,2024-12-18 01:30:27,2024-12-18
13000001543,267,2,10,,2024-12-18 02:21:11,2024-12-18
13000001544,1324,2,10,,2024-12-18 10:40:56,2024-12-18
13000001545,849,1,10,Muy conforme con la calidad,2024-12-18 11:09:45,2024-12-18
13000001546,2076,1,4,Tuve que devolverlo,2024-12-18 11:10:28,2024-12-18
13000001547,1625,1,6,La tapa pierde líquido,2024-12-18 11:52:48,2024-12-18
13000001548,2077,1,6,,2024-12-18 15:54:12,2024-12-18
13000001549,382,1,7,Podría mejorar el empaque,2024-12-18 16:04:24,2024-12-18
13000001550,515,2,10,Todo perfecto,2024-12-18 17:53:23,2024-12-18
13000001551,841,2,10,Muy buena atención en la tienda,2024-12-19 01:47:08,2024-12-19
13000001552,805,2,9,Muy buena atención en la tienda,2024-12-19 09:07:44,2024-12-19
13000001553,614,2,9,"Excelente botella, mantiene la temperatura",2024-12-19 09:48:18,2024-12-19
13000001554,1983,2,9,,2024-12-19 10:46:39,2024-12-19
13000001555,723,2,8,,2024-12-19 13:39:16,2024-12-19
13000001556,1714,2,10,,2024-12-19 13:53:48,2024-12-19
13000001557,1787,1,10,,2024-12-19 14:14:10,2024-12-19
13000001558,441,2,8,,2024-12-19 14:24:38,2024-12-19
13000001559,434,2,10,"Excelente botella, mantiene la temperatura",2024-12-19 15:31:58,2024-12-19
13000001560,2081,1,4,Llegó con la caja dañada,2024-12-19 18:30:18,2024-12-19
13000001561,1683,2,8,"Correcto, sin sorpresas",2024-12-19 20:08:52,2024-12-19
13000001562,448,2,8,Me gustaría más variedad de colores,2024-12-19 21:11:47,2024-12-19
13000001563,1633,1,9,Entrega rápida y producto excelente,2024-12-19 23:28:22,2024-12-19
13000001564,455,2,9,"Excelente botella, mantiene la temperatura",2024-12-20 01:46:26,2024-12-20
13000001565,1041,2,4,No cumplió mis expectativas,2024-12-20 03:39:19,2024-12-20
13000001566,1541,1,9,Entrega rápida y producto excelente,2024-12-20 08:17:53,2024-12-20
13000001567,934,1,8,"Correcto, sin sorpresas",2024-12-20 11:19:51,2024-12-20
13000001568,1622,1,7,La entrega podría ser más rápida,2024-12-20 13:08:42,2024-12-20
13000001569,2083,1,5,,2024-12-20 16:03:02,2024-12-20
13000001570,871,2,8,"Correcto, sin sorpresas",2024-12-21 00:32:04,2024-12-21
13000001571,2082,1,8,La entrega podría ser más rápida,2024-12-21 00:44:45,2024-12-21
13000001572,613,1,7,La entrega podría ser más rápida,2024-12-21 03:06:55,2024-12-21
13000001573,2174,2,6,,2024-12-21 18:45:04,2024-12-21
13000001574,1403,2,9,"Excelente botella, mantiene la temperatura",2024-12-21 18:58:55,2024-12-21
13000001575,1737,2,10,"Excelente botella, mantiene la temperatura",2024-12-21 19:55:20,2024-12-21
13000001576,641,2,10,Volvería a comprar,2024-12-21 20:48:33,2024-12-21
13000001577,1272,2,8,Me gustaría más variedad de colores,2024-12-22 01:22:25,2024-12-22
13000001578,1261,2,7,"Buen producto, un poco caro",2024-12-22 03:00:21,2024-12-22
13000001579,,2,8,,2024-12-22 05:24:24,2024-12-22
13000001580,2123,2,8,Podría mejorar el empaque,2024-12-22 17:05:39,2024-12-22
13000001581,1204,2,10,"Excelente botella, mantiene la temperatura",2024-12-22 22:33:39,2024-12-22
13000001582,1543,1,10,Entrega rápida y producto excelente,2024-12-23 11:40:03,2024-12-23
13000001583,870,1,9,,2024-12-23 12:29:25,2024-12-23
13000001584,2093,1,8,La entrega podría ser más rápida,2024-12-23 14:01:32,2024-12-23
13000001585,,1,8,,2024-12-23 16:35:24,2024-12-23
13000001586,788,1,7,,2024-12-23 19:16:19,2024-12-23
13000001587,705,1,9,Entrega rápida y producto excelente,2024-12-24 06:19:17,2024-12-24
13000001588,1189,1,7,La entrega podría ser más rápida,2024-12-24 08:16:35,2024-12-24
13000001589,,1,9,Entrega rápida y producto excelente,2024-12-24 11:04:06,2024-12-24
13000001590,409,1,8,,2024-12-24 11:38:01,2024-12-24
13000001591,2085,1,6,Tardó mucho más de lo esperado,2024-12-24 12:18:29,2024-12-24
13000001592,656,2,7,,2024-12-24 12:56:36,2024-12-24
13000001593,1477,2,9,Muy conforme con la calidad,2024-12-24 13:36:10,2024-12-24
13000001594,,2,6,Tuve que devolverlo,2024-12-24 13:53:16,2024-12-24
13000001595,946,1,9,Muy conforme con la calidad,2024-12-24 15:50:10,2024-12-24
13000001596,1448,1,8,La entrega podría ser más rápida,2024-12-24 17:21:34,2024-12-24
13000001597,,2,9,Muy buena atención en la tienda,2024-12-24 17:25:59,2024-12-24
13000001598,1469,1,5,Llegó con la caja dañada,2024-12-25 04:10:31,2024-12-25
13000001599,300,1,7,La entrega podría ser más rápida,2024-12-25 06:51:59,2024-12-25
13000001600,2105,1,9,,2024-12-25 07:53:34,2024-12-25
13000001601,2138,1,6,La tapa pierde líquido,2024-12-25 11:31:33,2024-12-25
13000001602,2116,1,5,Llegó con la caja dañada,2024-12-25 16:38:57,2024-12-25
13000001603,2103,1,10,Muy conforme con la calidad,2024-12-25 16:48:16,2024-12-25
13000001604,2094,1,9,Entrega rápida y producto excelente,2024-12-25 20:40:45,2024-12-25
13000001605,1415,1,8,La entrega podría ser más rápida,2024-12-25 20:54:12,2024-12-25
13000001606,1509,1,8,La entrega podría ser más rápida,2024-12-25 23:32:52,2024-12-25
13000001607,666,1,6,,2024-12-25 23:53:31,2024-12-25
13000001608,143,2,7,,2024-12-26 02:04:17,2024-12-26
13000001609,2110,1,8,,2024-12-26 10:18:31,2024-12-26
13000001610,1057,1,9,Todo perfecto,2024-12-26 12:13:30,2024-12-26
13000001611,785,1,9,,2024-12-26 13:36:39,2024-12-26
13000001612,2028,1,8,,2024-12-26 20:41:23,2024-12-26
13000001613,1907,1,8,,2024-12-26 20:47:47,2024-12-26
13000001614,1762,1,9,Volvería a comprar,2024-12-26 23:57:59,2024-12-26
13000001615,2012,1,7,La entrega podría ser más rápida,2024-12-27 00:53:17,2024-12-27
13000001616,1780,1,10,"Excelente botella, mantiene la temperatura",2024-12-27 01:43:39,2024-12-27
13000001617,1534,1,10,,2024-12-27 08:40:14,2024-12-27
13000001618,2117,1,7,"Correcto, sin sorpresas",2024-12-27 10:12:31,2024-12-27
13000001619,1119,2,10,,2024-12-27 10:25:19,2024-12-27
13000001620,1422,1,9,,2024-12-27 11:53:45,2024-12-27
13000001621,1667,1,8,Me gustaría más variedad de colores,2024-12-27 12:22:32,2024-12-27
13000001622,1306,1,7,La entrega podría ser más rápida,2024-12-27 13:52:19,2024-12-27
13000001623,932,1,8,Podría mejorar el empaque,2024-12-27 15:32:26,2024-12-27
13000001624,1233,1,10,Entrega rápida y producto excelente,2024-12-27 17:03:53,2024-12-27
13000001625,942,1,8,"Buen producto, un poco caro",2024-12-27 19:35:46,2024-12-27
13000001626,2148,1,9,Muy conforme con la calidad,2024-12-27 20:40:44,2024-12-27
13000001627,2113,1,8,La entrega podría ser más rápida,2024-12-28 05:40:24,2024-12-28
13000001628,1046,1,4,El envío demoró y nadie me avisó,2024-12-28 06:21:36,2024-12-28
13000001629,268,1,7,"Buen producto, un poco caro",2024-12-28 07:32:31,2024-12-28
13000001630,1258,1,9,,2024-12-28 14:18:08,2024-12-28
13000001631,571,2,10,"Excelente botella, mantiene la temperatura",2024-12-28 16:12:50,2024-12-28
13000001632,1121,2,10,Muy buena atención en la tienda,2024-12-29 12:57:51,2024-12-29
13000001633,1775,2,9,,2024-12-29 13:07:21,2024-12-29
13000001634,395,2,7,"Buen producto, un poco caro",2024-12-29 14:53:03,2024-12-29
13000001635,2228,2,6,Tuve que esperar mucho en la caja,2024-12-29 15:13:10,2024-12-29
13000001636,1432,1,7,,2024-12-30 10:11:14,2024-12-30
13000001637,629,1,6,No cumplió mis expectativas,2024-12-30 10:19:11,2024-12-30
13000001638,2137,1,9,,2024-12-30 10:19:12,2024-12-30
13000001639,996,1,9,,2024-12-30 10:57:52,2024-12-30
13000001640,457,1,5,,2024-12-30 12:25:20,2024-12-30
13000001641,1053,1,10,Todo perfecto,2024-12-30 12:39:31,2024-12-30
13000001642,1424,1,5,,2024-12-30 13:17:36,2024-12-30
13000001643,1992,1,8,La entrega podría ser más rápida,2024-12-30 13:17:51,2024-12-30
13000001644,1842,1,2,,2024-12-30 14:13:57,2024-12-30
13000001645,2154,1,5,Llegó con la caja dañada,2024-12-30 14:15:55,2024-12-30
13000001646,354,1,7,,2024-12-30 15:22:08,2024-12-30
13000001647,1750,1,9,Muy conforme con la calidad,2024-12-30 18:15:05,2024-12-30
13000001648,2060,1,10,Entrega rápida y producto excelente,2024-12-30 20:43:03,2024-12-30
13000001649,1813,1,7,,2024-12-31 01:33:51,2024-12-31
13000001650,2141,1,4,No cumplió mis expectativas,2024-12-31 02:00:21,2024-12-31
13000001651,2088,2,9,,2024-12-31 10:02:18,2024-12-31
13000001652,1452,1,3,,2024-12-31 12:56:12,2024-12-31
13000001653,1679,1,8,Me gustaría más variedad de colores,2024-12-31 16:45:28,2024-12-31
13000001654,80,2,8,Me gustaría más variedad de colores,2024-12-31 17:47:32,2024-12-31
13000001655,1019,1,4,La tapa pierde líquido,2024-12-31 18:24:10,2024-12-31
13000001656,1371,1,8,"Correcto, sin sorpresas",2024-12-31 20:37:47,2024-12-31
13000001657,1479,1,10,Todo perfecto,2024-12-31 21:31:25,2024-12-31
13000001658,,1,6,El envío demoró y nadie me avisó,2024-12-31 22:50:43,2024-12-31
13000001659,331,1,7,Me gustaría más variedad de colores,2025-01-01 07:08:02,2025-01-01
13000001660,2240,2,8,,2025-01-01 14:04:45,2025-01-01
13000001661,533,1,2,La tapa pierde líquido,2025-01-02 10:26:29,2025-01-02
13000001662,844,1,10,,2025-01-02 11:48:56,2025-01-02
13000001663,1970,1,8,,2025-01-02 12:50:29,2025-01-02
13000001664,1598,1,9,Entrega rápida y producto excelente,2025-01-02 16:49:26,2025-01-02
13000001665,1748,1,6,El envío demoró y nadie me avisó,2025-01-03 05:19:24,2025-01-03
13000001666,333,1,5,No cumplió mis expectativas,2025-01-03 06:05:43,2025-01-03
13000001667,1389,1,9,,2025-01-03 10:21:06,2025-01-03
13000001668,104,1,7,La entrega podría ser más rápida,2025-01-03 10:38:46,2025-01-03
13000001669,1883,2,6,La tapa pierde líquido,2025-01-03 12:27:03,2025-01-03
13000001670,2183,1,7,,2025-01-03 13:22:52,2025-01-03
13000001671,357,1,9,,2025-01-03 13:48:58,2025-01-03
13000001672,2249,2,10,,2025-01-03 13:55:13,2025-01-03
13000001673,1302,1,7,La entrega podría ser más rápida,2025-01-03 15:30:13,2025-01-03
13000001674,1012,1,9,Muy conforme con la calidad,2025-01-03 15:53:42,2025-01-03
13000001675,1860,2,10,Todo perfecto,2025-01-03 15:53:50,2025-01-03
13000001676,1329,1,7,"Buen producto, un poco caro",2025-01-03 16:00:50,2025-01-03
13000001677,2165,1,5,Llegó con la caja dañada,2025-01-03 17:20:53,2025-01-03
13000001678,1472,2,10,Volvería a comprar,2025-01-03 19:41:58,2025-01-03
13000001679,1701,2,6,Poco stock en la tienda,2025-01-03 20:31:29,2025-01-03
13000001680,330,1,10,,2025-01-03 23:39:05,2025-01-03
13000001681,460,1,8,,2025-01-04 03:31:25,2025-01-04
13000001682,,2,10,,2025-01-04 14:54:19,2025-01-04
13000001683,2185,1,9,,2025-01-04 16:49:19,2025-01-04
13000001684,1414,2,10,Muy buena atención en la tienda,2025-01-05 02:37:57,2025-01-05
13000001685,1165,2,8,,2025-01-05 12:18:51,2025-01-05
13000001686,2261,2,8,Me gustaría más variedad de colores,2025-01-05 15:17:10,2025-01-05
13000001687,115,1,6,La tapa pierde líquido,2025-01-06 10:04:23,2025-01-06
13000001688,764,1,10,Muy conforme con la calidad,2025-01-06 10:50:39,2025-01-06
13000001689,909,1,4,No cumplió mis expectativas,2025-01-06 12:06:13,2025-01-06
13000001690,496,1,9,Entrega rápida y producto excelente,2025-01-06 12:38:11,2025-01-06
13000001691,2175,1,3,,2025-01-06 16:38:55,2025-01-06
13000001692,2182,1,6,El envío demoró y nadie me avisó,2025-01-06 18:55:34,2025-01-06
13000001693,2205,1,10,,2025-01-07 04:41:01,2025-01-07
13000001694,1838,2,9,Todo perfecto,2025-01-07 10:12:54,2025-01-07
13000001695,2049,1,4,Tardó mucho más de lo esperado,2025-01-07 11:05:33,2025-01-07
13000001696,2229,1,10,Entrega rápida y producto excelente,2025-01-07 11:25:16,2025-01-07
13000001697,715,1,7,,2025-01-07 11:49:39,2025-01-07
13000001698,457,1,10,Entrega rápida y producto excelente,2025-01-07 11:59:05,2025-01-07
13000001699,2206,1,10,,2025-01-07 12:05:10,2025-01-07
13000001700,152,1,10,Entrega rápida y producto excelente,2025-01-07 12:37:21,2025-01-07
13000001701,1570,1,10,Entrega rápida y producto excelente,2025-01-07 13:30:01,2025-01-07
13000001702,2190,1,6,El envío demoró y nadie me avisó,2025-01-07 13:39:46,2025-01-07
13000001703,2202,1,7,,2025-01-07 15:54:07,2025-01-07
13000001704,,1,10,Muy conforme con la calidad,2025-01-07 19:03:54,2025-01-07
13000001705,11,1,9,Entrega rápida y producto excelente,2025-01-07 19:16:08,2025-01-07
13000001706,2210,1,10,Entrega rápida y producto excelente,2025-01-08 00:40:28,2025-01-08
13000001707,789,1,2,Tardó mucho más de lo esperado,2025-01-08 00:42:42,2025-01-08
13000001708,1318,2,6,No cumplió mis expectativas,2025-01-08 06:01:39,2025-01-08
13000001709,521,1,4,Tardó mucho más de lo esperado,2025-01-08 09:27:30,2025-01-08
13000001710,2230,1,8,,2025-01-08 13:33:03,2025-01-08
13000001711,1277,2,7,"Correcto, sin sorpresas",2025-01-08 15:29:17,2025-01-08
13000001712,1944,1,10,Entrega rápida y producto excelente,2025-01-08 16:46:27,2025-01-08
13000001713,547,1,10,Entrega rápida y producto excelente,2025-01-09 10:01:27,2025-01-09
13000001714,1607,1,3,No cumplió mis expectativas,2025-01-09 10:30:17,2025-01-09
13000001715,2227,1,5,Llegó con la caja dañada,2025-01-09 13:55:48,2025-01-09
13000001716,1624,1,7,La entrega podría ser más rápida,2025-01-09 14:47:39,2025-01-09
13000001717,2189,1,7,Me gustaría más variedad de colores,2025-01-09 15:40:53,2025-01-09
13000001718,2218,1,8,Me gustaría más variedad de colores,2025-01-09 16:03:42,2025-01-09
13000001719,1379,1,4,La tapa pierde líquido,2025-01-09 16:07:27,2025-01-09
13000001720,1330,1,3,La tapa pierde líquido,2025-01-09 18:37:17,2025-01-09
13000001721,1921,1,7,,2025-01-09 18:45:12,2025-01-09
13000001722,1172,1,8,,2025-01-09 18:45:50,2025-01-09
13000001723,1870,1,9,Entrega rápida y producto excelente,2025-01-09 20:00:39,2025-01-09
13000001724,653,1,9,,2025-01-09 20:11:58,2025-01-09
13000001725,1497,2,9,,2025-01-09 22:48:01,2025-01-09
13000001726,1294,1,7,Me gustaría más variedad de colores,2025-01-09 23:34:49,2025-01-09
13000001727,1637,1,6,No cumplió mis expectativas,2025-01-10 01:12:23,2025-01-10
13000001728,1385,2,10,Muy buena atención en la tienda,2025-01-10 10:15:58,2025-01-10
13000001729,258,2,8,Me gustaría más variedad de colores,2025-01-10 12:27:24,2025-01-10
13000001730,2221,1,10,,2025-01-10 13:14:35,2025-01-10
13000001731,1636,1,5,No cumplió mis expectativas,2025-01-10 14:08:55,2025-01-10
13000001732,2242,1,9,,2025-01-10 19:32:47,2025-01-10
13000001733,2216,1,9,,2025-01-10 21:44:02,2025-01-10
13000001734,125,1,10,Entrega rápida y producto excelente,2025-01-10 23:11:19,2025-01-10
13000001735,544,2,8,,2025-01-11 16:26:27,2025-01-11
13000001736,1836,2,9,,2025-01-12 12:48:11,2025-01-12
13000001737,1607,2,8,,2025-01-12 12:57:48,2025-01-12
13000001738,2215,2,7,,2025-01-12 15:44:52,2025-01-12
13000001739,2254,1,10,,2025-01-13 10:32:02,2025-01-13
13000001740,1955,1,7,"Correcto, sin sorpresas",2025-01-13 15:59:47,2025-01-13
13000001741,998,1,7,La entrega podría ser más rápida,2025-01-13 16:53:10,2025-01-13
13000001742,1654,1,5,Tardó mucho más de lo esperado,2025-01-13 20:21:49,2025-01-13
13000001743,1135,1,10,,2025-01-14 03:35:16,2025-01-14
13000001744,351,1,10,Entrega rápida y producto excelente,2025-01-14 12:38:45,2025-01-14
13000001745,1118,1,6,La tapa pierde líquido,2025-01-14 12:47:39,2025-01-14
13000001746,2060,1,9,Entrega rápida y producto excelente,2025-01-14 13:41:06,2025-01-14
13000001747,1175,1,7,La entrega podría ser más rápida,2025-01-14 14:51:58,2025-01-14
13000001748,1404,1,9,Entrega rápida y producto excelente,2025-01-14 15:22:19,2025-01-14
13000001749,567,1,8,,2025-01-14 19:26:14,2025-01-14
13000001750,1145,1,7,La entrega podría ser más rápida,2025-01-14 19:57:15,2025-01-14
13000001751,1905,1,6,Llegó con la caja dañada,2025-01-14 22:34:18,2025-01-14
13000001752,1286,1,10,Todo perfecto,2025-01-14 23:14:32,2025-01-14
13000001753,2278,1,8,La entrega podría ser más rápida,2025-01-15 10:28:37,2025-01-15
13000001754,2270,1,10,"Excelente botella, mantiene la temperatura",2025-01-15 10:44:45,2025-01-15
13000001755,751,1,9,Muy conforme con la calidad,2025-01-15 10:52:27,2025-01-15
13000001756,1669,2,8,,2025-01-15 10:59:27,2025-01-15
13000001757,1437,1,10,Entrega rápida y producto excelente,2025-01-15 12:07:39,2025-01-15
13000001758,1400,1,9,,2025-01-15 12:50:54,2025-01-15
13000001759,1142,1,8,La entrega podría ser más rápida,2025-01-15 15:28:38,2025-01-15
13000001760,1257,1,7,Me gustaría más variedad de colores,2025-01-15 17:15:51,2025-01-15
13000001761,1569,2,10,Volvería a comprar,2025-01-15 18:27:22,2025-01-15
13000001762,1104,2,9,Muy buena atención en la tienda,2025-01-15 19:50:09,2025-01-15
13000001763,1449,1,9,Entrega rápida y producto excelente,2025-01-15 21:26:31,2025-01-15
13000001764,1802,1,5,,2025-01-15 23:10:25,2025-01-15
13000001765,2267,1,10,Entrega rápida y producto excelente,2025-01-16 02:58:17,2025-01-16
13000001766,513,1,7,,2025-01-16 11:07:29,2025-01-16
13000001767,,2,7,"Correcto, sin sorpresas",2025-01-16 11:23:23,2025-01-16
13000001768,2265,1,9,Entrega rápida y producto excelente,2025-01-16 12:10:26,2025-01-16
13000001769,1465,1,9,,2025-01-16 12:33:52,2025-01-16
13000001770,639,1,6,Llegó con la caja dañada,2025-01-16 13:41:47,2025-01-16
13000001771,58,1,8,,2025-01-16 14:24:54,2025-01-16
13000001772,2187,1,7,,2025-01-16 16:00:08,2025-01-16
13000001773,2311,2,10,,2025-01-16 20:22:47,2025-01-16
13000001774,1365,1,7,"Buen producto, un poco caro",2025-01-17 12:35:03,2025-01-17
13000001775,1295,2,10,"Excelente botella, mantiene la temperatura",2025-01-17 13:03:17,2025-01-17
13000001776,344,1,10,"Excelente botella, mantiene la temperatura",2025-01-17 14:48:33,2025-01-17
13000001777,2,1,8,"Correcto, sin sorpresas",2025-01-17 15:02:42,2025-01-17
13000001778,,1,7,Podría mejorar el empaque,2025-01-17 16:14:04,2025-01-17
13000001779,2283,1,8,La entrega podría ser más rápida,2025-01-18 04:39:22,2025-01-18
13000001780,2099,2,10,,2025-01-18 11:30:04,2025-01-18
13000001781,246,2,9,,2025-01-19 06:42:47,2025-01-19
13000001782,143,2,7,,2025-01-19 13:34:28,2025-01-19
13000001783,2332,2,8,"Correcto, sin sorpresas",2025-01-19 18:55:58,2025-01-19
13000001784,2274,1,7,,2025-01-20 13:06:53,2025-01-20
13000001785,1510,1,7,"Buen producto, un poco caro",2025-01-20 14:12:15,2025-01-20
13000001786,618,1,10,Entrega rápida y producto excelente,2025-01-21 12:10:37,2025-01-21
13000001787,1955,1,8,La entrega podría ser más rápida,2025-01-21 13:44:29,2025-01-21
13000001788,2100,2,9,Muy buena atención en la tienda,2025-01-21 16:00:56,2025-01-21
13000001789,1153,2,6,Poco stock en la tienda,2025-01-21 16:40:16,2025-01-21
13000001790,2281,1,9,Entrega rápida y producto excelente,2025-01-21 20:09:12,2025-01-21
13000001791,1971,1,9,,2025-01-21 22:40:41,2025-01-21
13000001792,867,2,7,,2025-01-22 00:41:34,2025-01-22
13000001793,,2,7,,2025-01-22 03:38:42,2025-01-22
13000001794,2280,1,8,,2025-01-22 05:07:56,2025-01-22
13000001795,1676,2,9,"Excelente botella, mantiene la temperatura",2025-01-22 10:35:45,2025-01-22
13000001796,2285,1,6,,2025-01-22 10:56:20,2025-01-22
13000001797,1350,1,10,Entrega rápida y producto excelente,2025-01-22 13:51:07,2025-01-22
13000001798,2295,1,8,Me gustaría más variedad de colores,2025-01-22 16:39:06,2025-01-22
13000001799,2300,1,10,,2025-01-22 17:31:26,2025-01-22
13000001800,2288,1,10,Entrega rápida y producto excelente,2025-01-23 02:10:37,2025-01-23
13000001801,517,1,7,,2025-01-23 08:49:40,2025-01-23
13000001802,1155,2,8,Me gustaría más variedad de colores,2025-01-23 10:52:37,2025-01-23
13000001803,1135,1,10,Entrega rápida y producto excelente,2025-01-23 12:44:51,2025-01-23
13000001804,438,1,8,,2025-01-23 15:10:09,2025-01-23
13000001805,480,1,7,,2025-01-23 16:22:30,2025-01-23
13000001806,1847,1,9,,2025-01-23 18:28:32,2025-01-23
13000001807,2356,2,6,Tuve que esperar mucho en la caja,2025-01-23 23:39:27,2025-01-23
13000001808,,1,8,,2025-01-24 02:53:20,2025-01-24
13000001809,2306,1,10,Todo perfecto,2025-01-24 04:27:45,2025-01-24
13000001810,1354,2,9,Volvería a comprar,2025-01-24 04:53:13,2025-01-24
13000001811,2305,1,8,,2025-01-24 11:40:01,2025-01-24
13000001812,1600,1,9,Muy conforme con la calidad,2025-01-24 12:48:16,2025-01-24
13000001813,1015,2,8,"Correcto, sin sorpresas",2025-01-24 13:28:22,2025-01-24
13000001814,2358,2,7,,2025-01-24 21:39:47,2025-01-24
13000001815,1851,1,5,Llegó con la caja dañada,2025-01-25 03:12:20,2025-01-25
13000001816,545,1,9,"Excelente botella, mantiene la temperatura",2025-01-25 03:21:35,2025-01-25
13000001817,969,1,9,Volvería a comprar,2025-01-25 06:01:26,2025-01-25
13000001818,1584,2,10,Muy conforme con la calidad,2025-01-25 11:57:40,2025-01-25
13000001819,2363,2,10,Muy conforme con la calidad,2025-01-25 14:56:36,2025-01-25
13000001820,1671,2,10,Volvería a comprar,2025-01-26 08:06:09,2025-01-26
13000001821,2249,2,8,Me gustaría más variedad de colores,2025-01-26 11:19:37,2025-01-26
13000001822,542,2,10,Muy buena atención en la tienda,2025-01-26 13:44:00,2025-01-26
13000001823,1024,2,7,,2025-01-26 15:58:08,2025-01-26
13000001824,2367,2,10,Muy buena atención en la tienda,2025-01-26 16:14:42,2025-01-26
13000001825,1896,2,10,Muy conforme con la calidad,2025-01-26 16:31:25,2025-01-26
13000001826,1860,2,8,,2025-01-27 07:05:05,2025-01-27
13000001827,60,1,10,"Excelente botella, mantiene la temperatura",2025-01-27 17:01:47,2025-01-27
13000001828,,1,7,"Buen producto, un poco caro",2025-01-27 23:20:08,2025-01-27
13000001829,2323,1,10,"Excelente botella, mantiene la temperatura",2025-01-28 03:00:20,2025-01-28
13000001830,2226,1,10,,2025-01-28 12:48:46,2025-01-28
13000001831,1906,2,10,"Excelente botella, mantiene la temperatura",2025-01-28 12:50:54,2025-01-28
13000001832,2322,1,10,Volvería a comprar,2025-01-28 14:25:15,2025-01-28
13000001833,705,1,10,"Excelente botella, mantiene la temperatura",2025-01-28 15:32:43,2025-01-28
13000001834,203,2,10,,2025-01-28 16:08:51,2025-01-28
13000001835,2093,1,8,,2025-01-28 17:13:12,2025-01-28
13000001836,1523,1,7,Podría mejorar el empaque,2025-01-28 22:58:11,2025-01-28
13000001837,2330,1,9,Todo perfecto,2025-01-29 10:54:06,2025-01-29
13000001838,1674,1,10,Entrega rápida y producto excelente,2025-01-29 11:10:14,2025-01-29
13000001839,567,1,7,La entrega podría ser más rápida,2025-01-29 12:50:58,2025-01-29
13000001840,586,1,7,,2025-01-30 10:39:38,2025-01-30
13000001841,113,1,9,Entrega rápida y producto excelente,2025-01-30 18:35:23,2025-01-30
13000001842,2325,1,8,,2025-01-30 23:23:04,2025-01-30
13000001843,2343,1,10,Volvería a comprar,2025-01-31 02:34:19,2025-01-31
13000001844,2350,1,8,"Correcto, sin sorpresas",2025-01-31 12:46:00,2025-01-31
13000001845,2384,2,10,Todo perfecto,2025-01-31 13:21:13,2025-01-31
13000001846,662,2,10,,2025-01-31 18:06:42,2025-01-31
13000001847,1333,2,5,La tapa pierde líquido,2025-01-31 19:23:06,2025-01-31
13000001848,1497,2,9,,2025-01-31 22:31:52,2025-01-31
13000001849,74,1,9,Entrega rápida y producto excelente,2025-01-31 23:53:36,2025-01-31
13000001850,2342,1,10,"Excelente botella, mantiene la temperatura",2025-02-01 04:12:08,2025-02-01
13000001851,2353,1,10,Entrega rápida y producto excelente,2025-02-01 04:34:37,2025-02-01
13000001852,841,2,7,Podría mejorar el empaque,2025-02-01 11:20:28,2025-02-01
13000001853,2337,1,10,Entrega rápida y producto excelente,2025-02-01 12:59:16,2025-02-01
13000001854,987,2,8,,2025-02-01 17:02:26,2025-02-01
13000001855,1846,2,10,"Excelente botella, mantiene la temperatura",2025-02-02 05:07:18,2025-02-02
13000001856,1740,2,9,Volvería a comprar,2025-02-02 11:00:15,2025-02-02
13000001857,1683,2,8,,2025-02-02 14:33:47,2025-02-02
13000001858,1530,2,10,Muy buena atención en la tienda,2025-02-02 22:22:24,2025-02-02
13000001859,2025,2,7,,2025-02-03 10:13:53,2025-02-03
13000001860,1078,2,9,,2025-02-03 16:21:44,2025-02-03
13000001861,706,1,9,,2025-02-04 14:16:11,2025-02-04
13000001862,,1,6,Tardó mucho más de lo esperado,2025-02-04 16:10:04,2025-02-04
13000001863,1007,2,9,Muy buena atención en la tienda,2025-02-04 18:44:50,2025-02-04
13000001864,648,1,9,Todo perfecto,2025-02-05 10:16:55,2025-02-05
13000001865,1787,2,9,Muy buena atención en la tienda,2025-02-05 10:22:24,2025-02-05
13000001866,1475,1,9,,2025-02-05 10:28:19,2025-02-05
13000001867,572,1,9,"Excelente botella, mantiene la temperatura",2025-02-05 13:07:55,2025-02-05
13000001868,617,1,8,,2025-02-05 16:42:39,2025-02-05
13000001869,1182,1,6,Llegó con la caja dañada,2025-02-05 17:07:01,2025-02-05
13000001870,2058,1,8,"Buen producto, un poco caro",2025-02-05 18:31:02,2025-02-05
13000001871,472,2,8,,2025-02-05 18:39:35,2025-02-05
13000001872,,1,7,Me gustaría más variedad de colores,2025-02-05 18:59:58,2025-02-05
13000001873,1408,1,7,La entrega podría ser más rápida,2025-02-06 00:09:24,2025-02-06
13000001874,2408,2,10,Muy conforme con la calidad,2025-02-06 08:23:49,2025-02-06
13000001875,993,1,8,"Buen producto, un poco caro",2025-02-06 12:52:03,2025-02-06
13000001876,1958,2,6,,2025-02-06 13:10:03,2025-02-06
13000001877,1053,1,8,,2025-02-06 13:11:11,2025-02-06
13000001878,2134,1,10,Todo perfecto,2025-02-06 13:55:13,2025-02-06
13000001879,1813,1,10,,2025-02-07 00:42:18,2025-02-07
13000001880,1571,2,9,,2025-02-07 01:11:59,2025-02-07
13000001881,793,1,10,Entrega rápida y producto excelente,2025-02-07 05:47:15,2025-02-07
13000001882,308,2,10,,2025-02-07 06:32:49,2025-02-07
13000001883,1110,1,10,Entrega rápida y producto excelente,2025-02-07 10:27:06,2025-02-07
13000001884,432,1,9,Entrega rápida y producto excelente,2025-02-07 13:43:25,2025-02-07
13000001885,618,1,10,Todo perfecto,2025-02-07 13:50:11,2025-02-07
13000001886,1916,1,7,"Correcto, sin sorpresas",2025-02-07 15:40:43,2025-02-07
13000001887,2379,1,7,,2025-02-07 16:03:23,2025-02-07
13000001888,1980,1,7,La entrega podría ser más rápida,2025-02-07 16:58:08,2025-02-07
13000001889,1629,1,4,,2025-02-07 17:33:50,2025-02-07
13000001890,2081,1,9,,2025-02-07 19:51:23,2025-02-07
13000001891,350,1,9,Muy conforme con la calidad,2025-02-07 20:15:03,2025-02-07
13000001892,1775,2,10,Muy buena atención en la tienda,2025-02-08 06:20:15,2025-02-08
13000001893,1663,1,8,,2025-02-08 11:29:04,2025-02-08
13000001894,2181,2,10,,2025-02-08 12:43:20,2025-02-08
13000001895,1272,2,9,,2025-02-08 13:07:02,2025-02-08
13000001896,1897,1,10,"Excelente botella, mantiene la temperatura",2025-02-08 15:54:24,2025-02-08
13000001897,2418,2,10,Muy buena atención en la tienda,2025-02-09 08:51:57,2025-02-09
13000001898,1399,2,8,,2025-02-09 10:00:00,2025-02-09
13000001899,2423,2,8,,2025-02-09 10:06:17,2025-02-09
13000001900,1940,2,9,Volvería a comprar,2025-02-09 10:13:47,2025-02-09
13000001901,1856,2,9,Muy buena atención en la tienda,2025-02-09 13:55:55,2025-02-09
13000001902,1976,2,7,"Buen producto, un poco caro",2025-02-09 17:38:56,2025-02-09
13000001903,1941,1,8,Podría mejorar el empaque,2025-02-10 10:07:12,2025-02-10
13000001904,2378,1,7,Me gustaría más variedad de colores,2025-02-10 16:20:49,2025-02-10
13000001905,1376,1,10,"Excelente botella, mantiene la temperatura",2025-02-10 20:44:24,2025-02-10
13000001906,1547,1,7,,2025-02-10 23:47:54,2025-02-10
13000001907,543,1,7,,2025-02-11 00:32:13,2025-02-11
13000001908,2113,1,7,,2025-02-11 11:52:04,2025-02-11
13000001909,984,2,10,"Excelente botella, mantiene la temperatura",2025-02-11 13:18:40,2025-02-11
13000001910,1849,1,8,,2025-02-11 13:27:54,2025-02-11
13000001911,2385,1,9,,2025-02-11 17:21:16,2025-02-11
13000001912,2234,1,9,,2025-02-11 18:12:34,2025-02-11
13000001913,2372,1,7,La entrega podría ser más rápida,2025-02-11 18:42:00,2025-02-11
13000001914,26,1,9,,2025-02-11 18:42:53,2025-02-11
13000001915,,1,8,La entrega podría ser más rápida,2025-02-12 11:17:09,2025-02-12
13000001916,516,2,9,Muy buena atención en la tienda,2025-02-12 13:26:34,2025-02-12
13000001917,425,1,9,,2025-02-12 15:52:22,2025-02-12
13000001918,799,1,7,,2025-02-13 03:12:27,2025-02-13
13000001919,2310,1,10,,2025-02-13 06:46:04,2025-02-13
13000001920,787,1,8,,2025-02-13 12:01:38,2025-02-13
13000001921,2029,1,8,"Correcto, sin sorpresas",2025-02-13 13:47:26,2025-02-13
13000001922,1768,1,7,La entrega podría ser más rápida,2025-02-13 15:00:39,2025-02-13
13000001923,1269,2,10,Muy buena atención en la tienda,2025-02-13 18:04:09,2025-02-13
13000001924,2299,1,9,Entrega rápida y producto excelente,2025-02-13 20:44:29,2025-02-13
13000001925,2404,1,10,,2025-02-14 00:37:14,2025-02-14
13000001926,2445,2,8,,2025-02-14 08:06:29,2025-02-14
13000001927,1651,2,10,Muy buena atención en la tienda,2025-02-14 13:45:48,2025-02-14
13000001928,2409,1,8,"Correcto, sin sorpresas",2025-02-14 16:45:47,2025-02-14
13000001929,2055,2,9,,2025-02-14 21:20:23,2025-02-14
13000001930,1194,1,9,,2025-02-14 23:50:20,2025-02-14
13000001931,250,2,9,"Excelente botella, mantiene la temperatura",2025-02-15 22:38:01,2025-02-15
13000001932,587,2,9,Volvería a comprar,2025-02-16 01:54:40,2025-02-16
13000001933,435,2,8,"Correcto, sin sorpresas",2025-02-16 02:12:15,2025-02-16
13000001934,1404,2,7,Me gustaría más variedad de colores,2025-02-16 13:21:11,2025-02-16
13000001935,2139,2,10,Muy buena atención en la tienda,2025-02-16 15:41:44,2025-02-16
13000001936,1635,2,9,,2025-02-16 22:33:43,2025-02-16
13000001937,2017,2,9,,2025-02-16 23:49:09,2025-02-16
13000001938,2084,2,9,Todo perfecto,2025-02-17 00:27:28,2025-02-17
13000001939,2467,2,8,,2025-02-17 00:52:20,2025-02-17
13000001940,2468,2,7,"Correcto, sin sorpresas",2025-02-17 09:59:47,2025-02-17
13000001941,2344,1,8,,2025-02-18 06:26:27,2025-02-18
13000001942,1831,2,8,,2025-02-18 10:44:35,2025-02-18
13000001943,,1,7,"Correcto, sin sorpresas",2025-02-18 15:28:08,2025-02-18
13000001944,2103,1,8,"Correcto, sin sorpresas",2025-02-18 17:42:40,2025-02-18
13000001945,2483,2,10,Muy buena atención en la tienda,2025-02-18 17:56:15,2025-02-18
13000001946,281,1,8,,2025-02-19 03:26:35,2025-02-19
13000001947,628,2,9,Muy buena atención en la tienda,2025-02-19 09:43:05,2025-02-19
13000001948,1033,2,10,,2025-02-19 10:42:42,2025-02-19
13000001949,1787,2,8,"Correcto, sin sorpresas",2025-02-19 12:25:53,2025-02-19
13000001950,2413,1,6,No cumplió mis expectativas,2025-02-19 16:56:02,2025-02-19
13000001951,2150,1,8,,2025-02-19 18:55:02,2025-02-19
13000001952,1707,1,9,,2025-02-19 20:40:09,2025-02-19
13000001953,2262,2,10,Muy conforme con la calidad,2025-02-19 20:53:42,2025-02-19
13000001954,769,1,9,,2025-02-20 05:49:56,2025-02-20
13000001955,2438,1,9,Todo perfecto,2025-02-20 10:19:06,2025-02-20
13000001956,1157,2,7,Me gustaría más variedad de colores,2025-02-20 11:16:19,2025-02-20
13000001957,2416,1,9,Volvería a comprar,2025-02-20 11:46:47,2025-02-20
13000001958,1240,1,8,"Correcto, sin sorpresas",2025-02-20 12:41:40,2025-02-20
13000001959,1042,1,10,,2025-02-20 13:49:35,2025-02-20
13000001960,1970,1,10,,2025-02-20 19:09:53,2025-02-20
13000001961,1500,1,6,Tardó mucho más de lo esperado,2025-02-20 20:20:03,2025-02-20
13000001962,2129,2,8,,2025-02-21 00:46:18,2025-02-21
13000001963,1426,1,8,,2025-02-21 03:07:34,2025-02-21
13000001964,707,2,7,,2025-02-21 04:37:08,2025-02-21
13000001965,461,1,9,Entrega rápida y producto excelente,2025-02-21 06:50:03,2025-02-21
13000001966,1767,1,10,Entrega rápida y producto excelente,2025-02-21 11:06:32,2025-02-21
13000001967,2430,1,9,Entrega rápida y producto excelente,2025-02-21 12:42:58,2025-02-21
13000001968,756,1,7,La entrega podría ser más rápida,2025-02-21 14:53:54,2025-02-21
13000001969,2449,1,5,Llegó con la caja dañada,2025-02-21 15:13:25,2025-02-21
13000001970,1311,2,9,Todo perfecto,2025-02-21 19:35:29,2025-02-21
13000001971,2450,1,8,,2025-02-22 07:46:46,2025-02-22
13000001972,1026,2,10,Muy conforme con la calidad,2025-02-22 11:26:55,2025-02-22
13000001973,2496,2,10,,2025-02-22 13:45:53,2025-02-22
13000001974,2168,2,9,Todo perfecto,2025-02-22 20:20:57,2025-02-22
13000001975,1930,2,9,,2025-02-23 12:15:57,2025-02-23
13000001976,236,2,7,Me gustaría más variedad de colores,2025-02-23 14:43:01,2025-02-23
13000001977,27,1,9,,2025-02-24 10:33:48,2025-02-24
13000001978,2437,1,6,No cumplió mis expectativas,2025-02-24 16:52:48,2025-02-24
13000001979,1506,1,3,Tardó mucho más de lo esperado,2025-02-25 00:27:41,2025-02-25
13000001980,967,1,9,Muy conforme con la calidad,2025-02-25 12:21:14,2025-02-25
13000001981,1628,1,7,,2025-02-25 12:44:19,2025-02-25
13000001982,1117,1,7,,2025-02-25 13:25:13,2025-02-25
13000001983,2269,1,5,Tuve que devolverlo,2025-02-25 19:32:57,2025-02-25
13000001984,1351,1,5,La tapa pierde líquido,2025-02-26 04:46:17,2025-02-26
13000001985,321,2,7,,2025-02-26 10:00:54,2025-02-26
13000001986,1399,1,6,Llegó con la caja dañada,2025-02-26 10:24:33,2025-02-26
13000001987,998,1,9,"Excelente botella, mantiene la temperatura",2025-02-26 10:36:21,2025-02-26
13000001988,1631,2,9,Muy buena atención en la tienda,2025-02-26 12:21:37,2025-02-26
13000001989,2448,1,7,La entrega podría ser más rápida,2025-02-26 12:23:00,2025-02-26
13000001990,2308,1,9,Todo perfecto,2025-02-26 13:32:06,2025-02-26
13000001991,1272,2,8,,2025-02-26 15:00:43,2025-02-26
13000001992,1918,2,8,Me gustaría más variedad de colores,2025-02-26 15:21:30,2025-02-26
13000001993,1989,2,9,Muy buena atención en la tienda,2025-02-26 18:34:06,2025-02-26
13000001994,1619,1,10,Muy conforme con la calidad,2025-02-26 18:44:35,2025-02-26
13000001995,1871,1,8,"Correcto, sin sorpresas",2025-02-26 21:03:35,2025-02-26
13000001996,2189,1,10,Entrega rápida y producto excelente,2025-02-27 03:13:54,2025-02-27
13000001997,1919,1,10,,2025-02-27 05:31:55,2025-02-27
13000001998,2440,1,8,,2025-02-27 15:16:17,2025-02-27
13000001999,2482,1,8,,2025-02-27 15:26:35,2025-02-27
13000002000,2146,1,6,No cumplió mis expectativas,2025-02-27 16:45:28,2025-02-27
13000002001,1747,2,10,,2025-02-27 21:24:12,2025-02-27
13000002002,1207,2,8,Me gustaría más variedad de colores,2025-02-28 05:58:43,2025-02-28
13000002003,2476,1,10,,2025-02-28 10:48:58,2025-02-28
13000002004,880,2,6,No cumplió mis expectativas,2025-02-28 11:55:23,2025-02-28
13000002005,1054,1,7,La entrega podría ser más rápida,2025-02-28 12:39:25,2025-02-28
13000002006,299,1,4,No cumplió mis expectativas,2025-02-28 13:50:04,2025-02-28
13000002007,2461,1,9,Volvería a comprar,2025-02-28 14:18:10,2025-02-28
13000002008,2477,1,8,Podría mejorar el empaque,2025-02-28 17:13:51,2025-02-28
13000002009,2194,1,9,,2025-02-28 17:38:45,2025-02-28
13000002010,2472,1,9,Entrega rápida y producto excelente,2025-02-28 17:54:00,2025-02-28
13000002011,118,1,9,Volvería a comprar,2025-02-28 18:16:28,2025-02-28
13000002012,2485,1,6,,2025-03-01 00:34:01,2025-03-01
13000002013,58,1,9,,2025-03-01 01:19:52,2025-03-01
13000002014,2049,1,9,Entrega rápida y producto excelente,2025-03-01 02:04:53,2025-03-01
13000002015,1554,1,7,,2025-03-01 03:04:30,2025-03-01
13000002016,2538,2,10,Muy buena atención en la tienda,2025-03-01 10:11:01,2025-03-01
13000002017,630,1,7,,2025-03-01 11:23:59,2025-03-01
13000002018,2536,2,8,,2025-03-01 13:56:11,2025-03-01
13000002019,1740,2,9,Muy conforme con la calidad,2025-03-01 15:05:45,2025-03-01
13000002020,912,2,6,,2025-03-01 20:08:06,2025-03-01
13000002021,2380,2,7,,2025-03-02 00:48:35,2025-03-02
13000002022,1905,2,10,"Excelente botella, mantiene la temperatura",2025-03-02 11:39:17,2025-03-02
13000002023,2541,2,6,Poco stock en la tienda,2025-03-02 13:22:55,2025-03-02
13000002024,2106,2,10,,2025-03-02 14:10:15,2025-03-02
13000002025,40,2,10,Todo perfecto,2025-03-02 18:19:09,2025-03-02
13000002026,1638,1,9,Entrega rápida y producto excelente,2025-03-03 15:12:22,2025-03-03
13000002027,2480,1,8,,2025-03-03 15:38:25,2025-03-03
13000002028,2246,1,4,El envío demoró y nadie me avisó,2025-03-03 19:55:19,2025-03-03
13000002029,1625,1,7,La entrega podría ser más rápida,2025-03-03 23:53:27,2025-03-03
13000002030,1538,1,6,La tapa pierde líquido,2025-03-04 07:07:13,2025-03-04
13000002031,2558,2,9,Muy buena atención en la tienda,2025-03-04 15:30:38,2025-03-04
13000002032,1976,2,9,,2025-03-04 16:50:49,2025-03-04
13000002033,2128,1,7,La entrega podría ser más rápida,2025-03-04 17:35:02,2025-03-04
13000002034,698,2,7,,2025-03-04 22:08:15,2025-03-04
13000002035,2491,1,8,La entrega podría ser más rápida,2025-03-04 23:11:32,2025-03-04
13000002036,2300,1,6,,2025-03-05 12:31:03,2025-03-05
13000002037,1384,1,8,,2025-03-05 14:57:18,2025-03-05
13000002038,572,1,9,Volvería a comprar,2025-03-05 15:53:00,2025-03-05
13000002039,1742,1,10,Entrega rápida y producto excelente,2025-03-05 16:20:36,2025-03-05
13000002040,2519,1,7,Podría mejorar el empaque,2025-03-05 18:56:17,2025-03-05
13000002041,404,1,10,Entrega rápida y producto excelente,2025-03-05 19:26:59,2025-03-05
13000002042,2092,1,6,,2025-03-05 20:04:32,2025-03-05
13000002043,1149,1,7,,2025-03-06 02:44:22,2025-03-06
13000002044,2509,1,9,Entrega rápida y producto excelente,2025-03-06 08:22:33,2025-03-06
13000002045,2501,1,8,La entrega podría ser más rápida,2025-03-06 10:32:13,2025-03-06
13000002046,2244,1,6,La tapa pierde líquido,2025-03-06 15:37:59,2025-03-06
13000002047,2566,2,9,Todo perfecto,2025-03-06 16:14:05,2025-03-06
13000002048,2569,2,9,,2025-03-06 17:56:01,2025-03-06
13000002049,1888,2,10,Muy buena atención en la tienda,2025-03-06 17:56:23,2025-03-06
13000002050,1974,2,10,Volvería a comprar,2025-03-06 18:11:36,2025-03-06
13000002051,1246,2,10,Muy conforme con la calidad,2025-03-06 19:14:19,2025-03-06
13000002052,1802,1,10,Volvería a comprar,2025-03-06 22:56:43,2025-03-06
13000002053,2570,2,9,"Excelente botella, mantiene la temperatura",2025-03-07 03:07:57,2025-03-07
13000002054,489,1,10,Entrega rápida y producto excelente,2025-03-07 06:33:15,2025-03-07
13000002055,1576,1,9,Entrega rápida y producto excelente,2025-03-07 16:17:05,2025-03-07
13000002056,2165,1,7,La entrega podría ser más rápida,2025-03-07 16:29:44,2025-03-07
13000002057,2422,2,10,Muy buena atención en la tienda,2025-03-07 19:11:13,2025-03-07
13000002058,1513,1,7,Me gustaría más variedad de colores,2025-03-07 20:43:56,2025-03-07
13000002059,2517,1,9,Entrega rápida y producto excelente,2025-03-07 22:03:53,2025-03-07
13000002060,2060,1,10,,2025-03-08 09:57:40,2025-03-08
13000002061,1900,2,10,Muy buena atención en la tienda,2025-03-08 11:28:21,2025-03-08
13000002062,2585,2,9,Muy buena atención en la tienda,2025-03-08 19:59:28,2025-03-08
13000002063,354,1,10,,2025-03-08 22:15:46,2025-03-08
13000002064,1468,2,8,"Correcto, sin sorpresas",2025-03-09 13:57:13,2025-03-09
13000002065,93,2,10,Muy buena atención en la tienda,2025-03-09 22:08:43,2025-03-09
13000002066,1051,2,10,Muy buena atención en la tienda,2025-03-10 03:11:38,2025-03-10
13000002067,2591,2,10,Muy buena atención en la tienda,2025-03-10 04:15:54,2025-03-10
13000002068,442,1,8,"Buen producto, un poco caro",2025-03-10 11:07:09,2025-03-10
13000002069,2453,1,8,"Correcto, sin sorpresas",2025-03-10 11:21:01,2025-03-10
13000002070,2515,1,8,,2025-03-10 12:53:22,2025-03-10
13000002071,1813,1,7,La entrega podría ser más rápida,2025-03-10 15:42:00,2025-03-10
13000002072,2525,1,9,Entrega rápida y producto excelente,2025-03-11 10:16:12,2025-03-11
13000002073,1326,2,9,Todo perfecto,2025-03-11 10:28:49,2025-03-11
13000002074,2546,2,6,No cumplió mis expectativas,2025-03-11 11:03:20,2025-03-11
13000002075,2521,1,9,,2025-03-11 13:28:26,2025-03-11
13000002076,2337,1,7,,2025-03-11 16:02:48,2025-03-11
13000002077,2516,1,7,La entrega podría ser más rápida,2025-03-11 18:35:48,2025-03-11
13000002078,2601,2,9,,2025-03-11 18:53:49,2025-03-11
13000002079,1982,2,10,Muy conforme con la calidad,2025-03-11 22:49:51,2025-03-11
13000002080,77,1,10,,2025-03-11 23:13:10,2025-03-11
13000002081,1695,2,10,Muy buena atención en la tienda,2025-03-12 10:39:00,2025-03-12
13000002082,2528,1,8,"Buen producto, un poco caro",2025-03-12 13:27:42,2025-03-12
13000002083,2051,1,7,La entrega podría ser más rápida,2025-03-12 14:23:10,2025-03-12
13000002084,2535,1,9,Entrega rápida y producto excelente,2025-03-12 14:35:32,2025-03-12
13000002085,70,1,7,,2025-03-12 14:37:42,2025-03-12
13000002086,163,1,9,,2025-03-12 18:58:58,2025-03-12
13000002087,125,1,8,,2025-03-12 19:31:27,2025-03-12
13000002088,1187,1,10,,2025-03-13 00:52:56,2025-03-13
13000002089,2537,1,7,Podría mejorar el empaque,2025-03-13 03:11:18,2025-03-13
13000002090,1518,1,7,La entrega podría ser más rápida,2025-03-13 04:32:42,2025-03-13
13000002091,2560,1,7,"Buen producto, un poco caro",2025-03-13 10:48:41,2025-03-13
13000002092,1610,1,8,,2025-03-13 16:35:41,2025-03-13
13000002093,1619,2,10,Muy buena atención en la tienda,2025-03-13 17:34:06,2025-03-13
13000002094,1516,1,7,La entrega podría ser más rápida,2025-03-13 20:53:23,2025-03-13
13000002095,560,2,8,"Buen producto, un poco caro",2025-03-13 22:55:33,2025-03-13
13000002096,2545,1,10,"Excelente botella, mantiene la temperatura",2025-03-14 00:28:49,2025-03-14
13000002097,1105,1,5,Llegó con la caja dañada,2025-03-14 02:07:53,2025-03-14
13000002098,1888,2,8,,2025-03-14 06:02:56,2025-03-14
13000002099,1168,1,8,Podría mejorar el empaque,2025-03-14 10:00:58,2025-03-14
13000002100,2568,1,6,La tapa pierde líquido,2025-03-14 10:48:28,2025-03-14
13000002101,1808,1,10,,2025-03-14 10:50:21,2025-03-14
13000002102,1408,1,9,,2025-03-14 15:36:36,2025-03-14
13000002103,2531,2,6,No cumplió mis expectativas,2025-03-14 15:47:14,2025-03-14
13000002104,616,2,10,Muy buena atención en la tienda,2025-03-14 15:57:31,2025-03-14
13000002105,1313,1,10,Volvería a comprar,2025-03-14 19:15:25,2025-03-14
13000002106,713,1,10,"Excelente botella, mantiene la temperatura",2025-03-14 23:41:29,2025-03-14
13000002107,629,1,9,,2025-03-15 01:55:53,2025-03-15
13000002108,389,2,9,Muy conforme con la calidad,2025-03-15 11:48:13,2025-03-15
13000002109,865,2,8,"Buen producto, un poco caro",2025-03-15 12:04:18,2025-03-15
13000002110,,2,9,Todo perfecto,2025-03-16 10:08:09,2025-03-16
13000002111,1944,2,5,La tapa pierde líquido,2025-03-16 11:29:09,2025-03-16
13000002112,1041,2,8,Podría mejorar el empaque,2025-03-16 15:52:51,2025-03-16
13000002113,1778,1,10,,2025-03-17 10:45:51,2025-03-17
13000002114,1622,1,9,Entrega rápida y producto excelente,2025-03-17 15:06:21,2025-03-17
13000002115,1072,1,9,,2025-03-17 16:32:13,2025-03-17
13000002116,526,1,6,La tapa pierde líquido,2025-03-17 22:24:54,2025-03-17
13000002117,1030,1,6,No cumplió mis expectativas,2025-03-18 05:19:46,2025-03-18
13000002118,2565,1,6,Llegó con la caja dañada,2025-03-18 07:48:52,2025-03-18
13000002119,2583,1,10,Todo perfecto,2025-03-18 11:38:51,2025-03-18
13000002120,2490,1,8,,2025-03-18 12:15:25,2025-03-18
13000002121,123,1,8,La entrega podría ser más rápida,2025-03-18 19:25:50,2025-03-18
13000002122,2595,1,9,Volvería a comprar,2025-03-19 10:35:03,2025-03-19
13000002123,1555,1,10,"Excelente botella, mantiene la temperatura",2025-03-19 11:54:46,2025-03-19
13000002124,475,2,6,La tapa pierde líquido,2025-03-20 06:13:27,2025-03-20
13000002125,1973,1,7,,2025-03-20 12:10:05,2025-03-20
13000002126,1472,2,9,Todo perfecto,2025-03-20 18:56:13,2025-03-20
13000002127,2598,1,7,Me gustaría más variedad de colores,2025-03-21 00:17:21,2025-03-21
13000002128,241,1,9,Todo perfecto,2025-03-21 02:16:36,2025-03-21
13000002129,1465,1,8,"Correcto, sin sorpresas",2025-03-21 07:34:03,2025-03-21
13000002130,688,1,6,Llegó con la caja dañada,2025-03-21 10:39:11,2025-03-21
13000002131,2645,2,9,,2025-03-21 11:03:47,2025-03-21
13000002132,230,2,8,Me gustaría más variedad de colores,2025-03-21 11:03:55,2025-03-21
13000002133,2285,1,7,"Buen producto, un poco caro",2025-03-21 14:41:36,2025-03-21
13000002134,2647,2,8,"Buen producto, un poco caro",2025-03-21 14:52:41,2025-03-21
13000002135,2550,1,9,"Excelente botella, mantiene la temperatura",2025-03-21 15:07:38,2025-03-21
13000002136,981,2,8,,2025-03-21 16:06:23,2025-03-21
13000002137,1903,1,8,"Buen producto, un poco caro",2025-03-21 18:57:14,2025-03-21
13000002138,1997,1,10,Todo perfecto,2025-03-21 20:56:14,2025-03-21
13000002139,2649,2,6,No cumplió mis expectativas,2025-03-21 22:17:06,2025-03-21
13000002140,1291,2,8,,2025-03-22 01:43:48,2025-03-22
13000002141,2204,1,8,Podría mejorar el empaque,2025-03-22 04:06:43,2025-03-22
13000002142,,1,6,Llegó con la caja dañada,2025-03-22 05:41:35,2025-03-22
13000002143,,1,7,"Correcto, sin sorpresas",2025-03-22 05:57:32,2025-03-22
13000002144,1253,1,7,,2025-03-22 11:26:49,2025-03-22
13000002145,1697,2,7,Me gustaría más variedad de colores,2025-03-22 11:32:02,2025-03-22
13000002146,808,2,8,"Buen producto, un poco caro",2025-03-22 13:02:42,2025-03-22
13000002147,2655,2,7,Podría mejorar el empaque,2025-03-22 13:16:59,2025-03-22
13000002148,1671,2,10,,2025-03-22 16:13:14,2025-03-22
13000002149,1103,2,8,,2025-03-23 10:37:50,2025-03-23
13000002150,1517,2,10,Muy buena atención en la tienda,2025-03-23 19:39:59,2025-03-23
13000002151,2663,2,9,,2025-03-23 20:06:13,2025-03-23
13000002152,2418,2,9,Muy buena atención en la tienda,2025-03-23 21:50:00,2025-03-23
13000002153,2607,1,8,,2025-03-24 17:29:48,2025-03-24
13000002154,969,1,10,Entrega rápida y producto excelente,2025-03-24 21:17:37,2025-03-24
13000002155,2623,2,8,,2025-03-25 13:20:44,2025-03-25
13000002156,357,2,10,Volvería a comprar,2025-03-25 17:22:45,2025-03-25
13000002157,997,1,7,La entrega podría ser más rápida,2025-03-25 18:44:55,2025-03-25
13000002158,2109,1,8,"Correcto, sin sorpresas",2025-03-25 20:39:43,2025-03-25
13000002159,2671,2,10,,2025-03-25 23:21:42,2025-03-25
13000002160,2615,1,7,La entrega podría ser más rápida,2025-03-26 10:42:49,2025-03-26
13000002161,1635,2,7,"Buen producto, un poco caro",2025-03-26 10:49:22,2025-03-26
13000002162,1460,2,8,"Correcto, sin sorpresas",2025-03-26 13:11:18,2025-03-26
13000002163,2677,2,9,,2025-03-26 15:43:58,2025-03-26
13000002164,1110,1,7,,2025-03-26 15:56:09,2025-03-26
13000002165,457,1,9,,2025-03-26 17:01:12,2025-03-26
13000002166,2203,1,9,,2025-03-26 18:30:38,2025-03-26
13000002167,2629,1,8,"Correcto, sin sorpresas",2025-03-26 19:14:01,2025-03-26
13000002168,2611,1,5,No cumplió mis expectativas,2025-03-27 05:07:54,2025-03-27
13000002169,1493,2,6,La tapa pierde líquido,2025-03-27 07:08:09,2025-03-27
13000002170,1724,1,10,Todo perfecto,2025-03-27 10:20:18,2025-03-27
13000002171,2119,1,9,"Excelente botella, mantiene la temperatura",2025-03-27 12:59:31,2025-03-27
13000002172,1736,1,8,La entrega podría ser más rápida,2025-03-27 13:15:34,2025-03-27
13000002173,2612,1,8,,2025-03-27 14:14:41,2025-03-27
13000002174,2017,2,5,Poco stock en la tienda,2025-03-27 14:43:47,2025-03-27
13000002175,2092,2,10,Muy buena atención en la tienda,2025-03-27 16:21:18,2025-03-27
13000002176,2626,1,10,Volvería a comprar,2025-03-27 17:35:11,2025-03-27
13000002177,2639,1,10,,2025-03-27 19:41:58,2025-03-27
13000002178,2614,1,7,La entrega podría ser más rápida,2025-03-27 20:02:40,2025-03-27
13000002179,2114,1,10,"Excelente botella, mantiene la temperatura",2025-03-27 20:16:54,2025-03-27
13000002180,2015,2,7,,2025-03-28 12:49:29,2025-03-28
13000002181,,1,10,,2025-03-28 13:01:30,2025-03-28
13000002182,600,2,9,,2025-03-28 15:07:10,2025-03-28
13000002183,1159,1,9,Muy conforme con la calidad,2025-03-28 16:52:29,2025-03-28
13000002184,1916,1,10,Entrega rápida y producto excelente,2025-03-28 16:55:09,2025-03-28
13000002185,2131,1,10,Todo perfecto,2025-03-28 17:31:33,2025-03-28
13000002186,2188,1,10,Entrega rápida y producto excelente,2025-03-28 20:19:32,2025-03-28
13000002187,1592,1,10,Todo perfecto,2025-03-28 20:31:05,2025-03-28
13000002188,,2,9,,2025-03-28 22:16:54,2025-03-28
13000002189,513,1,7,La entrega podría ser más rápida,2025-03-29 05:20:16,2025-03-29
13000002190,2071,2,4,Poco stock en la tienda,2025-03-29 11:23:14,2025-03-29
13000002191,2685,2,9,Muy buena atención en la tienda,2025-03-29 11:58:52,2025-03-29
13000002192,1776,2,6,Poco stock en la tienda,2025-03-29 18:09:13,2025-03-29
13000002193,1586,2,5,Tuve que esperar mucho en la caja,2025-03-30 01:05:07,2025-03-30
13000002194,1488,2,4,,2025-03-30 18:21:37,2025-03-30
13000002195,349,2,10,Muy conforme con la calidad,2025-03-30 20:49:02,2025-03-30
13000002196,2633,1,7,,2025-03-31 15:35:43,2025-03-31
13000002197,2359,1,7,,2025-04-01 08:23:08,2025-04-01
13000002198,2044,1,8,"Correcto, sin sorpresas",2025-04-01 13:35:43,2025-04-01
13000002199,1584,2,9,Muy buena atención en la tienda,2025-04-01 13:41:07,2025-04-01
13000002200,791,1,8,,2025-04-01 17:52:38,2025-04-01
13000002201,1120,1,6,La tapa pierde líquido,2025-04-02 11:31:49,2025-04-02
13000002202,2708,2,10,Muy conforme con la calidad,2025-04-02 13:05:02,2025-04-02
13000002203,1020,1,7,,2025-04-02 20:46:04,2025-04-02
13000002204,614,2,5,Poco stock en la tienda,2025-04-03 01:29:19,2025-04-03
13000002205,1969,1,6,La tapa pierde líquido,2025-04-03 01:42:00,2025-04-03
13000002206,1643,1,10,,2025-04-03 04:51:16,2025-04-03
13000002207,2711,2,10,,2025-04-03 11:05:59,2025-04-03
13000002208,2667,1,9,Entrega rápida y producto excelente,2025-04-03 11:47:30,2025-04-03
13000002209,579,1,5,Llegó con la caja dañada,2025-04-03 14:38:03,2025-04-03
13000002210,783,1,5,,2025-04-03 15:14:22,2025-04-03
13000002211,2676,1,8,La entrega podría ser más rápida,2025-04-03 17:51:22,2025-04-03
13000002212,1819,2,8,,2025-04-04 11:19:06,2025-04-04
13000002213,1780,1,6,Llegó con la caja dañada,2025-04-04 14:28:57,2025-04-04
13000002214,1505,2,6,Tuve que esperar mucho en la caja,2025-04-04 16:15:12,2025-04-04
13000002215,222,1,9,Entrega rápida y producto excelente,2025-04-04 20:33:00,2025-04-04
13000002216,374,2,7,Me gustaría más variedad de colores,2025-04-04 23:08:12,2025-04-04
13000002217,1149,1,6,La tapa pierde líquido,2025-04-04 23:27:11,2025-04-04
13000002218,,1,8,,2025-04-05 00:29:22,2025-04-05
13000002219,1585,2,6,No cumplió mis expectativas,2025-04-05 13:45:15,2025-04-05
13000002220,2515,1,5,No cumplió mis expectativas,2025-04-08 06:55:19,2025-04-08
13000002221,2093,1,10,,2025-04-08 12:09:06,2025-04-08
13000002222,1890,1,10,Entrega rápida y producto excelente,2025-04-08 15:21:00,2025-04-08
13000002223,2206,2,9,,2025-04-08 17:56:32,2025-04-08
13000002224,,1,9,Entrega rápida y producto excelente,2025-04-08 22:31:40,2025-04-08
13000002225,2731,2,9,Muy buena atención en la tienda,2025-04-09 04:05:58,2025-04-09
13000002226,404,1,6,La tapa pierde líquido,2025-04-09 04:44:04,2025-04-09
13000002227,2378,1,10,,2025-04-09 09:43:34,2025-04-09
13000002228,1085,2,6,,2025-04-09 10:18:34,2025-04-09
13000002229,2352,1,8,La entrega podría ser más rápida,2025-04-09 10:36:46,2025-04-09
13000002230,1401,2,8,Podría mejorar el empaque,2025-04-09 14:17:26,2025-04-09
13000002231,1513,2,9,,2025-04-09 16:34:32,2025-04-09
13000002232,2741,2,8,Podría mejorar el empaque,2025-04-09 19:05:21,2025-04-09
13000002233,1279,1,8,,2025-04-09 21:44:30,2025-04-09
13000002234,852,1,6,Llegó con la caja dañada,2025-04-10 11:18:14,2025-04-10
13000002235,2681,1,8,Podría mejorar el empaque,2025-04-10 12:04:59,2025-04-10
13000002236,2697,1,10,,2025-04-10 13:10:10,2025-04-10
13000002237,2684,1,9,Entrega rápida y producto excelente,2025-04-10 20:44:36,2025-04-10
13000002238,2696,1,9,,2025-04-10 21:28:09,2025-04-10
13000002239,2105,1,10,,2025-04-11 03:56:26,2025-04-11
13000002240,2740,2,8,Podría mejorar el empaque,2025-04-11 07:56:54,2025-04-11
13000002241,2749,2,9,Todo perfecto,2025-04-11 11:16:18,2025-04-11
13000002242,2710,1,10,,2025-04-11 13:13:03,2025-04-11
13000002243,2025,2,10,,2025-04-11 18:41:20,2025-04-11
13000002244,703,1,10,Entrega rápida y producto excelente,2025-04-11 19:52:14,2025-04-11
13000002245,2758,2,10,,2025-04-12 17:06:12,2025-04-12
13000002246,2687,1,10,Muy conforme con la calidad,2025-04-12 20:42:20,2025-04-12
13000002247,1304,1,9,Volvería a comprar,2025-04-14 15:53:22,2025-04-14
13000002248,2270,1,9,Muy conforme con la calidad,2025-04-14 17:01:18,2025-04-14
13000002249,2705,1,8,,2025-04-14 18:28:57,2025-04-14
13000002250,2638,1,10,Todo perfecto,2025-04-14 21:58:15,2025-04-14
13000002251,1500,1,10,Entrega rápida y producto excelente,2025-04-15 02:07:12,2025-04-15
13000002252,2726,1,10,,2025-04-15 10:41:23,2025-04-15
13000002253,1175,2,9,Muy conforme con la calidad,2025-04-15 11:29:50,2025-04-15
13000002254,441,2,8,,2025-04-15 13:50:18,2025-04-15
13000002255,1942,2,7,,2025-04-15 14:53:06,2025-04-15
13000002256,,1,9,Volvería a comprar,2025-04-15 16:34:20,2025-04-15
13000002257,2720,1,4,Tuve que devolverlo,2025-04-15 21:06:29,2025-04-15
13000002258,2095,1,9,Entrega rápida y producto excelente,2025-04-16 10:11:01,2025-04-16
13000002259,2467,2,10,Todo perfecto,2025-04-16 10:27:55,2025-04-16
13000002260,578,1,10,Todo perfecto,2025-04-16 10:53:19,2025-04-16
13000002261,402,1,10,,2025-04-16 13:54:35,2025-04-16
13000002262,1337,1,9,Entrega rápida y producto excelente,2025-04-16 14:49:46,2025-04-16
13000002263,177,2,8,Podría mejorar el empaque,2025-04-16 15:31:13,2025-04-16
13000002264,2722,2,9,,2025-04-16 15:59:19,2025-04-16
13000002265,2669,1,10,Volvería a comprar,2025-04-16 17:23:34,2025-04-16
13000002266,1327,2,10,,2025-04-17 01:20:10,2025-04-17
13000002267,600,2,9,Volvería a comprar,2025-04-17 03:58:28,2025-04-17
13000002268,2181,2,8,"Correcto, sin sorpresas",2025-04-17 05:13:30,2025-04-17
13000002269,2274,1,8,Me gustaría más variedad de colores,2025-04-17 10:18:24,2025-04-17
13000002270,2182,1,10,Entrega rápida y producto excelente,2025-04-17 13:31:27,2025-04-17
13000002271,1272,2,7,"Buen producto, un poco caro",2025-04-17 15:46:37,2025-04-17
13000002272,770,1,9,Entrega rápida y producto excelente,2025-04-17 17:19:03,2025-04-17
13000002273,965,1,10,Muy conforme con la calidad,2025-04-18 03:46:14,2025-04-18
13000002274,1808,1,7,,2025-04-18 16:33:48,2025-04-18
13000002275,1407,1,9,Todo perfecto,2025-04-18 18:02:22,2025-04-18
13000002276,487,2,8,Me gustaría más variedad de colores,2025-04-19 11:31:04,2025-04-19
13000002277,411,1,8,,2025-04-19 23:45:35,2025-04-19
13000002278,750,2,9,Muy buena atención en la tienda,2025-04-20 11:26:31,2025-04-20
13000002279,2624,2,10,Muy buena atención en la tienda,2025-04-20 19:27:57,2025-04-20
13000002280,930,1,8,La entrega podría ser más rápida,2025-04-21 10:01:38,2025-04-21
13000002281,2730,1,8,,2025-04-21 11:26:59,2025-04-21
13000002282,1456,1,10,Volvería a comprar,2025-04-21 12:01:12,2025-04-21
13000002283,1882,1,5,No cumplió mis expectativas,2025-04-21 14:27:11,2025-04-21
13000002284,1273,1,6,Llegó con la caja dañada,2025-04-21 15:14:47,2025-04-21
13000002285,1541,1,5,La tapa pierde líquido,2025-04-21 17:17:35,2025-04-21
13000002286,2744,1,10,,2025-04-22 10:45:17,2025-04-22
13000002287,1002,1,7,La entrega podría ser más rápida,2025-04-22 10:50:38,2025-04-22
13000002288,696,1,8,"Correcto, sin sorpresas",2025-04-22 13:32:44,2025-04-22
13000002289,2681,1,9,,2025-04-22 13:36:00,2025-04-22
13000002290,2192,2,10,"Excelente botella, mantiene la temperatura",2025-04-22 14:57:44,2025-04-22
13000002291,2294,1,10,Muy conforme con la calidad,2025-04-22 16:49:27,2025-04-22
13000002292,1606,1,8,Me gustaría más variedad de colores,2025-04-22 17:24:57,2025-04-22
13000002293,671,1,10,Volvería a comprar,2025-04-22 23:05:04,2025-04-22
13000002294,1607,1,9,Volvería a comprar,2025-04-23 00:00:22,2025-04-23
13000002295,1954,1,9,Entrega rápida y producto excelente,2025-04-23 01:17:37,2025-04-23
13000002296,1154,2,5,No cumplió mis expectativas,2025-04-23 03:05:08,2025-04-23
13000002297,2261,1,10,,2025-04-23 09:51:48,2025-04-23
13000002298,2755,1,7,,2025-04-23 10:08:48,2025-04-23
13000002299,2480,1,9,Entrega rápida y producto excelente,2025-04-23 11:23:41,2025-04-23
13000002300,2739,1,7,La entrega podría ser más rápida,2025-04-23 12:49:19,2025-04-23
13000002301,2690,1,10,Entrega rápida y producto excelente,2025-04-23 14:35:02,2025-04-23
13000002302,477,1,10,Muy conforme con la calidad,2025-04-23 18:43:37,2025-04-23
13000002303,633,1,10,Muy conforme con la calidad,2025-04-24 04:44:55,2025-04-24
13000002304,1468,2,10,Muy buena atención en la tienda,2025-04-24 06:30:33,2025-04-24
13000002305,2714,1,10,Todo perfecto,2025-04-24 10:10:03,2025-04-24
13000002306,1871,1,5,No cumplió mis expectativas,2025-04-24 11:13:06,2025-04-24
13000002307,2654,2,8,Me gustaría más variedad de colores,2025-04-24 11:42:08,2025-04-24
13000002308,1739,2,10,Volvería a comprar,2025-04-24 12:37:35,2025-04-24
13000002309,,1,7,Podría mejorar el empaque,2025-04-24 13:59:55,2025-04-24
13000002310,2006,1,5,Llegó con la caja dañada,2025-04-24 15:38:15,2025-04-24
13000002311,1499,1,8,La entrega podría ser más rápida,2025-04-24 16:30:07,2025-04-24
13000002312,2767,1,9,,2025-04-24 17:29:18,2025-04-24
13000002313,2773,1,10,,2025-04-24 18:04:56,2025-04-24
13000002314,2770,1,9,Todo perfecto,2025-04-24 19:10:04,2025-04-24
13000002315,2273,1,6,,2025-04-24 19:13:29,2025-04-24
13000002316,2776,1,10,Entrega rápida y producto excelente,2025-04-24 22:57:41,2025-04-24
13000002317,1993,1,7,,2025-04-25 05:58:56,2025-04-25
13000002318,1543,1,8,,2025-04-25 11:18:18,2025-04-25
13000002319,2196,2,10,,2025-04-25 11:29:13,2025-04-25
13000002320,636,1,7,,2025-04-25 13:53:56,2025-04-25
13000002321,1926,1,8,La entrega podría ser más rápida,2025-04-25 14:04:16,2025-04-25
13000002322,707,2,4,,2025-04-25 17:08:48,2025-04-25
13000002323,2571,1,10,,2025-04-25 17:10:55,2025-04-25
13000002324,2782,1,8,,2025-04-26 09:30:32,2025-04-26
13000002325,2817,2,10,Volvería a comprar,2025-04-27 10:00:17,2025-04-27
13000002326,1540,2,7,,2025-04-27 14:30:12,2025-04-27
13000002327,2818,2,10,Todo perfecto,2025-04-27 22:49:35,2025-04-27
13000002328,,2,10,,2025-04-28 03:46:42,2025-04-28
13000002329,2560,1,10,Entrega rápida y producto excelente,2025-04-28 15:10:12,2025-04-28
13000002330,2638,2,10,Volvería a comprar,2025-04-29 12:14:28,2025-04-29
13000002331,2369,1,8,La entrega podría ser más rápida,2025-04-29 13:22:00,2025-04-29
13000002332,705,1,9,Entrega rápida y producto excelente,2025-04-29 15:51:05,2025-04-29
13000002333,2781,1,7,,2025-04-29 17:15:13,2025-04-29
13000002334,1555,1,6,Llegó con la caja dañada,2025-04-30 07:42:48,2025-04-30
13000002335,2786,1,8,,2025-04-30 11:39:19,2025-04-30
13000002336,273,2,7,,2025-04-30 11:47:39,2025-04-30
13000002337,2785,1,9,Todo perfecto,2025-04-30 19:42:11,2025-04-30
13000002338,1754,1,10,,2025-04-30 19:57:20,2025-04-30
13000002339,1003,1,8,La entrega podría ser más rápida,2025-04-30 22:52:47,2025-04-30
13000002340,2791,1,9,Todo perfecto,2025-04-30 23:39:16,2025-04-30
13000002341,1156,2,9,Muy buena atención en la tienda,2025-05-01 01:10:57,2025-05-01
13000002342,2528,1,10,Entrega rápida y producto excelente,2025-05-01 03:34:59,2025-05-01
13000002343,2372,1,10,Entrega rápida y producto excelente,2025-05-01 11:57:01,2025-05-01
13000002344,1902,2,10,Todo perfecto,2025-05-01 12:49:33,2025-05-01
13000002345,2794,1,8,"Correcto, sin sorpresas",2025-05-01 12:50:25,2025-05-01
13000002346,2802,1,7,La entrega podría ser más rápida,2025-05-01 16:01:38,2025-05-01
13000002347,1636,2,9,,2025-05-01 21:15:46,2025-05-01
13000002348,2103,1,6,Llegó con la caja dañada,2025-05-02 00:44:24,2025-05-02
13000002349,2046,1,8,,2025-05-02 11:33:03,2025-05-02
13000002350,2060,1,10,Muy conforme con la calidad,2025-05-02 12:06:50,2025-05-02
13000002351,2790,1,10,Todo perfecto,2025-05-02 13:05:30,2025-05-02
13000002352,,1,6,La tapa pierde líquido,2025-05-02 16:04:09,2025-05-02
13000002353,2597,1,7,,2025-05-02 16:17:26,2025-05-02
13000002354,2799,1,9,Entrega rápida y producto excelente,2025-05-02 19:39:24,2025-05-02
13000002355,2793,1,7,La entrega podría ser más rápida,2025-05-02 23:43:11,2025-05-02
13000002356,703,1,10,,2025-05-03 00:16:26,2025-05-03
13000002357,2402,2,10,"Excelente botella, mantiene la temperatura",2025-05-03 12:46:15,2025-05-03
13000002358,2262,2,8,Me gustaría más variedad de colores,2025-05-04 13:25:12,2025-05-04
13000002359,1363,2,6,La tapa pierde líquido,2025-05-04 15:21:00,2025-05-04
13000002360,2634,1,10,,2025-05-05 13:10:23,2025-05-05
13000002361,2835,2,9,Muy conforme con la calidad,2025-05-05 16:26:12,2025-05-05
13000002362,1553,1,9,,2025-05-06 11:15:33,2025-05-06
13000002363,2149,2,10,"Excelente botella, mantiene la temperatura",2025-05-06 15:57:23,2025-05-06
13000002364,2567,2,10,,2025-05-06 16:06:33,2025-05-06
13000002365,2476,1,8,La entrega podría ser más rápida,2025-05-06 20:02:21,2025-05-06
13000002366,2289,1,5,Tardó mucho más de lo esperado,2025-05-07 03:27:24,2025-05-07
13000002367,,1,9,,2025-05-07 12:31:31,2025-05-07
13000002368,2602,1,9,,2025-05-07 12:39:50,2025-05-07
13000002369,2814,1,9,"Excelente botella, mantiene la temperatura",2025-05-07 14:36:27,2025-05-07
13000002370,2809,1,10,,2025-05-07 15:43:02,2025-05-07
13000002371,2071,2,7,"Buen producto, un poco caro",2025-05-07 16:23:12,2025-05-07
13000002372,2821,1,10,Todo perfecto,2025-05-07 17:43:28,2025-05-07
13000002373,1944,2,9,Muy buena atención en la tienda,2025-05-07 22:34:43,2025-05-07
13000002374,440,2,8,Podría mejorar el empaque,2025-05-08 12:39:38,2025-05-08
13000002375,2333,2,8,"Correcto, sin sorpresas",2025-05-08 14:19:42,2025-05-08
13000002376,1245,2,9,Muy buena atención en la tienda,2025-05-08 22:55:27,2025-05-08
13000002377,1109,1,9,"Excelente botella, mantiene la temperatura",2025-05-09 03:57:46,2025-05-09
13000002378,2599,2,5,No cumplió mis expectativas,2025-05-09 10:29:27,2025-05-09
13000002379,246,2,10,Todo perfecto,2025-05-09 15:21:41,2025-05-09
13000002380,1012,1,8,La entrega podría ser más rápida,2025-05-09 17:27:20,2025-05-09
13000002381,1382,2,9,Volvería a comprar,2025-05-09 23:57:39,2025-05-09
13000002382,2410,1,10,,2025-05-10 00:36:40,2025-05-10
13000002383,402,2,10,,2025-05-10 15:28:09,2025-05-10
13000002384,2857,2,10,,2025-05-10 22:16:52,2025-05-10
13000002385,2516,1,8,La entrega podría ser más rápida,2025-05-11 06:16:23,2025-05-11
13000002386,2859,2,6,,2025-05-11 14:10:16,2025-05-11
13000002387,2854,2,9,,2025-05-11 14:20:02,2025-05-11
13000002388,1655,2,9,Muy buena atención en la tienda,2025-05-11 17:08:15,2025-05-11
13000002389,2069,1,9,,2025-05-12 11:43:40,2025-05-12
13000002390,1707,1,7,La entrega podría ser más rápida,2025-05-12 13:36:28,2025-05-12
13000002391,354,1,10,"Excelente botella, mantiene la temperatura",2025-05-12 13:56:17,2025-05-12
13000002392,2872,2,10,"Excelente botella, mantiene la temperatura",2025-05-13 10:04:30,2025-05-13
13000002393,1872,1,9,,2025-05-13 15:31:12,2025-05-13
13000002394,2826,1,4,Tardó mucho más de lo esperado,2025-05-13 16:11:28,2025-05-13
13000002395,,1,6,La tapa pierde líquido,2025-05-13 21:24:14,2025-05-13
13000002396,2890,2,7,,2025-05-14 11:13:25,2025-05-14
13000002397,783,1,10,Entrega rápida y producto excelente,2025-05-14 16:50:58,2025-05-14
13000002398,2371,1,8,La entrega podría ser más rápida,2025-05-14 21:10:57,2025-05-14
13000002399,173,1,10,,2025-05-15 00:22:11,2025-05-15
13000002400,2839,1,10,Entrega rápida y producto excelente,2025-05-15 03:17:27,2025-05-15
13000002401,1547,1,10,Entrega rápida y producto excelente,2025-05-15 10:31:00,2025-05-15
13000002402,2606,1,8,,2025-05-15 10:43:58,2025-05-15
13000002403,2487,1,10,"Excelente botella, mantiene la temperatura",2025-05-15 11:26:22,2025-05-15
13000002404,342,1,8,,2025-05-15 14:08:09,2025-05-15
13000002405,,1,7,,2025-05-15 16:07:07,2025-05-15
13000002406,2703,2,10,Muy buena atención en la tienda,2025-05-15 16:26:29,2025-05-15
13000002407,48,1,10,,2025-05-15 20:25:47,2025-05-15
13000002408,2595,1,8,,2025-05-16 02:33:41,2025-05-16
13000002409,2150,1,10,,2025-05-16 08:36:12,2025-05-16
13000002410,739,1,7,La entrega podría ser más rápida,2025-05-16 10:37:12,2025-05-16
13000002411,2267,1,8,La entrega podría ser más rápida,2025-05-16 14:34:53,2025-05-16
13000002412,1637,1,10,Entrega rápida y producto excelente,2025-05-16 14:54:02,2025-05-16
13000002413,2405,1,10,Entrega rápida y producto excelente,2025-05-16 23:54:58,2025-05-16
13000002414,2439,1,10,,2025-05-17 02:44:54,2025-05-17
13000002415,1583,2,8,,2025-05-19 08:26:46,2025-05-19
13000002416,2243,2,7,"Buen producto, un poco caro",2025-05-19 10:00:00,2025-05-19
13000002417,1806,1,8,La entrega podría ser más rápida,2025-05-19 13:53:20,2025-05-19
13000002418,,1,9,Entrega rápida y producto excelente,2025-05-19 16:26:26,2025-05-19
13000002419,2846,1,8,"Buen producto, un poco caro",2025-05-19 18:44:48,2025-05-19
13000002420,1906,1,8,,2025-05-19 18:56:59,2025-05-19
13000002421,2739,1,7,,2025-05-19 23:53:01,2025-05-19
13000002422,334,1,9,Entrega rápida y producto excelente,2025-05-20 00:49:46,2025-05-20
13000002423,987,2,10,Todo perfecto,2025-05-20 21:59:59,2025-05-20
13000002424,630,1,10,"Excelente botella, mantiene la temperatura",2025-05-21 14:32:26,2025-05-21
13000002425,1331,1,9,Entrega rápida y producto excelente,2025-05-21 18:25:46,2025-05-21
13000002426,2873,1,10,"Excelente botella, mantiene la temperatura",2025-05-21 19:33:27,2025-05-21
13000002427,2860,1,6,La tapa pierde líquido,2025-05-22 11:25:12,2025-05-22
13000002428,1624,1,8,La entrega podría ser más rápida,2025-05-22 12:18:42,2025-05-22
13000002429,2877,1,9,Volvería a comprar,2025-05-22 18:57:18,2025-05-22
13000002430,496,1,10,"Excelente botella, mantiene la temperatura",2025-05-22 20:10:07,2025-05-22
13000002431,473,1,9,Entrega rápida y producto excelente,2025-05-23 10:12:43,2025-05-23
13000002432,2607,1,9,Entrega rápida y producto excelente,2025-05-23 12:03:45,2025-05-23
13000002433,2035,1,10,,2025-05-23 12:14:19,2025-05-23
13000002434,719,1,10,Entrega rápida y producto excelente,2025-05-23 12:20:14,2025-05-23
13000002435,670,1,7,Me gustaría más variedad de colores,2025-05-23 13:49:50,2025-05-23
13000002436,1706,1,7,,2025-05-23 15:28:43,2025-05-23
13000002437,398,1,10,,2025-05-23 18:53:25,2025-05-23
13000002438,2909,1,10,,2025-05-23 21:49:22,2025-05-23
13000002439,1176,2,9,Muy buena atención en la tienda,2025-05-24 01:59:24,2025-05-24
13000002440,1305,1,10,,2025-05-24 02:55:49,2025-05-24
13000002441,2504,1,10,Volvería a comprar,2025-05-24 10:10:13,2025-05-24
13000002442,2945,2,6,La tapa pierde líquido,2025-05-24 15:21:31,2025-05-24
13000002443,2884,1,8,"Buen producto, un poco caro",2025-05-26 10:16:42,2025-05-26
13000002444,648,1,6,Tuve que devolverlo,2025-05-26 10:20:36,2025-05-26
13000002445,2114,1,10,Entrega rápida y producto excelente,2025-05-26 11:04:04,2025-05-26
13000002446,1352,1,6,No cumplió mis expectativas,2025-05-26 11:18:45,2025-05-26
13000002447,2883,1,8,La entrega podría ser más rápida,2025-05-26 12:35:39,2025-05-26
13000002448,2885,1,10,"Excelente botella, mantiene la temperatura",2025-05-26 12:48:19,2025-05-26
13000002449,2549,1,9,"Excelente botella, mantiene la temperatura",2025-05-26 12:57:22,2025-05-26
13000002450,2480,1,5,Llegó con la caja dañada,2025-05-26 14:04:10,2025-05-26
13000002451,2128,1,8,,2025-05-26 14:11:48,2025-05-26
13000002452,1662,1,7,Podría mejorar el empaque,2025-05-26 18:01:35,2025-05-26
13000002453,2881,1,10,,2025-05-26 22:13:29,2025-05-26
13000002454,1334,1,4,El envío demoró y nadie me avisó,2025-05-26 22:22:50,2025-05-26
13000002455,184,1,9,Entrega rápida y producto excelente,2025-05-27 00:53:35,2025-05-27
13000002456,2868,1,5,Llegó con la caja dañada,2025-05-27 04:04:14,2025-05-27
13000002457,909,1,5,Tardó mucho más de lo esperado,2025-05-27 04:26:55,2025-05-27
13000002458,2875,1,8,,2025-05-27 06:57:49,2025-05-27
13000002459,2957,2,10,Volvería a comprar,2025-05-27 10:00:44,2025-05-27
13000002460,42,1,9,Entrega rápida y producto excelente,2025-05-27 10:16:27,2025-05-27
13000002461,542,1,7,"Buen producto, un poco caro",2025-05-27 11:40:40,2025-05-27
13000002462,,1,9,,2025-05-27 11:45:08,2025-05-27
13000002463,2910,1,5,Tuve que devolverlo,2025-05-27 12:41:46,2025-05-27
13000002464,2571,1,8,Me gustaría más variedad de colores,2025-05-27 13:00:16,2025-05-27
13000002465,2711,2,9,,2025-05-27 13:45:01,2025-05-27
13000002466,871,1,6,,2025-05-27 14:30:20,2025-05-27
13000002467,2171,1,6,,2025-05-27 14:42:16,2025-05-27
13000002468,1109,1,8,"Correcto, sin sorpresas",2025-05-28 00:32:37,2025-05-28
13000002469,1946,1,9,,2025-05-28 00:55:55,2025-05-28
13000002470,2781,1,8,Me gustaría más variedad de colores,2025-05-28 01:14:46,2025-05-28
13000002471,2415,1,10,Muy conforme con la calidad,2025-05-28 02:53:02,2025-05-28
13000002472,2165,1,7,,2025-05-28 05:35:21,2025-05-28
13000002473,560,2,10,Muy buena atención en la tienda,2025-05-28 06:10:57,2025-05-28
13000002474,2575,1,9,,2025-05-28 10:36:54,2025-05-28
13000002475,2882,1,8,La entrega podría ser más rápida,2025-05-28 11:42:21,2025-05-28
13000002476,2018,1,10,Entrega rápida y producto excelente,2025-05-28 12:17:46,2025-05-28
13000002477,2887,1,8,,2025-05-28 12:18:36,2025-05-28
13000002478,1851,2,8,,2025-05-28 13:40:51,2025-05-28
13000002479,2650,1,5,La tapa pierde líquido,2025-05-28 16:27:41,2025-05-28
13000002480,2853,1,6,La tapa pierde líquido,2025-05-28 17:55:32,2025-05-28
13000002481,2962,2,8,,2025-05-28 17:58:07,2025-05-28
13000002482,2959,2,7,,2025-05-28 18:04:49,2025-05-28
13000002483,2856,1,5,La tapa pierde líquido,2025-05-28 19:29:29,2025-05-28
13000002484,58,1,9,,2025-05-28 20:44:24,2025-05-28
13000002485,1422,1,7,,2025-05-28 22:50:12,2025-05-28
13000002486,705,1,9,Entrega rápida y producto excelente,2025-05-29 08:01:15,2025-05-29
13000002487,2253,2,7,Me gustaría más variedad de colores,2025-05-29 10:43:14,2025-05-29
13000002488,2391,2,10,Muy buena atención en la tienda,2025-05-29 12:08:40,2025-05-29
13000002489,2248,1,9,Entrega rápida y producto excelente,2025-05-29 17:44:44,2025-05-29
13000002490,1095,1,9,Entrega rápida y producto excelente,2025-05-29 18:40:48,2025-05-29
13000002491,1876,1,7,Podría mejorar el empaque,2025-05-29 19:46:52,2025-05-29
13000002492,836,1,2,El envío demoró y nadie me avisó,2025-05-29 21:47:42,2025-05-29
13000002493,2605,1,6,Tardó mucho más de lo esperado,2025-05-30 02:30:44,2025-05-30
13000002494,2899,1,6,El envío demoró y nadie me avisó,2025-05-30 11:51:41,2025-05-30
13000002495,1089,2,9,Volvería a comprar,2025-05-31 01:20:25,2025-05-31
13000002496,622,1,7,Me gustaría más variedad de colores,2025-05-31 02:07:13,2025-05-31
13000002497,1207,2,8,,2025-05-31 07:16:40,2025-05-31
13000002498,2969,2,8,"Buen producto, un poco caro",2025-05-31 14:41:57,2025-05-31
13000002499,1842,1,3,La tapa pierde líquido,2025-06-01 01:10:15,2025-06-01
13000002500,1175,2,10,Muy buena atención en la tienda,2025-06-01 10:23:05,2025-06-01
13000002501,1121,2,9,,2025-06-01 12:56:09,2025-06-01
13000002502,2926,1,10,Muy conforme con la calidad,2025-06-02 15:42:28,2025-06-02
13000002503,1479,1,10,,2025-06-02 16:07:07,2025-06-02
13000002504,2154,1,7,"Buen producto, un poco caro",2025-06-02 17:49:06,2025-06-02
13000002505,2821,2,8,,2025-06-03 11:16:34,2025-06-03
13000002506,925,2,8,,2025-06-03 12:01:43,2025-06-03
13000002507,1969,1,10,"Excelente botella, mantiene la temperatura",2025-06-03 12:40:27,2025-06-03
13000002508,2476,1,9,,2025-06-03 19:16:52,2025-06-03
13000002509,1631,2,8,,2025-06-04 10:25:48,2025-06-04
13000002510,2198,1,9,Volvería a comprar,2025-06-04 10:54:22,2025-06-04
13000002511,,1,8,,2025-06-04 11:21:06,2025-06-04
13000002512,,2,10,"Excelente botella, mantiene la temperatura",2025-06-04 11:39:55,2025-06-04
13000002513,420,1,10,Muy conforme con la calidad,2025-06-04 14:32:14,2025-06-04
13000002514,1687,1,7,,2025-06-04 16:21:29,2025-06-04
13000002515,2644,2,10,Muy conforme con la calidad,2025-06-05 00:53:07,2025-06-05
13000002516,1816,1,10,Entrega rápida y producto excelente,2025-06-05 06:42:15,2025-06-05
13000002517,,1,9,Muy conforme con la calidad,2025-06-05 11:18:26,2025-06-05
13000002518,2953,1,8,La entrega podría ser más rápida,2025-06-05 11:57:47,2025-06-05
13000002519,2955,1,9,,2025-06-06 14:16:30,2025-06-06
13000002520,703,1,8,,2025-06-06 14:23:13,2025-06-06
13000002521,2795,1,8,Me gustaría más variedad de colores,2025-06-07 05:27:03,2025-06-07
13000002522,,1,9,Entrega rápida y producto excelente,2025-06-07 07:34:15,2025-06-07
13000002523,1989,2,8,,2025-06-07 11:08:45,2025-06-07
13000002524,2998,2,8,"Buen producto, un poco caro",2025-06-07 13:16:01,2025-06-07
13000002525,2443,1,8,,2025-06-08 01:11:09,2025-06-08
13000002526,1512,2,10,,2025-06-08 01:32:39,2025-06-08
13000002527,2353,1,9,,2025-06-08 08:19:25,2025-06-08
13000002528,2684,2,10,,2025-06-08 11:40:48,2025-06-08
13000002529,3007,2,9,Muy buena atención en la tienda,2025-06-08 12:02:24,2025-06-08
13000002530,1051,2,6,,2025-06-08 12:05:45,2025-06-08
13000002531,2367,2,8,"Buen producto, un poco caro",2025-06-08 13:14:31,2025-06-08
13000002532,1334,2,10,Muy buena atención en la tienda,2025-06-08 22:02:58,2025-06-08
13000002533,2493,2,9,,2025-06-08 22:28:51,2025-06-08
13000002534,2694,1,10,"Excelente botella, mantiene la temperatura",2025-06-09 10:51:51,2025-06-09
13000002535,783,1,9,Entrega rápida y producto excelente,2025-06-09 20:34:31,2025-06-09
13000002536,1655,2,8,,2025-06-09 21:17:24,2025-06-09
13000002537,2594,1,9,,2025-06-10 06:24:07,2025-06-10
13000002538,2966,1,5,,2025-06-10 10:44:49,2025-06-10
13000002539,2693,1,10,Muy conforme con la calidad,2025-06-10 12:00:16,2025-06-10
13000002540,1313,1,10,,2025-06-10 18:22:22,2025-06-10
13000002541,2458,1,9,,2025-06-11 02:46:32,2025-06-11
13000002542,2520,1,10,Entrega rápida y producto excelente,2025-06-11 12:52:52,2025-06-11
13000002543,1272,2,5,Llegó con la caja dañada,2025-06-11 16:04:21,2025-06-11
13000002544,2022,1,9,Entrega rápida y producto excelente,2025-06-12 07:46:12,2025-06-12
13000002545,2215,2,8,,2025-06-12 09:46:44,2025-06-12
13000002546,338,2,9,Volvería a comprar,2025-06-12 10:02:48,2025-06-12
13000002547,2972,1,7,La entrega podría ser más rápida,2025-06-12 10:07:47,2025-06-12
13000002548,2265,1,8,"Buen producto, un poco caro",2025-06-12 12:19:18,2025-06-12
13000002549,2260,1,8,"Correcto, sin sorpresas",2025-06-12 12:38:06,2025-06-12
13000002550,2986,1,10,Todo perfecto,2025-06-12 12:55:51,2025-06-12
13000002551,2020,1,9,Todo perfecto,2025-06-12 13:38:13,2025-06-12
13000002552,2905,2,10,Muy conforme con la calidad,2025-06-12 14:30:24,2025-06-12
13000002553,2071,1,6,No cumplió mis expectativas,2025-06-12 14:36:37,2025-06-12
13000002554,1337,1,10,Todo perfecto,2025-06-12 15:54:51,2025-06-12
13000002555,1594,2,9,"Excelente botella, mantiene la temperatura",2025-06-12 22:24:37,2025-06-12
13000002556,1001,1,9,Volvería a comprar,2025-06-12 23:57:41,2025-06-12
13000002557,1931,1,7,Podría mejorar el empaque,2025-06-13 01:33:25,2025-06-13
13000002558,2775,2,9,Volvería a comprar,2025-06-13 03:38:29,2025-06-13
13000002559,670,1,7,La entrega podría ser más rápida,2025-06-13 04:15:43,2025-06-13
13000002560,2841,1,6,Llegó con la caja dañada,2025-06-13 05:22:12,2025-06-13
13000002561,1489,2,7,"Buen producto, un poco caro",2025-06-13 07:55:47,2025-06-13
13000002562,2291,1,7,La entrega podría ser más rápida,2025-06-13 11:31:19,2025-06-13
13000002563,3040,2,10,Muy buena atención en la tienda,2025-06-13 11:55:55,2025-06-13
13000002564,2635,1,7,Podría mejorar el empaque,2025-06-14 04:07:13,2025-06-14
13000002565,2378,1,8,,2025-06-14 04:11:47,2025-06-14
13000002566,2971,1,10,"Excelente botella, mantiene la temperatura",2025-06-14 14:43:11,2025-06-14
13000002567,1589,2,10,,2025-06-14 15:32:52,2025-06-14
13000002568,3046,2,8,,2025-06-15 14:14:23,2025-06-15
13000002569,2556,2,10,Muy buena atención en la tienda,2025-06-15 22:58:49,2025-06-15
13000002570,,1,10,,2025-06-16 10:22:13,2025-06-16
13000002571,1223,1,9,"Excelente botella, mantiene la temperatura",2025-06-16 12:36:53,2025-06-16
13000002572,2095,1,10,"Excelente botella, mantiene la temperatura",2025-06-16 14:07:07,2025-06-16
13000002573,,2,9,Todo perfecto,2025-06-16 14:29:20,2025-06-16
13000002574,1736,1,10,,2025-06-17 11:29:44,2025-06-17
13000002575,1555,1,7,,2025-06-17 12:20:17,2025-06-17
13000002576,952,1,6,La tapa pierde líquido,2025-06-17 14:39:49,2025-06-17
13000002577,2747,1,7,Me gustaría más variedad de colores,2025-06-17 15:37:18,2025-06-17
13000002578,3015,1,8,Podría mejorar el empaque,2025-06-17 16:59:59,2025-06-17
13000002579,1978,1,7,Podría mejorar el empaque,2025-06-18 00:41:29,2025-06-18
13000002580,2990,1,9,Entrega rápida y producto excelente,2025-06-18 05:09:28,2025-06-18
13000002581,3059,2,10,"Excelente botella, mantiene la temperatura",2025-06-18 09:44:11,2025-06-18
13000002582,2271,2,10,Muy buena atención en la tienda,2025-06-18 10:52:56,2025-06-18
13000002583,3011,1,7,,2025-06-18 11:02:51,2025-06-18
13000002584,2300,1,9,,2025-06-18 11:14:12,2025-06-18
13000002585,2716,1,6,La tapa pierde líquido,2025-06-18 13:36:32,2025-06-18
13000002586,652,1,8,,2025-06-18 15:53:35,2025-06-18
13000002587,1859,1,9,,2025-06-18 22:34:10,2025-06-18
13000002588,2157,2,9,"Excelente botella, mantiene la temperatura",2025-06-19 00:57:57,2025-06-19
13000002589,1571,2,6,Poco stock en la tienda,2025-06-19 10:03:54,2025-06-19
13000002590,1114,1,7,"Correcto, sin sorpresas",2025-06-19 13:51:40,2025-06-19
13000002591,163,1,5,No cumplió mis expectativas,2025-06-19 14:22:25,2025-06-19
13000002592,1610,1,7,,2025-06-19 16:26:05,2025-06-19
13000002593,3010,1,10,,2025-06-19 20:10:30,2025-06-19
13000002594,300,1,8,Me gustaría más variedad de colores,2025-06-19 23:49:05,2025-06-19
13000002595,2793,1,10,Entrega rápida y producto excelente,2025-06-20 03:05:36,2025-06-20
13000002596,2269,1,7,,2025-06-20 10:33:02,2025-06-20
13000002597,1398,1,9,,2025-06-20 11:00:07,2025-06-20
13000002598,3009,1,7,,2025-06-20 13:32:53,2025-06-20
13000002599,3023,1,10,Entrega rápida y producto excelente,2025-06-20 13:43:01,2025-06-20
13000002600,,1,6,La tapa pierde líquido,2025-06-20 22:38:56,2025-06-20
13000002601,2863,2,10,,2025-06-21 12:28:26,2025-06-21
13000002602,3068,2,8,,2025-06-21 14:33:18,2025-06-21
13000002603,1192,2,10,Muy buena atención en la tienda,2025-06-22 15:02:10,2025-06-22
13000002604,1618,2,9,"Excelente botella, mantiene la temperatura",2025-06-22 15:15:52,2025-06-22
13000002605,276,2,8,Me gustaría más variedad de colores,2025-06-22 16:08:36,2025-06-22
13000002606,1343,2,7,"Correcto, sin sorpresas",2025-06-22 16:24:26,2025-06-22
13000002607,338,2,8,,2025-06-22 20:21:06,2025-06-22
13000002608,1863,2,10,Volvería a comprar,2025-06-22 22:01:40,2025-06-22
13000002609,850,2,6,La tapa pierde líquido,2025-06-23 00:18:07,2025-06-23
13000002610,2499,2,8,Podría mejorar el empaque,2025-06-23 00:32:39,2025-06-23
13000002611,1631,2,7,,2025-06-23 04:45:14,2025-06-23
13000002612,2729,1,7,Me gustaría más variedad de colores,2025-06-23 10:28:12,2025-06-23
13000002613,3035,1,10,Entrega rápida y producto excelente,2025-06-23 10:34:30,2025-06-23
13000002614,2675,2,8,,2025-06-23 12:03:43,2025-06-23
13000002615,356,1,8,,2025-06-23 14:25:25,2025-06-23
13000002616,3038,1,9,Todo perfecto,2025-06-23 14:46:37,2025-06-23
13000002617,3032,1,9,Entrega rápida y producto excelente,2025-06-23 16:38:10,2025-06-23
13000002618,2391,2,9,,2025-06-23 18:51:11,2025-06-23
13000002619,3031,1,10,Entrega rápida y producto excelente,2025-06-23 21:38:26,2025-06-23
13000002620,2340,1,8,Podría mejorar el empaque,2025-06-23 23:33:08,2025-06-23
13000002621,,1,9,Entrega rápida y producto excelente,2025-06-24 00:10:46,2025-06-24
13000002622,2421,1,7,,2025-06-24 10:29:23,2025-06-24
13000002623,3078,2,8,,2025-06-24 12:00:48,2025-06-24
13000002624,267,2,9,,2025-06-24 15:19:22,2025-06-24
13000002625,3029,1,10,Volvería a comprar,2025-06-24 22:33:50,2025-06-24
13000002626,,2,6,Tuve que devolverlo,2025-06-25 10:07:27,2025-06-25
13000002627,1509,1,5,Tuve que devolverlo,2025-06-25 11:12:12,2025-06-25
13000002628,3041,1,8,"Buen producto, un poco caro",2025-06-25 11:35:02,2025-06-25
13000002629,1677,1,7,"Correcto, sin sorpresas",2025-06-25 11:58:32,2025-06-25
13000002630,177,2,7,,2025-06-25 12:21:43,2025-06-25
13000002631,1706,1,7,"Buen producto, un poco caro",2025-06-25 12:46:20,2025-06-25
13000002632,2616,2,10,Volvería a comprar,2025-06-25 12:55:35,2025-06-25
13000002633,2310,1,9,"Excelente botella, mantiene la temperatura",2025-06-25 17:16:46,2025-06-25
13000002634,2014,1,10,,2025-06-25 20:15:28,2025-06-25
13000002635,2584,1,8,La entrega podría ser más rápida,2025-06-25 21:20:14,2025-06-25
13000002636,2015,2,8,"Correcto, sin sorpresas",2025-06-26 00:59:03,2025-06-26
13000002637,1375,1,9,,2025-06-26 01:46:12,2025-06-26
13000002638,1313,1,6,La tapa pierde líquido,2025-06-26 02:23:18,2025-06-26
13000002639,2031,1,8,,2025-06-26 12:03:35,2025-06-26
13000002640,2336,1,10,,2025-06-26 13:53:58,2025-06-26
13000002641,1787,2,9,Muy conforme con la calidad,2025-06-26 14:23:29,2025-06-26
13000002642,1939,1,9,,2025-06-26 17:36:53,2025-06-26
13000002643,2197,2,5,Poco stock en la tienda,2025-06-27 10:18:04,2025-06-27
13000002644,2146,1,7,Podría mejorar el empaque,2025-06-27 11:47:31,2025-06-27
13000002645,1245,2,10,,2025-06-27 11:47:48,2025-06-27
13000002646,3061,1,10,Muy conforme con la calidad,2025-06-27 13:24:01,2025-06-27
13000002647,2894,1,8,,2025-06-27 15:06:52,2025-06-27
13000002648,3057,1,9,Entrega rápida y producto excelente,2025-06-27 18:32:28,2025-06-27
13000002649,1802,1,8,La entrega podría ser más rápida,2025-06-27 19:59:06,2025-06-27
13000002650,3055,1,7,,2025-06-28 02:34:27,2025-06-28
13000002651,1753,1,7,La entrega podría ser más rápida,2025-06-28 06:20:13,2025-06-28
13000002652,440,1,6,,2025-06-28 06:45:29,2025-06-28
13000002653,756,1,8,,2025-06-28 11:38:09,2025-06-28
13000002654,2124,2,9,Muy buena atención en la tienda,2025-06-28 15:43:09,2025-06-28
13000002655,1942,2,10,Muy buena atención en la tienda,2025-06-28 16:20:30,2025-06-28
13000002656,,2,8,,2025-06-29 00:15:16,2025-06-29
13000002657,1988,2,8,,2025-06-29 01:50:04,2025-06-29
13000002658,3092,2,7,,2025-06-29 08:10:06,2025-06-29
13000002659,3023,2,7,Me gustaría más variedad de colores,2025-06-29 21:55:23,2025-06-29
13000002660,3095,2,8,"Buen producto, un poco caro",2025-06-30 08:49:56,2025-06-30
13000002661,2501,1,7,La entrega podría ser más rápida,2025-06-30 11:30:47,2025-06-30
13000002662,426,1,9,"Excelente botella, mantiene la temperatura",2025-07-01 04:29:03,2025-07-01
13000002663,184,1,6,La tapa pierde líquido,2025-07-01 10:08:53,2025-07-01
13000002664,1484,1,10,,2025-07-01 15:47:27,2025-07-01
13000002665,3105,2,9,Volvería a comprar,2025-07-02 10:17:14,2025-07-02
13000002666,2193,1,7,La entrega podría ser más rápida,2025-07-02 10:48:44,2025-07-02
13000002667,172,1,7,"Correcto, sin sorpresas",2025-07-02 12:47:57,2025-07-02
13000002668,1429,1,9,,2025-07-02 15:50:01,2025-07-02
13000002669,572,1,9,Entrega rápida y producto excelente,2025-07-02 16:36:39,2025-07-02
13000002670,2728,1,4,Llegó con la caja dañada,2025-07-02 17:35:16,2025-07-02
13000002671,2463,1,6,,2025-07-02 19:37:13,2025-07-02
13000002672,1956,1,9,,2025-07-02 20:09:10,2025-07-02
13000002673,2372,1,7,,2025-07-02 21:27:41,2025-07-02
13000002674,1485,1,9,Entrega rápida y producto excelente,2025-07-03 08:55:11,2025-07-03
13000002675,2770,1,10,Entrega rápida y producto excelente,2025-07-03 10:22:23,2025-07-03
13000002676,1404,1,6,,2025-07-03 12:31:21,2025-07-03
13000002677,1159,1,8,,2025-07-03 15:17:17,2025-07-03
13000002678,1748,1,8,La entrega podría ser más rápida,2025-07-03 15:32:42,2025-07-03
13000002679,2,1,7,,2025-07-04 10:26:57,2025-07-04
13000002680,2890,2,5,,2025-07-04 15:43:55,2025-07-04
13000002681,2602,1,6,La tapa pierde líquido,2025-07-04 16:21:25,2025-07-04
13000002682,2415,1,9,,2025-07-04 19:52:23,2025-07-04
13000002683,161,1,7,Podría mejorar el empaque,2025-07-04 20:37:56,2025-07-04
13000002684,3116,2,7,,2025-07-05 12:30:37,2025-07-05
13000002685,1710,1,10,Muy conforme con la calidad,2025-07-05 14:34:28,2025-07-05
13000002686,1235,2,10,,2025-07-06 13:27:21,2025-07-06
13000002687,402,2,10,Muy buena atención en la tienda,2025-07-06 20:00:05,2025-07-06
13000002688,2425,1,8,La entrega podría ser más rápida,2025-07-07 11:18:23,2025-07-07
13000002689,2553,1,8,La entrega podría ser más rápida,2025-07-07 12:53:33,2025-07-07
13000002690,1118,1,8,,2025-07-07 21:37:34,2025-07-07
13000002691,395,2,7,"Buen producto, un poco caro",2025-07-08 16:28:05,2025-07-08
13000002692,2922,1,10,Entrega rápida y producto excelente,2025-07-08 21:01:25,2025-07-08
13000002693,227,2,7,"Buen producto, un poco caro",2025-07-09 08:57:35,2025-07-09
13000002694,2236,1,8,La entrega podría ser más rápida,2025-07-09 11:35:12,2025-07-09
13000002695,2631,1,8,,2025-07-09 15:20:23,2025-07-09
13000002696,1102,1,8,,2025-07-09 16:32:21,2025-07-09
13000002697,2289,1,10,Entrega rápida y producto excelente,2025-07-09 17:26:18,2025-07-09
13000002698,3088,1,8,La entrega podría ser más rápida,2025-07-10 00:18:25,2025-07-10
13000002699,2678,1,10,Entrega rápida y producto excelente,2025-07-10 10:17:51,2025-07-10
13000002700,2910,1,7,Podría mejorar el empaque,2025-07-10 10:30:49,2025-07-10
13000002701,3136,2,5,,2025-07-10 13:43:15,2025-07-10
13000002702,3109,1,8,,2025-07-10 13:54:04,2025-07-10
13000002703,3091,1,10,"Excelente botella, mantiene la temperatura",2025-07-10 14:30:56,2025-07-10
13000002704,1970,1,10,Entrega rápida y producto excelente,2025-07-10 17:37:05,2025-07-10
13000002705,3099,1,9,Muy conforme con la calidad,2025-07-11 12:09:46,2025-07-11
13000002706,1885,1,8,La entrega podría ser más rápida,2025-07-11 13:30:36,2025-07-11
13000002707,1635,2,9,Muy conforme con la calidad,2025-07-11 15:13:23,2025-07-11
13000002708,165,1,8,La entrega podría ser más rápida,2025-07-11 18:46:12,2025-07-11
13000002709,646,2,9,,2025-07-12 22:01:39,2025-07-12
13000002710,,2,10,Muy buena atención en la tienda,2025-07-13 14:52:28,2025-07-13
13000002711,2711,2,10,,2025-07-13 19:12:01,2025-07-13
13000002712,2170,2,7,Me gustaría más variedad de colores,2025-07-13 22:48:49,2025-07-13
13000002713,46,1,7,"Buen producto, un poco caro",2025-07-14 10:32:30,2025-07-14
13000002714,304,2,4,,2025-07-14 11:05:52,2025-07-14
13000002715,3115,1,8,"Buen producto, un poco caro",2025-07-14 12:11:06,2025-07-14
13000002716,2365,1,9,Muy conforme con la calidad,2025-07-14 14:40:52,2025-07-14
13000002717,3110,1,7,,2025-07-14 17:47:31,2025-07-14
13000002718,2371,1,8,,2025-07-14 19:12:10,2025-07-14
13000002719,3125,1,8,,2025-07-15 10:23:38,2025-07-15
13000002720,93,2,9,Muy buena atención en la tienda,2025-07-15 12:09:27,2025-07-15
13000002721,1238,1,10,Entrega rápida y producto excelente,2025-07-15 13:53:55,2025-07-15
13000002722,2571,1,8,,2025-07-15 14:16:35,2025-07-15
13000002723,3156,2,7,,2025-07-15 18:26:16,2025-07-15
13000002724,3157,2,10,,2025-07-15 20:59:53,2025-07-15
13000002725,1057,1,10,Entrega rápida y producto excelente,2025-07-16 06:16:47,2025-07-16
13000002726,487,2,10,Volvería a comprar,2025-07-16 10:01:52,2025-07-16
13000002727,2089,1,9,,2025-07-16 11:05:33,2025-07-16
13000002728,2221,1,6,No cumplió mis expectativas,2025-07-16 16:04:54,2025-07-16
13000002729,1394,1,9,,2025-07-16 17:43:30,2025-07-16
13000002730,2161,1,5,Llegó con la caja dañada,2025-07-16 17:52:42,2025-07-16
13000002731,3130,1,10,"Excelente botella, mantiene la temperatura",2025-07-17 12:14:52,2025-07-17
13000002732,,1,9,,2025-07-17 12:25:49,2025-07-17
13000002733,3104,1,4,Tardó mucho más de lo esperado,2025-07-17 18:19:07,2025-07-17
13000002734,1517,2,8,Podría mejorar el empaque,2025-07-17 19:59:37,2025-07-17
13000002735,1012,1,10,,2025-07-18 10:43:51,2025-07-18
13000002736,3134,1,9,,2025-07-18 12:19:06,2025-07-18
13000002737,2116,1,9,Entrega rápida y producto excelente,2025-07-18 13:31:10,2025-07-18
13000002738,1837,1,7,La entrega podría ser más rápida,2025-07-18 21:41:27,2025-07-18
13000002739,898,1,9,,2025-07-19 05:27:32,2025-07-19
13000002740,1863,2,7,Podría mejorar el empaque,2025-07-19 10:16:44,2025-07-19
13000002741,407,2,8,"Buen producto, un poco caro",2025-07-19 21:00:49,2025-07-19
13000002742,2314,1,8,,2025-07-21 11:02:22,2025-07-21
13000002743,2786,1,10,Entrega rápida y producto excelente,2025-07-21 11:51:30,2025-07-21
13000002744,3138,1,10,"Excelente botella, mantiene la temperatura",2025-07-21 12:39:31,2025-07-21
13000002745,3120,1,6,Tardó mucho más de lo esperado,2025-07-21 15:54:39,2025-07-21
13000002746,2959,2,10,Muy buena atención en la tienda,2025-07-21 21:44:51,2025-07-21
13000002747,3144,1,9,Entrega rápida y producto excelente,2025-07-22 12:15:21,2025-07-22
13000002748,1360,1,7,La entrega podría ser más rápida,2025-07-22 13:56:44,2025-07-22
13000002749,3129,1,6,El envío demoró y nadie me avisó,2025-07-22 20:28:13,2025-07-22
13000002750,3146,1,9,Muy conforme con la calidad,2025-07-23 01:06:25,2025-07-23
13000002751,3137,1,6,Llegó con la caja dañada,2025-07-23 01:38:01,2025-07-23
13000002752,3152,1,7,Me gustaría más variedad de colores,2025-07-23 10:13:16,2025-07-23
13000002753,3154,1,10,,2025-07-23 10:29:24,2025-07-23
13000002754,2583,1,10,Volvería a comprar,2025-07-23 11:08:13,2025-07-23
13000002755,3060,2,8,,2025-07-23 12:41:44,2025-07-23
13000002756,2752,1,8,,2025-07-23 14:57:03,2025-07-23
13000002757,421,1,8,"Correcto, sin sorpresas",2025-07-23 17:39:56,2025-07-23
13000002758,213,1,10,,2025-07-24 11:38:02,2025-07-24
13000002759,3145,1,10,Entrega rápida y producto excelente,2025-07-24 12:42:22,2025-07-24
13000002760,1404,2,10,Muy conforme con la calidad,2025-07-24 14:22:41,2025-07-24
13000002761,3151,1,8,Me gustaría más variedad de colores,2025-07-24 16:36:24,2025-07-24
13000002762,,1,10,"Excelente botella, mantiene la temperatura",2025-07-24 17:31:46,2025-07-24
13000002763,2111,1,2,,2025-07-24 18:58:39,2025-07-24
13000002764,613,2,7,Podría mejorar el empaque,2025-07-24 23:05:02,2025-07-24
13000002765,2193,1,6,No cumplió mis expectativas,2025-07-25 01:53:31,2025-07-25
13000002766,2051,1,6,La tapa pierde líquido,2025-07-25 03:18:05,2025-07-25
13000002767,1474,1,8,"Correcto, sin sorpresas",2025-07-25 05:31:36,2025-07-25
13000002768,3125,2,4,La tapa pierde líquido,2025-07-25 10:00:00,2025-07-25
13000002769,2460,2,7,,2025-07-25 12:40:44,2025-07-25
13000002770,2928,1,10,"Excelente botella, mantiene la temperatura",2025-07-25 15:04:13,2025-07-25
13000002771,2391,2,10,Muy buena atención en la tienda,2025-07-26 10:26:53,2025-07-26
13000002772,2686,1,8,,2025-07-26 23:06:26,2025-07-26
13000002773,2513,2,10,"Excelente botella, mantiene la temperatura",2025-07-27 03:30:23,2025-07-27
13000002774,1335,2,9,,2025-07-27 10:06:03,2025-07-27
13000002775,1870,2,8,,2025-07-27 10:09:52,2025-07-27
13000002776,1645,2,10,,2025-07-27 14:19:31,2025-07-27
13000002777,2199,2,6,Poco stock en la tienda,2025-07-27 22:03:07,2025-07-27
13000002778,3158,1,7,,2025-07-28 11:18:37,2025-07-28
13000002779,1371,1,8,"Buen producto, un poco caro",2025-07-28 11:52:44,2025-07-28
13000002780,2138,1,9,,2025-07-28 16:18:40,2025-07-28
13000002781,3165,2,9,Muy buena atención en la tienda,2025-07-28 17:57:29,2025-07-28
13000002782,2156,1,8,"Correcto, sin sorpresas",2025-07-28 19:08:32,2025-07-28
13000002783,2492,1,9,Entrega rápida y producto excelente,2025-07-29 06:03:33,2025-07-29
13000002784,1716,1,8,La entrega podría ser más rápida,2025-07-29 06:39:41,2025-07-29
13000002785,2549,1,7,La entrega podría ser más rápida,2025-07-29 08:18:35,2025-07-29
13000002786,2930,1,9,Entrega rápida y producto excelente,2025-07-29 10:41:50,2025-07-29
13000002787,3086,1,8,,2025-07-29 11:07:44,2025-07-29
13000002788,2979,2,3,Tuve que devolverlo,2025-07-29 13:10:25,2025-07-29
13000002789,2675,1,7,Podría mejorar el empaque,2025-07-29 13:49:48,2025-07-29
13000002790,2086,1,7,,2025-07-29 16:09:47,2025-07-29
13000002791,2816,2,7,,2025-07-29 16:28:19,2025-07-29
13000002792,714,2,7,,2025-07-29 17:57:05,2025-07-29
13000002793,1780,1,7,Podría mejorar el empaque,2025-07-29 19:12:29,2025-07-29
13000002794,420,1,6,Llegó con la caja dañada,2025-07-30 10:31:47,2025-07-30
13000002795,3203,2,10,Muy conforme con la calidad,2025-07-30 12:39:39,2025-07-30
13000002796,2174,2,9,,2025-07-30 15:18:05,2025-07-30
13000002797,2552,1,8,La entrega podría ser más rápida,2025-07-30 16:28:09,2025-07-30
13000002798,2900,1,3,Tuve que devolverlo,2025-07-30 16:42:20,2025-07-30
13000002799,3174,1,9,,2025-07-30 23:01:51,2025-07-30
13000002800,2703,1,10,Entrega rápida y producto excelente,2025-07-31 01:45:38,2025-07-31
13000002801,1941,1,10,Entrega rápida y producto excelente,2025-07-31 03:14:00,2025-07-31
13000002802,952,1,7,,2025-07-31 12:31:01,2025-07-31
13000002803,2921,2,10,,2025-07-31 17:12:39,2025-07-31
13000002804,1376,2,8,,2025-07-31 20:16:22,2025-07-31
13000002805,2976,1,10,,2025-08-01 10:56:05,2025-08-01
13000002806,2993,1,6,Llegó con la caja dañada,2025-08-01 11:13:00,2025-08-01
13000002807,3179,1,6,La tapa pierde líquido,2025-08-01 19:03:50,2025-08-01
13000002808,2336,1,9,Todo perfecto,2025-08-01 22:55:10,2025-08-01
13000002809,1753,1,8,Me gustaría más variedad de colores,2025-08-02 10:25:43,2025-08-02
13000002810,3217,2,10,"Excelente botella, mantiene la temperatura",2025-08-02 14:19:43,2025-08-02
13000002811,3219,2,8,,2025-08-03 16:34:07,2025-08-03
13000002812,1436,1,7,La entrega podría ser más rápida,2025-08-04 13:59:06,2025-08-04
13000002813,1949,1,9,Volvería a comprar,2025-08-04 16:07:37,2025-08-04
13000002814,1001,1,7,,2025-08-04 17:08:26,2025-08-04
13000002815,1071,1,8,,2025-08-05 12:22:31,2025-08-05
13000002816,2453,2,10,,2025-08-05 15:30:20,2025-08-05
13000002817,3198,1,10,,2025-08-06 11:25:50,2025-08-06
13000002818,2772,1,8,,2025-08-06 11:36:34,2025-08-06
13000002819,1955,1,10,,2025-08-06 12:09:23,2025-08-06
13000002820,2812,1,10,,2025-08-06 12:20:12,2025-08-06
13000002821,3202,1,8,Podría mejorar el empaque,2025-08-06 18:38:08,2025-08-06
13000002822,1437,1,10,,2025-08-06 19:10:09,2025-08-06
13000002823,3228,2,9,Muy buena atención en la tienda,2025-08-07 05:05:24,2025-08-07
13000002824,617,2,7,"Correcto, sin sorpresas",2025-08-07 06:43:47,2025-08-07
13000002825,2155,2,8,"Buen producto, un poco caro",2025-08-07 10:00:00,2025-08-07
13000002826,3195,1,8,"Buen producto, un poco caro",2025-08-07 10:23:38,2025-08-07
13000002827,1207,1,10,Entrega rápida y producto excelente,2025-08-07 10:27:05,2025-08-07
13000002828,944,1,5,Llegó con la caja dañada,2025-08-07 10:47:22,2025-08-07
13000002829,1466,2,3,Tuve que devolverlo,2025-08-07 11:13:09,2025-08-07
13000002830,2478,2,8,,2025-08-07 13:48:15,2025-08-07
13000002831,2194,1,9,,2025-08-07 14:05:27,2025-08-07
13000002832,3245,2,6,Tuve que esperar mucho en la caja,2025-08-08 15:29:27,2025-08-08
13000002833,3244,2,10,Muy buena atención en la tienda,2025-08-08 18:06:11,2025-08-08
13000002834,210,2,6,Tuve que esperar mucho en la caja,2025-08-09 11:28:09,2025-08-09
13000002835,2230,1,7,Podría mejorar el empaque,2025-08-09 16:34:49,2025-08-09
13000002836,3214,1,9,Volvería a comprar,2025-08-11 11:08:43,2025-08-11
13000002837,1257,1,6,La tapa pierde líquido,2025-08-11 16:24:17,2025-08-11
13000002838,2974,1,6,La tapa pierde líquido,2025-08-11 16:48:28,2025-08-11
13000002839,3216,1,9,,2025-08-11 21:11:41,2025-08-11
13000002840,1285,1,8,,2025-08-11 22:52:37,2025-08-11
13000002841,3210,1,10,,2025-08-12 05:57:30,2025-08-12
13000002842,3220,2,10,Muy buena atención en la tienda,2025-08-12 14:22:01,2025-08-12
13000002843,2819,1,8,La entrega podría ser más rápida,2025-08-12 19:14:43,2025-08-12
13000002844,3206,1,6,Tardó mucho más de lo esperado,2025-08-13 00:22:36,2025-08-13
13000002845,2526,1,7,La entrega podría ser más rápida,2025-08-13 04:41:03,2025-08-13
13000002846,2502,1,7,,2025-08-13 10:43:15,2025-08-13
13000002847,1662,2,9,"Excelente botella, mantiene la temperatura",2025-08-13 11:38:04,2025-08-13
13000002848,1740,2,9,Muy buena atención en la tienda,2025-08-13 15:52:53,2025-08-13
13000002849,389,2,8,,2025-08-13 20:43:47,2025-08-13
13000002850,3230,1,7,,2025-08-14 12:08:10,2025-08-14
13000002851,1705,1,8,,2025-08-14 13:58:43,2025-08-14
13000002852,3271,2,10,,2025-08-14 16:33:40,2025-08-14
13000002853,3272,2,8,"Buen producto, un poco caro",2025-08-14 16:38:34,2025-08-14
13000002854,1429,1,8,,2025-08-14 19:00:41,2025-08-14
13000002855,2968,1,7,,2025-08-14 22:31:58,2025-08-14
13000002856,215,1,8,,2025-08-15 03:33:02,2025-08-15
13000002857,2105,1,8,"Buen producto, un poco caro",2025-08-15 09:21:13,2025-08-15
13000002858,1942,2,8,Me gustaría más variedad de colores,2025-08-15 11:00:57,2025-08-15
13000002859,3218,1,4,Tuve que devolverlo,2025-08-15 11:26:29,2025-08-15
13000002860,2342,1,7,Me gustaría más variedad de colores,2025-08-15 11:59:08,2025-08-15
13000002861,2805,2,8,"Buen producto, un poco caro",2025-08-15 12:44:22,2025-08-15
13000002862,69,1,8,Podría mejorar el empaque,2025-08-15 16:38:08,2025-08-15
13000002863,870,1,10,Entrega rápida y producto excelente,2025-08-15 19:48:15,2025-08-15
13000002864,3235,1,10,Volvería a comprar,2025-08-15 20:44:34,2025-08-15
13000002865,1594,1,7,La entrega podría ser más rápida,2025-08-16 11:42:51,2025-08-16
13000002866,2308,1,9,Entrega rápida y producto excelente,2025-08-16 18:14:09,2025-08-16
13000002867,2167,2,9,Muy conforme con la calidad,2025-08-17 04:18:01,2025-08-17
13000002868,258,2,9,Muy buena atención en la tienda,2025-08-17 10:04:39,2025-08-17
13000002869,1268,2,10,,2025-08-17 10:35:33,2025-08-17
13000002870,,2,8,,2025-08-17 12:23:35,2025-08-17
13000002871,3285,2,7,,2025-08-17 13:14:11,2025-08-17
13000002872,3283,2,8,,2025-08-17 17:12:32,2025-08-17
13000002873,2396,2,9,Muy buena atención en la tienda,2025-08-18 00:16:06,2025-08-18
13000002874,2152,2,10,,2025-08-18 09:09:09,2025-08-18
13000002875,3246,1,10,Entrega rápida y producto excelente,2025-08-18 10:33:35,2025-08-18
13000002876,2960,1,7,La entrega podría ser más rápida,2025-08-18 12:58:43,2025-08-18
13000002877,3241,1,8,,2025-08-18 17:38:50,2025-08-18
13000002878,2352,1,7,La entrega podría ser más rápida,2025-08-18 19:23:22,2025-08-18
13000002879,3227,1,6,La tapa pierde líquido,2025-08-19 06:46:03,2025-08-19
13000002880,,1,8,,2025-08-19 13:21:25,2025-08-19
13000002881,70,1,8,"Buen producto, un poco caro",2025-08-19 13:43:38,2025-08-19
13000002882,2776,1,9,,2025-08-19 15:19:47,2025-08-19
13000002883,2360,1,8,La entrega podría ser más rápida,2025-08-20 01:19:36,2025-08-20
13000002884,3257,1,8,,2025-08-20 10:22:43,2025-08-20
13000002885,2747,1,10,Muy conforme con la calidad,2025-08-20 13:23:03,2025-08-20
13000002886,2840,1,7,Me gustaría más variedad de colores,2025-08-20 17:46:16,2025-08-20
13000002887,3253,1,10,,2025-08-20 19:48:44,2025-08-20
13000002888,2761,1,9,Entrega rápida y producto excelente,2025-08-20 21:25:21,2025-08-20
13000002889,2493,2,10,,2025-08-21 03:58:21,2025-08-21
13000002890,1966,1,10,"Excelente botella, mantiene la temperatura",2025-08-21 11:28:29,2025-08-21
13000002891,2372,1,9,Todo perfecto,2025-08-21 12:27:45,2025-08-21
13000002892,2682,1,8,,2025-08-21 18:16:28,2025-08-21
13000002893,517,1,9,,2025-08-21 18:40:06,2025-08-21
13000002894,1847,1,6,Llegó con la caja dañada,2025-08-21 19:08:10,2025-08-21
13000002895,1940,2,7,,2025-08-21 19:51:45,2025-08-21
13000002896,1415,1,8,"Buen producto, un poco caro",2025-08-21 19:55:15,2025-08-21
13000002897,1895,2,9,Muy conforme con la calidad,2025-08-22 10:59:50,2025-08-22
13000002898,1864,1,5,Llegó con la caja dañada,2025-08-22 12:25:30,2025-08-22
13000002899,73,1,7,"Correcto, sin sorpresas",2025-08-22 15:04:11,2025-08-22
13000002900,3250,1,10,"Excelente botella, mantiene la temperatura",2025-08-22 15:29:25,2025-08-22
13000002901,3248,1,7,La entrega podría ser más rápida,2025-08-22 16:04:55,2025-08-22
13000002902,2468,1,10,,2025-08-22 19:09:26,2025-08-22
13000002903,,2,7,Me gustaría más variedad de colores,2025-08-23 06:50:40,2025-08-23
13000002904,336,2,10,Muy conforme con la calidad,2025-08-23 10:30:48,2025-08-23
13000002905,3314,2,8,"Correcto, sin sorpresas",2025-08-23 11:36:57,2025-08-23
13000002906,2918,2,9,Muy buena atención en la tienda,2025-08-23 14:52:51,2025-08-23
13000002907,2712,2,10,Todo perfecto,2025-08-23 15:54:15,2025-08-23
13000002908,3310,2,8,,2025-08-23 19:03:19,2025-08-23
13000002909,1085,2,8,Podría mejorar el empaque,2025-08-24 01:41:11,2025-08-24
13000002910,3316,2,10,Muy conforme con la calidad,2025-08-24 12:22:49,2025-08-24
13000002911,1631,2,10,Todo perfecto,2025-08-24 13:16:27,2025-08-24
13000002912,2760,1,8,La entrega podría ser más rápida,2025-08-25 11:36:03,2025-08-25
13000002913,3278,1,9,"Excelente botella, mantiene la temperatura",2025-08-25 13:09:59,2025-08-25
13000002914,3266,1,7,"Buen producto, un poco caro",2025-08-25 18:27:04,2025-08-25
13000002915,2964,1,10,Entrega rápida y producto excelente,2025-08-25 20:32:39,2025-08-25
13000002916,2554,1,10,"Excelente botella, mantiene la temperatura",2025-08-26 05:56:40,2025-08-26
13000002917,2322,1,8,,2025-08-26 10:55:05,2025-08-26
13000002918,3276,1,8,,2025-08-26 13:42:49,2025-08-26
13000002919,3273,1,7,Podría mejorar el empaque,2025-08-26 18:13:15,2025-08-26
13000002920,895,1,8,,2025-08-26 19:06:18,2025-08-26
13000002921,2933,1,10,Muy conforme con la calidad,2025-08-27 10:03:17,2025-08-27
13000002922,715,1,8,,2025-08-27 14:03:53,2025-08-27
13000002923,1188,1,10,,2025-08-27 14:54:25,2025-08-27
13000002924,1557,1,9,,2025-08-27 16:50:54,2025-08-27
13000002925,2872,2,7,,2025-08-28 04:56:28,2025-08-28
13000002926,1855,1,10,"Excelente botella, mantiene la temperatura",2025-08-28 08:36:54,2025-08-28
13000002927,,1,10,,2025-08-28 10:13:57,2025-08-28
13000002928,2216,2,9,Muy buena atención en la tienda,2025-08-28 10:16:30,2025-08-28
13000002929,2638,1,8,,2025-08-28 11:20:04,2025-08-28
13000002930,2658,1,6,,2025-08-28 11:52:58,2025-08-28
13000002931,1654,1,10,Entrega rápida y producto excelente,2025-08-28 12:42:04,2025-08-28
13000002932,2402,1,6,Llegó con la caja dañada,2025-08-28 14:26:59,2025-08-28
13000002933,829,2,6,La tapa pierde líquido,2025-08-28 15:07:58,2025-08-28
13000002934,1534,1,5,Llegó con la caja dañada,2025-08-28 16:48:36,2025-08-28
13000002935,3297,1,9,,2025-08-29 11:14:23,2025-08-29
13000002936,2906,1,9,"Excelente botella, mantiene la temperatura",2025-08-29 12:42:18,2025-08-29
13000002937,2399,2,7,"Correcto, sin sorpresas",2025-08-29 13:11:14,2025-08-29
13000002938,3339,2,10,,2025-08-29 13:54:45,2025-08-29
13000002939,1371,1,6,,2025-08-29 16:08:29,2025-08-29
13000002940,3287,1,9,Volvería a comprar,2025-08-29 22:57:20,2025-08-29
13000002941,330,2,8,"Correcto, sin sorpresas",2025-08-30 03:59:06,2025-08-30
13000002942,3345,2,10,,2025-08-30 04:20:28,2025-08-30
13000002943,2059,1,6,Llegó con la caja dañada,2025-08-30 04:51:49,2025-08-30
13000002944,2852,2,9,,2025-08-30 12:54:15,2025-08-30
13000002945,1985,2,10,Muy buena atención en la tienda,2025-08-30 13:33:54,2025-08-30
13000002946,2796,2,8,,2025-08-30 16:12:56,2025-08-30
13000002947,1003,2,7,,2025-08-30 20:04:07,2025-08-30
13000002948,1545,2,8,Me gustaría más variedad de colores,2025-08-31 11:27:46,2025-08-31
13000002949,317,2,7,"Buen producto, un poco caro",2025-08-31 23:26:02,2025-08-31
13000002950,2803,1,8,,2025-09-01 12:53:59,2025-09-01
13000002951,,1,6,,2025-09-01 17:16:45,2025-09-01
13000002952,2899,1,4,El envío demoró y nadie me avisó,2025-09-01 20:13:14,2025-09-01
13000002953,3296,1,7,,2025-09-01 22:27:00,2025-09-01
13000002954,3304,1,7,,2025-09-02 11:18:49,2025-09-02
13000002955,3300,1,10,Muy conforme con la calidad,2025-09-02 13:59:46,2025-09-02
13000002956,1667,1,7,,2025-09-02 16:16:39,2025-09-02
13000002957,3299,1,10,Volvería a comprar,2025-09-02 19:06:36,2025-09-02
13000002958,411,1,9,,2025-09-03 10:56:35,2025-09-03
13000002959,2060,1,9,Muy conforme con la calidad,2025-09-03 10:59:13,2025-09-03
13000002960,2716,1,7,"Correcto, sin sorpresas",2025-09-03 15:11:40,2025-09-03
13000002961,1089,2,10,Todo perfecto,2025-09-03 15:18:34,2025-09-03
13000002962,3313,1,7,"Correcto, sin sorpresas",2025-09-03 18:54:45,2025-09-03
13000002963,308,1,9,,2025-09-03 19:56:51,2025-09-03
13000002964,2180,1,9,Entrega rápida y producto excelente,2025-09-04 00:13:58,2025-09-04
13000002965,2742,1,8,Podría mejorar el empaque,2025-09-04 10:25:10,2025-09-04
13000002966,1852,1,9,Entrega rápida y producto excelente,2025-09-04 10:57:01,2025-09-04
13000002967,3329,1,10,,2025-09-04 14:46:52,2025-09-04
13000002968,578,1,8,,2025-09-04 19:28:22,2025-09-04
13000002969,3030,1,10,Todo perfecto,2025-09-05 00:36:55,2025-09-05
13000002970,2141,1,7,La entrega podría ser más rápida,2025-09-05 14:01:49,2025-09-05
13000002971,2476,1,8,Podría mejorar el empaque,2025-09-05 15:47:13,2025-09-05
13000002972,2190,1,8,La entrega podría ser más rápida,2025-09-05 19:36:02,2025-09-05
13000002973,3328,1,10,Entrega rápida y producto excelente,2025-09-06 06:22:13,2025-09-06
13000002974,3317,1,10,Entrega rápida y producto excelente,2025-09-06 08:02:27,2025-09-06
13000002975,1679,1,9,Entrega rápida y producto excelente,2025-09-06 08:11:25,2025-09-06
13000002976,1489,2,8,"Correcto, sin sorpresas",2025-09-06 11:31:46,2025-09-06
13000002977,3239,2,7,Me gustaría más variedad de colores,2025-09-07 10:00:00,2025-09-07
13000002978,3381,2,8,,2025-09-07 10:09:04,2025-09-07
13000002979,1499,2,10,Volvería a comprar,2025-09-07 11:01:07,2025-09-07
13000002980,2486,2,8,Me gustaría más variedad de colores,2025-09-07 18:42:47,2025-09-07
13000002981,3383,2,4,Tuve que devolverlo,2025-09-07 19:55:15,2025-09-07
13000002982,1929,1,7,"Correcto, sin sorpresas",2025-09-08 12:24:55,2025-09-08
13000002983,,1,6,La tapa pierde líquido,2025-09-08 14:21:23,2025-09-08
13000002984,1046,1,9,Entrega rápida y producto excelente,2025-09-08 15:18:31,2025-09-08
13000002985,3337,1,10,Volvería a comprar,2025-09-09 04:50:31,2025-09-09
13000002986,3348,1,4,Llegó con la caja dañada,2025-09-09 07:02:06,2025-09-09
13000002987,3358,1,8,,2025-09-09 11:07:30,2025-09-09
13000002988,1660,1,9,,2025-09-09 11:10:44,2025-09-09
13000002989,1583,2,10,Todo perfecto,2025-09-09 14:35:46,2025-09-09
13000002990,1517,1,6,La tapa pierde líquido,2025-09-09 16:48:42,2025-09-09
13000002991,526,1,6,No cumplió mis expectativas,2025-09-09 20:20:29,2025-09-09
13000002992,,2,10,Muy buena atención en la tienda,2025-09-09 23:20:34,2025-09-09
13000002993,3334,1,7,,2025-09-10 10:03:47,2025-09-10
13000002994,2671,2,9,Muy buena atención en la tienda,2025-09-10 10:30:40,2025-09-10
13000002995,1992,1,9,Todo perfecto,2025-09-10 11:16:14,2025-09-10
13000002996,2715,1,8,La entrega podría ser más rápida,2025-09-10 14:54:19,2025-09-10
13000002997,671,1,10,Todo perfecto,2025-09-10 16:10:18,2025-09-10
13000002998,3344,1,9,,2025-09-10 21:56:25,2025-09-10
13000002999,3365,1,9,,2025-09-11 17:41:13,2025-09-11
13000003000,249,1,9,Muy conforme con la calidad,2025-09-11 19:55:00,2025-09-11
13000003001,2672,1,8,Me gustaría más variedad de colores,2025-09-11 21:19:58,2025-09-11
13000003002,1196,2,7,,2025-09-12 11:43:36,2025-09-12
13000003003,427,2,4,No cumplió mis expectativas,2025-09-12 12:58:59,2025-09-12
13000003004,513,1,10,Todo perfecto,2025-09-12 14:53:32,2025-09-12
13000003005,2357,1,6,Llegó con la caja dañada,2025-09-12 15:11:53,2025-09-12
13000003006,3359,1,10,,2025-09-13 00:37:54,2025-09-13
13000003007,,2,8,,2025-09-15 01:51:18,2025-09-15
13000003008,2994,1,8,,2025-09-15 14:58:06,2025-09-15
13000003009,3366,1,10,,2025-09-15 17:59:24,2025-09-15
13000003010,,1,6,,2025-09-16 01:09:54,2025-09-16
13000003011,,1,9,Entrega rápida y producto excelente,2025-09-16 22:48:23,2025-09-16
13000003012,2320,1,10,,2025-09-17 00:45:57,2025-09-17
13000003013,3263,1,9,,2025-09-17 02:15:00,2025-09-17
13000003014,2570,1,6,No cumplió mis expectativas,2025-09-17 10:33:08,2025-09-17
13000003015,2012,1,8,La entrega podría ser más rápida,2025-09-17 11:01:08,2025-09-17
13000003016,3386,1,9,Volvería a comprar,2025-09-17 11:39:39,2025-09-17
13000003017,3384,1,8,La entrega podría ser más rápida,2025-09-17 12:16:27,2025-09-17
13000003018,1627,2,10,Muy buena atención en la tienda,2025-09-17 14:56:50,2025-09-17
13000003019,3418,2,10,,2025-09-17 15:14:49,2025-09-17
13000003020,473,1,10,,2025-09-17 15:31:12,2025-09-17
13000003021,3370,1,7,La entrega podría ser más rápida,2025-09-18 11:03:41,2025-09-18
13000003022,2169,1,8,,2025-09-18 12:18:12,2025-09-18
13000003023,3133,1,10,,2025-09-18 13:01:06,2025-09-18
13000003024,1085,2,10,,2025-09-18 15:36:37,2025-09-18
13000003025,3390,1,6,Llegó con la caja dañada,2025-09-18 16:33:06,2025-09-18
13000003026,3130,1,10,Entrega rápida y producto excelente,2025-09-18 17:14:13,2025-09-18
13000003027,3394,1,9,Todo perfecto,2025-09-19 10:11:29,2025-09-19
13000003028,1855,1,8,,2025-09-19 11:53:00,2025-09-19
13000003029,2598,1,5,,2025-09-19 13:30:47,2025-09-19
13000003030,3400,1,8,Me gustaría más variedad de colores,2025-09-19 14:02:48,2025-09-19
13000003031,1016,1,10,"Excelente botella, mantiene la temperatura",2025-09-19 18:48:09,2025-09-19
13000003032,3368,1,7,"Correcto, sin sorpresas",2025-09-19 18:50:11,2025-09-19
13000003033,3099,1,9,,2025-09-20 02:06:40,2025-09-20
13000003034,2936,1,6,La tapa pierde líquido,2025-09-20 03:20:33,2025-09-20
13000003035,1920,1,9,,2025-09-20 03:42:04,2025-09-20
13000003036,3385,1,4,Llegó con la caja dañada,2025-09-20 04:21:22,2025-09-20
13000003037,3190,1,9,,2025-09-20 07:42:55,2025-09-20
13000003038,,1,6,La tapa pierde líquido,2025-09-22 10:10:14,2025-09-22
13000003039,3402,1,5,Llegó con la caja dañada,2025-09-22 11:50:21,2025-09-22
13000003040,2950,1,6,Llegó con la caja dañada,2025-09-22 18:07:51,2025-09-22
13000003041,2489,2,7,"Correcto, sin sorpresas",2025-09-22 22:07:30,2025-09-22
13000003042,2811,2,9,Muy buena atención en la tienda,2025-09-22 22:25:52,2025-09-22
13000003043,30,1,8,La entrega podría ser más rápida,2025-09-23 10:31:44,2025-09-23
13000003044,3436,2,8,,2025-09-23 11:20:38,2025-09-23
13000003045,1360,1,7,,2025-09-23 11:56:59,2025-09-23
13000003046,1851,1,4,,2025-09-23 12:47:13,2025-09-23
13000003047,3417,1,9,Muy conforme con la calidad,2025-09-23 12:59:26,2025-09-23
13000003048,475,1,8,,2025-09-23 13:52:15,2025-09-23
13000003049,2771,1,8,,2025-09-23 14:22:52,2025-09-23
13000003050,1973,1,6,Llegó con la caja dañada,2025-09-23 14:26:49,2025-09-23
13000003051,,1,6,No cumplió mis expectativas,2025-09-23 17:08:03,2025-09-23
13000003052,3188,1,9,Volvería a comprar,2025-09-23 19:23:55,2025-09-23
13000003053,1747,2,9,,2025-09-23 19:45:14,2025-09-23
13000003054,3401,1,4,La tapa pierde líquido,2025-09-23 23:29:36,2025-09-23
13000003055,1780,1,9,Volvería a comprar,2025-09-24 13:57:56,2025-09-24
13000003056,2270,1,9,"Excelente botella, mantiene la temperatura",2025-09-24 14:44:54,2025-09-24
13000003057,1001,1,10,Volvería a comprar,2025-09-24 16:50:17,2025-09-24
13000003058,3407,1,9,Entrega rápida y producto excelente,2025-09-24 17:16:28,2025-09-24
13000003059,1422,1,6,Tuve que devolverlo,2025-09-25 01:22:39,2025-09-25
13000003060,3116,2,10,Muy buena atención en la tienda,2025-09-25 10:16:06,2025-09-25
13000003061,2526,1,9,"Excelente botella, mantiene la temperatura",2025-09-25 13:01:37,2025-09-25
13000003062,3445,2,8,Podría mejorar el empaque,2025-09-25 13:44:34,2025-09-25
13000003063,2016,1,10,Entrega rápida y producto excelente,2025-09-25 19:08:08,2025-09-25
13000003064,2114,1,10,Entrega rápida y producto excelente,2025-09-25 19:47:44,2025-09-25
13000003065,,1,8,,2025-09-25 23:27:48,2025-09-25
13000003066,1118,1,10,Entrega rápida y producto excelente,2025-09-26 01:07:23,2025-09-26
13000003067,11,1,7,La entrega podría ser más rápida,2025-09-26 10:34:39,2025-09-26
13000003068,3410,1,3,Llegó con la caja dañada,2025-09-26 14:39:56,2025-09-26
13000003069,1302,1,10,Todo perfecto,2025-09-26 15:31:52,2025-09-26
13000003070,2644,1,10,,2025-09-26 15:40:28,2025-09-26
13000003071,951,1,7,,2025-09-26 18:39:24,2025-09-26
13000003072,2891,1,9,Entrega rápida y producto excelente,2025-09-27 06:44:52,2025-09-27
13000003073,3291,2,9,Muy buena atención en la tienda,2025-09-27 16:10:01,2025-09-27
13000003074,2541,2,8,Me gustaría más variedad de colores,2025-09-28 09:45:09,2025-09-28
13000003075,2744,2,5,Tuve que esperar mucho en la caja,2025-09-28 16:58:51,2025-09-28
13000003076,160,2,8,Me gustaría más variedad de colores,2025-09-29 03:35:51,2025-09-29
13000003077,2499,2,8,,2025-09-29 05:26:13,2025-09-29
13000003078,,1,9,,2025-09-29 10:08:52,2025-09-29
13000003079,941,1,6,,2025-09-29 13:14:04,2025-09-29
13000003080,1855,1,8,La entrega podría ser más rápida,2025-09-30 12:36:39,2025-09-30
13000003081,3464,2,8,,2025-09-30 13:47:45,2025-09-30
13000003082,2243,2,9,Muy buena atención en la tienda,2025-09-30 23:08:58,2025-09-30
